Simulator report for lab5
Tue Nov 11 10:18:04 2025
Quartus II 32-bit Version 13.0.1 Build 232 06/12/2013 Service Pack 1 SJ Full Version


---------------------
; Table of Contents ;
---------------------
  1. Legal Notice
  2. Simulator Summary
  3. Simulator Settings
  4. Simulation Waveforms
  5. Coverage Summary
  6. Complete 1/0-Value Coverage
  7. Missing 1-Value Coverage
  8. Missing 0-Value Coverage
  9. Simulator INI Usage
 10. Simulator Messages



----------------
; Legal Notice ;
----------------
Copyright (C) 1991-2013 Altera Corporation
Your use of Altera Corporation's design tools, logic functions 
and other software and tools, and its AMPP partner logic 
functions, and any output files from any of the foregoing 
(including device programming or simulation files), and any 
associated documentation or information are expressly subject 
to the terms and conditions of the Altera Program License 
Subscription Agreement, Altera MegaCore Function License 
Agreement, or other applicable license agreement, including, 
without limitation, that your use is for the sole purpose of 
programming logic devices manufactured by Altera and sold by 
Altera or its authorized distributors.  Please refer to the 
applicable agreement for further details.



+--------------------------------------------+
; Simulator Summary                          ;
+-----------------------------+--------------+
; Type                        ; Value        ;
+-----------------------------+--------------+
; Simulation Start Time       ; 0 ps         ;
; Simulation End Time         ; 1.0 us       ;
; Simulation Netlist Size     ; 2143 nodes   ;
; Simulation Coverage         ;      69.11 % ;
; Total Number of Transitions ; 7323         ;
; Simulation Breakpoints      ; 0            ;
; Family                      ; Cyclone II   ;
+-----------------------------+--------------+


+------------------------------------------------------------------------------------------------------------------------------------------------------------------------------------+
; Simulator Settings                                                                                                                                                                 ;
+--------------------------------------------------------------------------------------------+-----------------------------------------------------------------------+---------------+
; Option                                                                                     ; Setting                                                               ; Default Value ;
+--------------------------------------------------------------------------------------------+-----------------------------------------------------------------------+---------------+
; Simulation mode                                                                            ; Functional                                                            ; Timing        ;
; Start time                                                                                 ; 0 ns                                                                  ; 0 ns          ;
; Simulation results format                                                                  ; VWF                                                                   ;               ;
; Vector input source                                                                        ; /home/student1/t2hsiung/Desktop/coe328/Lab 5/lab5/WaveformForLab5.vwf ;               ;
; Add pins automatically to simulation output waveforms                                      ; On                                                                    ; On            ;
; Check outputs                                                                              ; Off                                                                   ; Off           ;
; Report simulation coverage                                                                 ; On                                                                    ; On            ;
; Display complete 1/0 value coverage report                                                 ; On                                                                    ; On            ;
; Display missing 1-value coverage report                                                    ; On                                                                    ; On            ;
; Display missing 0-value coverage report                                                    ; On                                                                    ; On            ;
; Detect setup and hold time violations                                                      ; Off                                                                   ; Off           ;
; Detect glitches                                                                            ; Off                                                                   ; Off           ;
; Disable timing delays in Timing Simulation                                                 ; Off                                                                   ; Off           ;
; Generate Signal Activity File                                                              ; Off                                                                   ; Off           ;
; Generate VCD File for PowerPlay Power Analyzer                                             ; Off                                                                   ; Off           ;
; Group bus channels in simulation results                                                   ; Off                                                                   ; Off           ;
; Preserve fewer signal transitions to reduce memory requirements                            ; On                                                                    ; On            ;
; Trigger vector comparison with the specified mode                                          ; INPUT_EDGE                                                            ; INPUT_EDGE    ;
; Disable setup and hold time violations detection in input registers of bi-directional pins ; Off                                                                   ; Off           ;
; Overwrite Waveform Inputs With Simulation Outputs                                          ; Off                                                                   ;               ;
; Perform Glitch Filtering in Timing Simulation                                              ; Auto                                                                  ; Auto          ;
+--------------------------------------------------------------------------------------------+-----------------------------------------------------------------------+---------------+


+----------------------+
; Simulation Waveforms ;
+----------------------+
Waveform report data cannot be output to ASCII.
Please use Quartus II 32-bit to view the waveform report data.


+--------------------------------------------------------------------+
; Coverage Summary                                                   ;
+-----------------------------------------------------+--------------+
; Type                                                ; Value        ;
+-----------------------------------------------------+--------------+
; Total coverage as a percentage                      ;      69.11 % ;
; Total nodes checked                                 ; 2143         ;
; Total output ports checked                          ; 2143         ;
; Total output ports with complete 1/0-value coverage ; 1481         ;
; Total output ports with no 1/0-value coverage       ; 662          ;
; Total output ports with no 1-value coverage         ; 662          ;
; Total output ports with no 0-value coverage         ; 662          ;
+-----------------------------------------------------+--------------+


The following table displays output ports that toggle between 1 and 0 during simulation.
+------------------------------------------------------------------------------------------------------------------------------------------------------------------------------+
; Complete 1/0-Value Coverage                                                                                                                                                  ;
+-----------------------------------------------------------------------------+-----------------------------------------------------------------------------+------------------+
; Node Name                                                                   ; Output Port Name                                                            ; Output Port Type ;
+-----------------------------------------------------------------------------+-----------------------------------------------------------------------------+------------------+
; |Lab5block|leds1[0]                                                         ; |Lab5block|leds1[0]                                                         ; pin_out          ;
; |Lab5block|leds1[1]                                                         ; |Lab5block|leds1[1]                                                         ; pin_out          ;
; |Lab5block|leds1[3]                                                         ; |Lab5block|leds1[3]                                                         ; pin_out          ;
; |Lab5block|leds1[4]                                                         ; |Lab5block|leds1[4]                                                         ; pin_out          ;
; |Lab5block|leds1[5]                                                         ; |Lab5block|leds1[5]                                                         ; pin_out          ;
; |Lab5block|leds1[6]                                                         ; |Lab5block|leds1[6]                                                         ; pin_out          ;
; |Lab5block|Clk                                                              ; |Lab5block|Clk                                                              ; out              ;
; |Lab5block|states[0]                                                        ; |Lab5block|states[0]                                                        ; pin_out          ;
; |Lab5block|states[1]                                                        ; |Lab5block|states[1]                                                        ; pin_out          ;
; |Lab5block|states[2]                                                        ; |Lab5block|states[2]                                                        ; pin_out          ;
; |Lab5block|states[3]                                                        ; |Lab5block|states[3]                                                        ; pin_out          ;
; |Lab5block|states[4]                                                        ; |Lab5block|states[4]                                                        ; pin_out          ;
; |Lab5block|states[5]                                                        ; |Lab5block|states[5]                                                        ; pin_out          ;
; |Lab5block|states[6]                                                        ; |Lab5block|states[6]                                                        ; pin_out          ;
; |Lab5block|lab5:inst|yfsm.s0                                                ; |Lab5block|lab5:inst|yfsm.s0                                                ; regout           ;
; |Lab5block|lab5:inst|yfsm.s1                                                ; |Lab5block|lab5:inst|yfsm.s1                                                ; regout           ;
; |Lab5block|lab5:inst|yfsm.s2                                                ; |Lab5block|lab5:inst|yfsm.s2                                                ; regout           ;
; |Lab5block|lab5:inst|yfsm.s3                                                ; |Lab5block|lab5:inst|yfsm.s3                                                ; regout           ;
; |Lab5block|lab5:inst|yfsm.s4                                                ; |Lab5block|lab5:inst|yfsm.s4                                                ; regout           ;
; |Lab5block|lab5:inst|yfsm.s5                                                ; |Lab5block|lab5:inst|yfsm.s5                                                ; regout           ;
; |Lab5block|lab5:inst|yfsm.s6                                                ; |Lab5block|lab5:inst|yfsm.s6                                                ; regout           ;
; |Lab5block|lab5:inst|yfsm.s7                                                ; |Lab5block|lab5:inst|yfsm.s7                                                ; regout           ;
; |Lab5block|lab5:inst|WideOr9                                                ; |Lab5block|lab5:inst|WideOr9                                                ; out0             ;
; |Lab5block|lab5:inst|WideOr10                                               ; |Lab5block|lab5:inst|WideOr10                                               ; out0             ;
; |Lab5block|lab5:inst|WideOr11                                               ; |Lab5block|lab5:inst|WideOr11                                               ; out0             ;
; |Lab5block|lab5:inst|student_id[2]                                          ; |Lab5block|lab5:inst|student_id[2]                                          ; out0             ;
; |Lab5block|lab5:inst|yfsm.s8                                                ; |Lab5block|lab5:inst|yfsm.s8                                                ; regout           ;
; |Lab5block|lab5:inst|student_id~3                                           ; |Lab5block|lab5:inst|student_id~3                                           ; out0             ;
; |Lab5block|lab5:inst|yfsm~0                                                 ; |Lab5block|lab5:inst|yfsm~0                                                 ; out0             ;
; |Lab5block|lab5:inst|Selector0~0                                            ; |Lab5block|lab5:inst|Selector0~0                                            ; out0             ;
; |Lab5block|lab5:inst|WideOr0~0                                              ; |Lab5block|lab5:inst|WideOr0~0                                              ; out0             ;
; |Lab5block|lab5:inst|student_id[1]                                          ; |Lab5block|lab5:inst|student_id[1]                                          ; out0             ;
; |Lab5block|lab5:inst|WideOr0~2                                              ; |Lab5block|lab5:inst|WideOr0~2                                              ; out0             ;
; |Lab5block|lab5:inst|WideOr0~3                                              ; |Lab5block|lab5:inst|WideOr0~3                                              ; out0             ;
; |Lab5block|lab5:inst|Selector0~1                                            ; |Lab5block|lab5:inst|Selector0~1                                            ; out0             ;
; |Lab5block|lab5:inst|student_id[3]                                          ; |Lab5block|lab5:inst|student_id[3]                                          ; out0             ;
; |Lab5block|lab5:inst|WideOr0~5                                              ; |Lab5block|lab5:inst|WideOr0~5                                              ; out0             ;
; |Lab5block|lab5:inst|current_state[3]                                       ; |Lab5block|lab5:inst|current_state[3]                                       ; out0             ;
; |Lab5block|lab5:inst|yfsm~5                                                 ; |Lab5block|lab5:inst|yfsm~5                                                 ; out0             ;
; |Lab5block|lab5:inst|Selector0~2                                            ; |Lab5block|lab5:inst|Selector0~2                                            ; out0             ;
; |Lab5block|lab5:inst|Selector0~3                                            ; |Lab5block|lab5:inst|Selector0~3                                            ; out0             ;
; |Lab5block|lab5:inst|Selector1~0                                            ; |Lab5block|lab5:inst|Selector1~0                                            ; out0             ;
; |Lab5block|lab5:inst|Selector1~1                                            ; |Lab5block|lab5:inst|Selector1~1                                            ; out0             ;
; |Lab5block|lab5:inst|Selector2~0                                            ; |Lab5block|lab5:inst|Selector2~0                                            ; out0             ;
; |Lab5block|lab5:inst|Selector2~1                                            ; |Lab5block|lab5:inst|Selector2~1                                            ; out0             ;
; |Lab5block|lab5:inst|Selector3~0                                            ; |Lab5block|lab5:inst|Selector3~0                                            ; out0             ;
; |Lab5block|lab5:inst|Selector3~1                                            ; |Lab5block|lab5:inst|Selector3~1                                            ; out0             ;
; |Lab5block|lab5:inst|Selector4~0                                            ; |Lab5block|lab5:inst|Selector4~0                                            ; out0             ;
; |Lab5block|lab5:inst|Selector4~2                                            ; |Lab5block|lab5:inst|Selector4~2                                            ; out0             ;
; |Lab5block|lab5:inst|Selector5~0                                            ; |Lab5block|lab5:inst|Selector5~0                                            ; out0             ;
; |Lab5block|lab5:inst|Selector5~1                                            ; |Lab5block|lab5:inst|Selector5~1                                            ; out0             ;
; |Lab5block|lab5:inst|Selector6~0                                            ; |Lab5block|lab5:inst|Selector6~0                                            ; out0             ;
; |Lab5block|lab5:inst|Selector6~1                                            ; |Lab5block|lab5:inst|Selector6~1                                            ; out0             ;
; |Lab5block|lab5:inst|Selector7~0                                            ; |Lab5block|lab5:inst|Selector7~0                                            ; out0             ;
; |Lab5block|lab5:inst|Selector7~1                                            ; |Lab5block|lab5:inst|Selector7~1                                            ; out0             ;
; |Lab5block|lab5:inst|Selector8~0                                            ; |Lab5block|lab5:inst|Selector8~0                                            ; out0             ;
; |Lab5block|lab5:inst|Selector8~2                                            ; |Lab5block|lab5:inst|Selector8~2                                            ; out0             ;
; |Lab5block|sseg1:inst1|lpm_mux:Mux6|mux_joc:auto_generated|_~1              ; |Lab5block|sseg1:inst1|lpm_mux:Mux6|mux_joc:auto_generated|_~1              ; out0             ;
; |Lab5block|sseg1:inst1|lpm_mux:Mux6|mux_joc:auto_generated|_~3              ; |Lab5block|sseg1:inst1|lpm_mux:Mux6|mux_joc:auto_generated|_~3              ; out0             ;
; |Lab5block|sseg1:inst1|lpm_mux:Mux6|mux_joc:auto_generated|_~6              ; |Lab5block|sseg1:inst1|lpm_mux:Mux6|mux_joc:auto_generated|_~6              ; out0             ;
; |Lab5block|sseg1:inst1|lpm_mux:Mux6|mux_joc:auto_generated|_~7              ; |Lab5block|sseg1:inst1|lpm_mux:Mux6|mux_joc:auto_generated|_~7              ; out0             ;
; |Lab5block|sseg1:inst1|lpm_mux:Mux6|mux_joc:auto_generated|_~8              ; |Lab5block|sseg1:inst1|lpm_mux:Mux6|mux_joc:auto_generated|_~8              ; out0             ;
; |Lab5block|sseg1:inst1|lpm_mux:Mux6|mux_joc:auto_generated|_~10             ; |Lab5block|sseg1:inst1|lpm_mux:Mux6|mux_joc:auto_generated|_~10             ; out0             ;
; |Lab5block|sseg1:inst1|lpm_mux:Mux6|mux_joc:auto_generated|_~12             ; |Lab5block|sseg1:inst1|lpm_mux:Mux6|mux_joc:auto_generated|_~12             ; out0             ;
; |Lab5block|sseg1:inst1|lpm_mux:Mux6|mux_joc:auto_generated|_~15             ; |Lab5block|sseg1:inst1|lpm_mux:Mux6|mux_joc:auto_generated|_~15             ; out0             ;
; |Lab5block|sseg1:inst1|lpm_mux:Mux6|mux_joc:auto_generated|_~16             ; |Lab5block|sseg1:inst1|lpm_mux:Mux6|mux_joc:auto_generated|_~16             ; out0             ;
; |Lab5block|sseg1:inst1|lpm_mux:Mux6|mux_joc:auto_generated|_~17             ; |Lab5block|sseg1:inst1|lpm_mux:Mux6|mux_joc:auto_generated|_~17             ; out0             ;
; |Lab5block|sseg1:inst1|lpm_mux:Mux6|mux_joc:auto_generated|_~18             ; |Lab5block|sseg1:inst1|lpm_mux:Mux6|mux_joc:auto_generated|_~18             ; out0             ;
; |Lab5block|sseg1:inst1|lpm_mux:Mux6|mux_joc:auto_generated|_~19             ; |Lab5block|sseg1:inst1|lpm_mux:Mux6|mux_joc:auto_generated|_~19             ; out0             ;
; |Lab5block|sseg1:inst1|lpm_mux:Mux6|mux_joc:auto_generated|_~20             ; |Lab5block|sseg1:inst1|lpm_mux:Mux6|mux_joc:auto_generated|_~20             ; out0             ;
; |Lab5block|sseg1:inst1|lpm_mux:Mux6|mux_joc:auto_generated|_~22             ; |Lab5block|sseg1:inst1|lpm_mux:Mux6|mux_joc:auto_generated|_~22             ; out0             ;
; |Lab5block|sseg1:inst1|lpm_mux:Mux6|mux_joc:auto_generated|_~23             ; |Lab5block|sseg1:inst1|lpm_mux:Mux6|mux_joc:auto_generated|_~23             ; out0             ;
; |Lab5block|sseg1:inst1|lpm_mux:Mux6|mux_joc:auto_generated|_~24             ; |Lab5block|sseg1:inst1|lpm_mux:Mux6|mux_joc:auto_generated|_~24             ; out0             ;
; |Lab5block|sseg1:inst1|lpm_mux:Mux6|mux_joc:auto_generated|_~25             ; |Lab5block|sseg1:inst1|lpm_mux:Mux6|mux_joc:auto_generated|_~25             ; out0             ;
; |Lab5block|sseg1:inst1|lpm_mux:Mux6|mux_joc:auto_generated|_~26             ; |Lab5block|sseg1:inst1|lpm_mux:Mux6|mux_joc:auto_generated|_~26             ; out0             ;
; |Lab5block|sseg1:inst1|lpm_mux:Mux6|mux_joc:auto_generated|_~27             ; |Lab5block|sseg1:inst1|lpm_mux:Mux6|mux_joc:auto_generated|_~27             ; out0             ;
; |Lab5block|sseg1:inst1|lpm_mux:Mux6|mux_joc:auto_generated|_~29             ; |Lab5block|sseg1:inst1|lpm_mux:Mux6|mux_joc:auto_generated|_~29             ; out0             ;
; |Lab5block|sseg1:inst1|lpm_mux:Mux6|mux_joc:auto_generated|_~30             ; |Lab5block|sseg1:inst1|lpm_mux:Mux6|mux_joc:auto_generated|_~30             ; out0             ;
; |Lab5block|sseg1:inst1|lpm_mux:Mux6|mux_joc:auto_generated|_~31             ; |Lab5block|sseg1:inst1|lpm_mux:Mux6|mux_joc:auto_generated|_~31             ; out0             ;
; |Lab5block|sseg1:inst1|lpm_mux:Mux6|mux_joc:auto_generated|_~32             ; |Lab5block|sseg1:inst1|lpm_mux:Mux6|mux_joc:auto_generated|_~32             ; out0             ;
; |Lab5block|sseg1:inst1|lpm_mux:Mux6|mux_joc:auto_generated|_~33             ; |Lab5block|sseg1:inst1|lpm_mux:Mux6|mux_joc:auto_generated|_~33             ; out0             ;
; |Lab5block|sseg1:inst1|lpm_mux:Mux6|mux_joc:auto_generated|_~34             ; |Lab5block|sseg1:inst1|lpm_mux:Mux6|mux_joc:auto_generated|_~34             ; out0             ;
; |Lab5block|sseg1:inst1|lpm_mux:Mux6|mux_joc:auto_generated|_~35             ; |Lab5block|sseg1:inst1|lpm_mux:Mux6|mux_joc:auto_generated|_~35             ; out0             ;
; |Lab5block|sseg1:inst1|lpm_mux:Mux6|mux_joc:auto_generated|_~36             ; |Lab5block|sseg1:inst1|lpm_mux:Mux6|mux_joc:auto_generated|_~36             ; out0             ;
; |Lab5block|sseg1:inst1|lpm_mux:Mux6|mux_joc:auto_generated|_~38             ; |Lab5block|sseg1:inst1|lpm_mux:Mux6|mux_joc:auto_generated|_~38             ; out0             ;
; |Lab5block|sseg1:inst1|lpm_mux:Mux6|mux_joc:auto_generated|_~39             ; |Lab5block|sseg1:inst1|lpm_mux:Mux6|mux_joc:auto_generated|_~39             ; out0             ;
; |Lab5block|sseg1:inst1|lpm_mux:Mux6|mux_joc:auto_generated|_~40             ; |Lab5block|sseg1:inst1|lpm_mux:Mux6|mux_joc:auto_generated|_~40             ; out0             ;
; |Lab5block|sseg1:inst1|lpm_mux:Mux6|mux_joc:auto_generated|_~41             ; |Lab5block|sseg1:inst1|lpm_mux:Mux6|mux_joc:auto_generated|_~41             ; out0             ;
; |Lab5block|sseg1:inst1|lpm_mux:Mux6|mux_joc:auto_generated|_~42             ; |Lab5block|sseg1:inst1|lpm_mux:Mux6|mux_joc:auto_generated|_~42             ; out0             ;
; |Lab5block|sseg1:inst1|lpm_mux:Mux6|mux_joc:auto_generated|_~43             ; |Lab5block|sseg1:inst1|lpm_mux:Mux6|mux_joc:auto_generated|_~43             ; out0             ;
; |Lab5block|sseg1:inst1|lpm_mux:Mux6|mux_joc:auto_generated|_~44             ; |Lab5block|sseg1:inst1|lpm_mux:Mux6|mux_joc:auto_generated|_~44             ; out0             ;
; |Lab5block|sseg1:inst1|lpm_mux:Mux6|mux_joc:auto_generated|_~45             ; |Lab5block|sseg1:inst1|lpm_mux:Mux6|mux_joc:auto_generated|_~45             ; out0             ;
; |Lab5block|sseg1:inst1|lpm_mux:Mux6|mux_joc:auto_generated|_~46             ; |Lab5block|sseg1:inst1|lpm_mux:Mux6|mux_joc:auto_generated|_~46             ; out0             ;
; |Lab5block|sseg1:inst1|lpm_mux:Mux6|mux_joc:auto_generated|_~48             ; |Lab5block|sseg1:inst1|lpm_mux:Mux6|mux_joc:auto_generated|_~48             ; out0             ;
; |Lab5block|sseg1:inst1|lpm_mux:Mux6|mux_joc:auto_generated|_~50             ; |Lab5block|sseg1:inst1|lpm_mux:Mux6|mux_joc:auto_generated|_~50             ; out0             ;
; |Lab5block|sseg1:inst1|lpm_mux:Mux6|mux_joc:auto_generated|_~52             ; |Lab5block|sseg1:inst1|lpm_mux:Mux6|mux_joc:auto_generated|_~52             ; out0             ;
; |Lab5block|sseg1:inst1|lpm_mux:Mux6|mux_joc:auto_generated|_~57             ; |Lab5block|sseg1:inst1|lpm_mux:Mux6|mux_joc:auto_generated|_~57             ; out0             ;
; |Lab5block|sseg1:inst1|lpm_mux:Mux6|mux_joc:auto_generated|_~59             ; |Lab5block|sseg1:inst1|lpm_mux:Mux6|mux_joc:auto_generated|_~59             ; out0             ;
; |Lab5block|sseg1:inst1|lpm_mux:Mux6|mux_joc:auto_generated|_~61             ; |Lab5block|sseg1:inst1|lpm_mux:Mux6|mux_joc:auto_generated|_~61             ; out0             ;
; |Lab5block|sseg1:inst1|lpm_mux:Mux6|mux_joc:auto_generated|_~64             ; |Lab5block|sseg1:inst1|lpm_mux:Mux6|mux_joc:auto_generated|_~64             ; out0             ;
; |Lab5block|sseg1:inst1|lpm_mux:Mux6|mux_joc:auto_generated|_~65             ; |Lab5block|sseg1:inst1|lpm_mux:Mux6|mux_joc:auto_generated|_~65             ; out0             ;
; |Lab5block|sseg1:inst1|lpm_mux:Mux6|mux_joc:auto_generated|_~68             ; |Lab5block|sseg1:inst1|lpm_mux:Mux6|mux_joc:auto_generated|_~68             ; out0             ;
; |Lab5block|sseg1:inst1|lpm_mux:Mux6|mux_joc:auto_generated|_~69             ; |Lab5block|sseg1:inst1|lpm_mux:Mux6|mux_joc:auto_generated|_~69             ; out0             ;
; |Lab5block|sseg1:inst1|lpm_mux:Mux6|mux_joc:auto_generated|_~70             ; |Lab5block|sseg1:inst1|lpm_mux:Mux6|mux_joc:auto_generated|_~70             ; out0             ;
; |Lab5block|sseg1:inst1|lpm_mux:Mux6|mux_joc:auto_generated|_~71             ; |Lab5block|sseg1:inst1|lpm_mux:Mux6|mux_joc:auto_generated|_~71             ; out0             ;
; |Lab5block|sseg1:inst1|lpm_mux:Mux6|mux_joc:auto_generated|_~72             ; |Lab5block|sseg1:inst1|lpm_mux:Mux6|mux_joc:auto_generated|_~72             ; out0             ;
; |Lab5block|sseg1:inst1|lpm_mux:Mux6|mux_joc:auto_generated|_~73             ; |Lab5block|sseg1:inst1|lpm_mux:Mux6|mux_joc:auto_generated|_~73             ; out0             ;
; |Lab5block|sseg1:inst1|lpm_mux:Mux6|mux_joc:auto_generated|_~74             ; |Lab5block|sseg1:inst1|lpm_mux:Mux6|mux_joc:auto_generated|_~74             ; out0             ;
; |Lab5block|sseg1:inst1|lpm_mux:Mux6|mux_joc:auto_generated|_~75             ; |Lab5block|sseg1:inst1|lpm_mux:Mux6|mux_joc:auto_generated|_~75             ; out0             ;
; |Lab5block|sseg1:inst1|lpm_mux:Mux6|mux_joc:auto_generated|_~76             ; |Lab5block|sseg1:inst1|lpm_mux:Mux6|mux_joc:auto_generated|_~76             ; out0             ;
; |Lab5block|sseg1:inst1|lpm_mux:Mux6|mux_joc:auto_generated|_~77             ; |Lab5block|sseg1:inst1|lpm_mux:Mux6|mux_joc:auto_generated|_~77             ; out0             ;
; |Lab5block|sseg1:inst1|lpm_mux:Mux6|mux_joc:auto_generated|_~79             ; |Lab5block|sseg1:inst1|lpm_mux:Mux6|mux_joc:auto_generated|_~79             ; out0             ;
; |Lab5block|sseg1:inst1|lpm_mux:Mux6|mux_joc:auto_generated|_~80             ; |Lab5block|sseg1:inst1|lpm_mux:Mux6|mux_joc:auto_generated|_~80             ; out0             ;
; |Lab5block|sseg1:inst1|lpm_mux:Mux6|mux_joc:auto_generated|_~81             ; |Lab5block|sseg1:inst1|lpm_mux:Mux6|mux_joc:auto_generated|_~81             ; out0             ;
; |Lab5block|sseg1:inst1|lpm_mux:Mux6|mux_joc:auto_generated|_~82             ; |Lab5block|sseg1:inst1|lpm_mux:Mux6|mux_joc:auto_generated|_~82             ; out0             ;
; |Lab5block|sseg1:inst1|lpm_mux:Mux6|mux_joc:auto_generated|_~83             ; |Lab5block|sseg1:inst1|lpm_mux:Mux6|mux_joc:auto_generated|_~83             ; out0             ;
; |Lab5block|sseg1:inst1|lpm_mux:Mux6|mux_joc:auto_generated|_~84             ; |Lab5block|sseg1:inst1|lpm_mux:Mux6|mux_joc:auto_generated|_~84             ; out0             ;
; |Lab5block|sseg1:inst1|lpm_mux:Mux6|mux_joc:auto_generated|_~85             ; |Lab5block|sseg1:inst1|lpm_mux:Mux6|mux_joc:auto_generated|_~85             ; out0             ;
; |Lab5block|sseg1:inst1|lpm_mux:Mux6|mux_joc:auto_generated|_~86             ; |Lab5block|sseg1:inst1|lpm_mux:Mux6|mux_joc:auto_generated|_~86             ; out0             ;
; |Lab5block|sseg1:inst1|lpm_mux:Mux6|mux_joc:auto_generated|_~88             ; |Lab5block|sseg1:inst1|lpm_mux:Mux6|mux_joc:auto_generated|_~88             ; out0             ;
; |Lab5block|sseg1:inst1|lpm_mux:Mux6|mux_joc:auto_generated|_~89             ; |Lab5block|sseg1:inst1|lpm_mux:Mux6|mux_joc:auto_generated|_~89             ; out0             ;
; |Lab5block|sseg1:inst1|lpm_mux:Mux6|mux_joc:auto_generated|_~90             ; |Lab5block|sseg1:inst1|lpm_mux:Mux6|mux_joc:auto_generated|_~90             ; out0             ;
; |Lab5block|sseg1:inst1|lpm_mux:Mux6|mux_joc:auto_generated|_~91             ; |Lab5block|sseg1:inst1|lpm_mux:Mux6|mux_joc:auto_generated|_~91             ; out0             ;
; |Lab5block|sseg1:inst1|lpm_mux:Mux6|mux_joc:auto_generated|_~92             ; |Lab5block|sseg1:inst1|lpm_mux:Mux6|mux_joc:auto_generated|_~92             ; out0             ;
; |Lab5block|sseg1:inst1|lpm_mux:Mux6|mux_joc:auto_generated|_~93             ; |Lab5block|sseg1:inst1|lpm_mux:Mux6|mux_joc:auto_generated|_~93             ; out0             ;
; |Lab5block|sseg1:inst1|lpm_mux:Mux6|mux_joc:auto_generated|_~94             ; |Lab5block|sseg1:inst1|lpm_mux:Mux6|mux_joc:auto_generated|_~94             ; out0             ;
; |Lab5block|sseg1:inst1|lpm_mux:Mux6|mux_joc:auto_generated|_~95             ; |Lab5block|sseg1:inst1|lpm_mux:Mux6|mux_joc:auto_generated|_~95             ; out0             ;
; |Lab5block|sseg1:inst1|lpm_mux:Mux6|mux_joc:auto_generated|_~96             ; |Lab5block|sseg1:inst1|lpm_mux:Mux6|mux_joc:auto_generated|_~96             ; out0             ;
; |Lab5block|sseg1:inst1|lpm_mux:Mux6|mux_joc:auto_generated|_~98             ; |Lab5block|sseg1:inst1|lpm_mux:Mux6|mux_joc:auto_generated|_~98             ; out0             ;
; |Lab5block|sseg1:inst1|lpm_mux:Mux6|mux_joc:auto_generated|_~100            ; |Lab5block|sseg1:inst1|lpm_mux:Mux6|mux_joc:auto_generated|_~100            ; out0             ;
; |Lab5block|sseg1:inst1|lpm_mux:Mux6|mux_joc:auto_generated|_~102            ; |Lab5block|sseg1:inst1|lpm_mux:Mux6|mux_joc:auto_generated|_~102            ; out0             ;
; |Lab5block|sseg1:inst1|lpm_mux:Mux6|mux_joc:auto_generated|_~107            ; |Lab5block|sseg1:inst1|lpm_mux:Mux6|mux_joc:auto_generated|_~107            ; out0             ;
; |Lab5block|sseg1:inst1|lpm_mux:Mux6|mux_joc:auto_generated|_~109            ; |Lab5block|sseg1:inst1|lpm_mux:Mux6|mux_joc:auto_generated|_~109            ; out0             ;
; |Lab5block|sseg1:inst1|lpm_mux:Mux6|mux_joc:auto_generated|_~111            ; |Lab5block|sseg1:inst1|lpm_mux:Mux6|mux_joc:auto_generated|_~111            ; out0             ;
; |Lab5block|sseg1:inst1|lpm_mux:Mux6|mux_joc:auto_generated|_~114            ; |Lab5block|sseg1:inst1|lpm_mux:Mux6|mux_joc:auto_generated|_~114            ; out0             ;
; |Lab5block|sseg1:inst1|lpm_mux:Mux6|mux_joc:auto_generated|_~115            ; |Lab5block|sseg1:inst1|lpm_mux:Mux6|mux_joc:auto_generated|_~115            ; out0             ;
; |Lab5block|sseg1:inst1|lpm_mux:Mux6|mux_joc:auto_generated|_~118            ; |Lab5block|sseg1:inst1|lpm_mux:Mux6|mux_joc:auto_generated|_~118            ; out0             ;
; |Lab5block|sseg1:inst1|lpm_mux:Mux6|mux_joc:auto_generated|_~119            ; |Lab5block|sseg1:inst1|lpm_mux:Mux6|mux_joc:auto_generated|_~119            ; out0             ;
; |Lab5block|sseg1:inst1|lpm_mux:Mux6|mux_joc:auto_generated|_~120            ; |Lab5block|sseg1:inst1|lpm_mux:Mux6|mux_joc:auto_generated|_~120            ; out0             ;
; |Lab5block|sseg1:inst1|lpm_mux:Mux6|mux_joc:auto_generated|_~121            ; |Lab5block|sseg1:inst1|lpm_mux:Mux6|mux_joc:auto_generated|_~121            ; out0             ;
; |Lab5block|sseg1:inst1|lpm_mux:Mux6|mux_joc:auto_generated|_~122            ; |Lab5block|sseg1:inst1|lpm_mux:Mux6|mux_joc:auto_generated|_~122            ; out0             ;
; |Lab5block|sseg1:inst1|lpm_mux:Mux6|mux_joc:auto_generated|_~124            ; |Lab5block|sseg1:inst1|lpm_mux:Mux6|mux_joc:auto_generated|_~124            ; out0             ;
; |Lab5block|sseg1:inst1|lpm_mux:Mux6|mux_joc:auto_generated|_~127            ; |Lab5block|sseg1:inst1|lpm_mux:Mux6|mux_joc:auto_generated|_~127            ; out0             ;
; |Lab5block|sseg1:inst1|lpm_mux:Mux6|mux_joc:auto_generated|_~128            ; |Lab5block|sseg1:inst1|lpm_mux:Mux6|mux_joc:auto_generated|_~128            ; out0             ;
; |Lab5block|sseg1:inst1|lpm_mux:Mux6|mux_joc:auto_generated|_~129            ; |Lab5block|sseg1:inst1|lpm_mux:Mux6|mux_joc:auto_generated|_~129            ; out0             ;
; |Lab5block|sseg1:inst1|lpm_mux:Mux6|mux_joc:auto_generated|_~130            ; |Lab5block|sseg1:inst1|lpm_mux:Mux6|mux_joc:auto_generated|_~130            ; out0             ;
; |Lab5block|sseg1:inst1|lpm_mux:Mux6|mux_joc:auto_generated|_~131            ; |Lab5block|sseg1:inst1|lpm_mux:Mux6|mux_joc:auto_generated|_~131            ; out0             ;
; |Lab5block|sseg1:inst1|lpm_mux:Mux6|mux_joc:auto_generated|_~133            ; |Lab5block|sseg1:inst1|lpm_mux:Mux6|mux_joc:auto_generated|_~133            ; out0             ;
; |Lab5block|sseg1:inst1|lpm_mux:Mux6|mux_joc:auto_generated|_~136            ; |Lab5block|sseg1:inst1|lpm_mux:Mux6|mux_joc:auto_generated|_~136            ; out0             ;
; |Lab5block|sseg1:inst1|lpm_mux:Mux6|mux_joc:auto_generated|_~137            ; |Lab5block|sseg1:inst1|lpm_mux:Mux6|mux_joc:auto_generated|_~137            ; out0             ;
; |Lab5block|sseg1:inst1|lpm_mux:Mux6|mux_joc:auto_generated|_~138            ; |Lab5block|sseg1:inst1|lpm_mux:Mux6|mux_joc:auto_generated|_~138            ; out0             ;
; |Lab5block|sseg1:inst1|lpm_mux:Mux6|mux_joc:auto_generated|_~139            ; |Lab5block|sseg1:inst1|lpm_mux:Mux6|mux_joc:auto_generated|_~139            ; out0             ;
; |Lab5block|sseg1:inst1|lpm_mux:Mux6|mux_joc:auto_generated|_~140            ; |Lab5block|sseg1:inst1|lpm_mux:Mux6|mux_joc:auto_generated|_~140            ; out0             ;
; |Lab5block|sseg1:inst1|lpm_mux:Mux6|mux_joc:auto_generated|_~141            ; |Lab5block|sseg1:inst1|lpm_mux:Mux6|mux_joc:auto_generated|_~141            ; out0             ;
; |Lab5block|sseg1:inst1|lpm_mux:Mux6|mux_joc:auto_generated|_~142            ; |Lab5block|sseg1:inst1|lpm_mux:Mux6|mux_joc:auto_generated|_~142            ; out0             ;
; |Lab5block|sseg1:inst1|lpm_mux:Mux6|mux_joc:auto_generated|_~143            ; |Lab5block|sseg1:inst1|lpm_mux:Mux6|mux_joc:auto_generated|_~143            ; out0             ;
; |Lab5block|sseg1:inst1|lpm_mux:Mux6|mux_joc:auto_generated|result_node[0]~1 ; |Lab5block|sseg1:inst1|lpm_mux:Mux6|mux_joc:auto_generated|result_node[0]~1 ; out0             ;
; |Lab5block|sseg1:inst1|lpm_mux:Mux6|mux_joc:auto_generated|result_node[0]   ; |Lab5block|sseg1:inst1|lpm_mux:Mux6|mux_joc:auto_generated|result_node[0]   ; out0             ;
; |Lab5block|sseg1:inst1|lpm_mux:Mux5|mux_joc:auto_generated|_~1              ; |Lab5block|sseg1:inst1|lpm_mux:Mux5|mux_joc:auto_generated|_~1              ; out0             ;
; |Lab5block|sseg1:inst1|lpm_mux:Mux5|mux_joc:auto_generated|_~3              ; |Lab5block|sseg1:inst1|lpm_mux:Mux5|mux_joc:auto_generated|_~3              ; out0             ;
; |Lab5block|sseg1:inst1|lpm_mux:Mux5|mux_joc:auto_generated|_~6              ; |Lab5block|sseg1:inst1|lpm_mux:Mux5|mux_joc:auto_generated|_~6              ; out0             ;
; |Lab5block|sseg1:inst1|lpm_mux:Mux5|mux_joc:auto_generated|_~7              ; |Lab5block|sseg1:inst1|lpm_mux:Mux5|mux_joc:auto_generated|_~7              ; out0             ;
; |Lab5block|sseg1:inst1|lpm_mux:Mux5|mux_joc:auto_generated|_~8              ; |Lab5block|sseg1:inst1|lpm_mux:Mux5|mux_joc:auto_generated|_~8              ; out0             ;
; |Lab5block|sseg1:inst1|lpm_mux:Mux5|mux_joc:auto_generated|_~10             ; |Lab5block|sseg1:inst1|lpm_mux:Mux5|mux_joc:auto_generated|_~10             ; out0             ;
; |Lab5block|sseg1:inst1|lpm_mux:Mux5|mux_joc:auto_generated|_~12             ; |Lab5block|sseg1:inst1|lpm_mux:Mux5|mux_joc:auto_generated|_~12             ; out0             ;
; |Lab5block|sseg1:inst1|lpm_mux:Mux5|mux_joc:auto_generated|_~15             ; |Lab5block|sseg1:inst1|lpm_mux:Mux5|mux_joc:auto_generated|_~15             ; out0             ;
; |Lab5block|sseg1:inst1|lpm_mux:Mux5|mux_joc:auto_generated|_~16             ; |Lab5block|sseg1:inst1|lpm_mux:Mux5|mux_joc:auto_generated|_~16             ; out0             ;
; |Lab5block|sseg1:inst1|lpm_mux:Mux5|mux_joc:auto_generated|_~17             ; |Lab5block|sseg1:inst1|lpm_mux:Mux5|mux_joc:auto_generated|_~17             ; out0             ;
; |Lab5block|sseg1:inst1|lpm_mux:Mux5|mux_joc:auto_generated|_~18             ; |Lab5block|sseg1:inst1|lpm_mux:Mux5|mux_joc:auto_generated|_~18             ; out0             ;
; |Lab5block|sseg1:inst1|lpm_mux:Mux5|mux_joc:auto_generated|_~19             ; |Lab5block|sseg1:inst1|lpm_mux:Mux5|mux_joc:auto_generated|_~19             ; out0             ;
; |Lab5block|sseg1:inst1|lpm_mux:Mux5|mux_joc:auto_generated|_~20             ; |Lab5block|sseg1:inst1|lpm_mux:Mux5|mux_joc:auto_generated|_~20             ; out0             ;
; |Lab5block|sseg1:inst1|lpm_mux:Mux5|mux_joc:auto_generated|_~23             ; |Lab5block|sseg1:inst1|lpm_mux:Mux5|mux_joc:auto_generated|_~23             ; out0             ;
; |Lab5block|sseg1:inst1|lpm_mux:Mux5|mux_joc:auto_generated|_~24             ; |Lab5block|sseg1:inst1|lpm_mux:Mux5|mux_joc:auto_generated|_~24             ; out0             ;
; |Lab5block|sseg1:inst1|lpm_mux:Mux5|mux_joc:auto_generated|_~25             ; |Lab5block|sseg1:inst1|lpm_mux:Mux5|mux_joc:auto_generated|_~25             ; out0             ;
; |Lab5block|sseg1:inst1|lpm_mux:Mux5|mux_joc:auto_generated|_~26             ; |Lab5block|sseg1:inst1|lpm_mux:Mux5|mux_joc:auto_generated|_~26             ; out0             ;
; |Lab5block|sseg1:inst1|lpm_mux:Mux5|mux_joc:auto_generated|_~28             ; |Lab5block|sseg1:inst1|lpm_mux:Mux5|mux_joc:auto_generated|_~28             ; out0             ;
; |Lab5block|sseg1:inst1|lpm_mux:Mux5|mux_joc:auto_generated|_~29             ; |Lab5block|sseg1:inst1|lpm_mux:Mux5|mux_joc:auto_generated|_~29             ; out0             ;
; |Lab5block|sseg1:inst1|lpm_mux:Mux5|mux_joc:auto_generated|_~30             ; |Lab5block|sseg1:inst1|lpm_mux:Mux5|mux_joc:auto_generated|_~30             ; out0             ;
; |Lab5block|sseg1:inst1|lpm_mux:Mux5|mux_joc:auto_generated|_~32             ; |Lab5block|sseg1:inst1|lpm_mux:Mux5|mux_joc:auto_generated|_~32             ; out0             ;
; |Lab5block|sseg1:inst1|lpm_mux:Mux5|mux_joc:auto_generated|_~33             ; |Lab5block|sseg1:inst1|lpm_mux:Mux5|mux_joc:auto_generated|_~33             ; out0             ;
; |Lab5block|sseg1:inst1|lpm_mux:Mux5|mux_joc:auto_generated|_~34             ; |Lab5block|sseg1:inst1|lpm_mux:Mux5|mux_joc:auto_generated|_~34             ; out0             ;
; |Lab5block|sseg1:inst1|lpm_mux:Mux5|mux_joc:auto_generated|_~35             ; |Lab5block|sseg1:inst1|lpm_mux:Mux5|mux_joc:auto_generated|_~35             ; out0             ;
; |Lab5block|sseg1:inst1|lpm_mux:Mux5|mux_joc:auto_generated|_~37             ; |Lab5block|sseg1:inst1|lpm_mux:Mux5|mux_joc:auto_generated|_~37             ; out0             ;
; |Lab5block|sseg1:inst1|lpm_mux:Mux5|mux_joc:auto_generated|_~38             ; |Lab5block|sseg1:inst1|lpm_mux:Mux5|mux_joc:auto_generated|_~38             ; out0             ;
; |Lab5block|sseg1:inst1|lpm_mux:Mux5|mux_joc:auto_generated|_~39             ; |Lab5block|sseg1:inst1|lpm_mux:Mux5|mux_joc:auto_generated|_~39             ; out0             ;
; |Lab5block|sseg1:inst1|lpm_mux:Mux5|mux_joc:auto_generated|_~41             ; |Lab5block|sseg1:inst1|lpm_mux:Mux5|mux_joc:auto_generated|_~41             ; out0             ;
; |Lab5block|sseg1:inst1|lpm_mux:Mux5|mux_joc:auto_generated|_~42             ; |Lab5block|sseg1:inst1|lpm_mux:Mux5|mux_joc:auto_generated|_~42             ; out0             ;
; |Lab5block|sseg1:inst1|lpm_mux:Mux5|mux_joc:auto_generated|_~43             ; |Lab5block|sseg1:inst1|lpm_mux:Mux5|mux_joc:auto_generated|_~43             ; out0             ;
; |Lab5block|sseg1:inst1|lpm_mux:Mux5|mux_joc:auto_generated|_~44             ; |Lab5block|sseg1:inst1|lpm_mux:Mux5|mux_joc:auto_generated|_~44             ; out0             ;
; |Lab5block|sseg1:inst1|lpm_mux:Mux5|mux_joc:auto_generated|_~45             ; |Lab5block|sseg1:inst1|lpm_mux:Mux5|mux_joc:auto_generated|_~45             ; out0             ;
; |Lab5block|sseg1:inst1|lpm_mux:Mux5|mux_joc:auto_generated|_~46             ; |Lab5block|sseg1:inst1|lpm_mux:Mux5|mux_joc:auto_generated|_~46             ; out0             ;
; |Lab5block|sseg1:inst1|lpm_mux:Mux5|mux_joc:auto_generated|_~48             ; |Lab5block|sseg1:inst1|lpm_mux:Mux5|mux_joc:auto_generated|_~48             ; out0             ;
; |Lab5block|sseg1:inst1|lpm_mux:Mux5|mux_joc:auto_generated|_~50             ; |Lab5block|sseg1:inst1|lpm_mux:Mux5|mux_joc:auto_generated|_~50             ; out0             ;
; |Lab5block|sseg1:inst1|lpm_mux:Mux5|mux_joc:auto_generated|_~52             ; |Lab5block|sseg1:inst1|lpm_mux:Mux5|mux_joc:auto_generated|_~52             ; out0             ;
; |Lab5block|sseg1:inst1|lpm_mux:Mux5|mux_joc:auto_generated|_~57             ; |Lab5block|sseg1:inst1|lpm_mux:Mux5|mux_joc:auto_generated|_~57             ; out0             ;
; |Lab5block|sseg1:inst1|lpm_mux:Mux5|mux_joc:auto_generated|_~59             ; |Lab5block|sseg1:inst1|lpm_mux:Mux5|mux_joc:auto_generated|_~59             ; out0             ;
; |Lab5block|sseg1:inst1|lpm_mux:Mux5|mux_joc:auto_generated|_~61             ; |Lab5block|sseg1:inst1|lpm_mux:Mux5|mux_joc:auto_generated|_~61             ; out0             ;
; |Lab5block|sseg1:inst1|lpm_mux:Mux5|mux_joc:auto_generated|_~64             ; |Lab5block|sseg1:inst1|lpm_mux:Mux5|mux_joc:auto_generated|_~64             ; out0             ;
; |Lab5block|sseg1:inst1|lpm_mux:Mux5|mux_joc:auto_generated|_~65             ; |Lab5block|sseg1:inst1|lpm_mux:Mux5|mux_joc:auto_generated|_~65             ; out0             ;
; |Lab5block|sseg1:inst1|lpm_mux:Mux5|mux_joc:auto_generated|_~68             ; |Lab5block|sseg1:inst1|lpm_mux:Mux5|mux_joc:auto_generated|_~68             ; out0             ;
; |Lab5block|sseg1:inst1|lpm_mux:Mux5|mux_joc:auto_generated|_~69             ; |Lab5block|sseg1:inst1|lpm_mux:Mux5|mux_joc:auto_generated|_~69             ; out0             ;
; |Lab5block|sseg1:inst1|lpm_mux:Mux5|mux_joc:auto_generated|_~70             ; |Lab5block|sseg1:inst1|lpm_mux:Mux5|mux_joc:auto_generated|_~70             ; out0             ;
; |Lab5block|sseg1:inst1|lpm_mux:Mux5|mux_joc:auto_generated|_~71             ; |Lab5block|sseg1:inst1|lpm_mux:Mux5|mux_joc:auto_generated|_~71             ; out0             ;
; |Lab5block|sseg1:inst1|lpm_mux:Mux5|mux_joc:auto_generated|_~73             ; |Lab5block|sseg1:inst1|lpm_mux:Mux5|mux_joc:auto_generated|_~73             ; out0             ;
; |Lab5block|sseg1:inst1|lpm_mux:Mux5|mux_joc:auto_generated|_~74             ; |Lab5block|sseg1:inst1|lpm_mux:Mux5|mux_joc:auto_generated|_~74             ; out0             ;
; |Lab5block|sseg1:inst1|lpm_mux:Mux5|mux_joc:auto_generated|_~75             ; |Lab5block|sseg1:inst1|lpm_mux:Mux5|mux_joc:auto_generated|_~75             ; out0             ;
; |Lab5block|sseg1:inst1|lpm_mux:Mux5|mux_joc:auto_generated|_~76             ; |Lab5block|sseg1:inst1|lpm_mux:Mux5|mux_joc:auto_generated|_~76             ; out0             ;
; |Lab5block|sseg1:inst1|lpm_mux:Mux5|mux_joc:auto_generated|_~78             ; |Lab5block|sseg1:inst1|lpm_mux:Mux5|mux_joc:auto_generated|_~78             ; out0             ;
; |Lab5block|sseg1:inst1|lpm_mux:Mux5|mux_joc:auto_generated|_~79             ; |Lab5block|sseg1:inst1|lpm_mux:Mux5|mux_joc:auto_generated|_~79             ; out0             ;
; |Lab5block|sseg1:inst1|lpm_mux:Mux5|mux_joc:auto_generated|_~80             ; |Lab5block|sseg1:inst1|lpm_mux:Mux5|mux_joc:auto_generated|_~80             ; out0             ;
; |Lab5block|sseg1:inst1|lpm_mux:Mux5|mux_joc:auto_generated|_~82             ; |Lab5block|sseg1:inst1|lpm_mux:Mux5|mux_joc:auto_generated|_~82             ; out0             ;
; |Lab5block|sseg1:inst1|lpm_mux:Mux5|mux_joc:auto_generated|_~83             ; |Lab5block|sseg1:inst1|lpm_mux:Mux5|mux_joc:auto_generated|_~83             ; out0             ;
; |Lab5block|sseg1:inst1|lpm_mux:Mux5|mux_joc:auto_generated|_~84             ; |Lab5block|sseg1:inst1|lpm_mux:Mux5|mux_joc:auto_generated|_~84             ; out0             ;
; |Lab5block|sseg1:inst1|lpm_mux:Mux5|mux_joc:auto_generated|_~85             ; |Lab5block|sseg1:inst1|lpm_mux:Mux5|mux_joc:auto_generated|_~85             ; out0             ;
; |Lab5block|sseg1:inst1|lpm_mux:Mux5|mux_joc:auto_generated|_~87             ; |Lab5block|sseg1:inst1|lpm_mux:Mux5|mux_joc:auto_generated|_~87             ; out0             ;
; |Lab5block|sseg1:inst1|lpm_mux:Mux5|mux_joc:auto_generated|_~88             ; |Lab5block|sseg1:inst1|lpm_mux:Mux5|mux_joc:auto_generated|_~88             ; out0             ;
; |Lab5block|sseg1:inst1|lpm_mux:Mux5|mux_joc:auto_generated|_~89             ; |Lab5block|sseg1:inst1|lpm_mux:Mux5|mux_joc:auto_generated|_~89             ; out0             ;
; |Lab5block|sseg1:inst1|lpm_mux:Mux5|mux_joc:auto_generated|_~91             ; |Lab5block|sseg1:inst1|lpm_mux:Mux5|mux_joc:auto_generated|_~91             ; out0             ;
; |Lab5block|sseg1:inst1|lpm_mux:Mux5|mux_joc:auto_generated|_~92             ; |Lab5block|sseg1:inst1|lpm_mux:Mux5|mux_joc:auto_generated|_~92             ; out0             ;
; |Lab5block|sseg1:inst1|lpm_mux:Mux5|mux_joc:auto_generated|_~93             ; |Lab5block|sseg1:inst1|lpm_mux:Mux5|mux_joc:auto_generated|_~93             ; out0             ;
; |Lab5block|sseg1:inst1|lpm_mux:Mux5|mux_joc:auto_generated|_~94             ; |Lab5block|sseg1:inst1|lpm_mux:Mux5|mux_joc:auto_generated|_~94             ; out0             ;
; |Lab5block|sseg1:inst1|lpm_mux:Mux5|mux_joc:auto_generated|_~95             ; |Lab5block|sseg1:inst1|lpm_mux:Mux5|mux_joc:auto_generated|_~95             ; out0             ;
; |Lab5block|sseg1:inst1|lpm_mux:Mux5|mux_joc:auto_generated|_~96             ; |Lab5block|sseg1:inst1|lpm_mux:Mux5|mux_joc:auto_generated|_~96             ; out0             ;
; |Lab5block|sseg1:inst1|lpm_mux:Mux5|mux_joc:auto_generated|_~98             ; |Lab5block|sseg1:inst1|lpm_mux:Mux5|mux_joc:auto_generated|_~98             ; out0             ;
; |Lab5block|sseg1:inst1|lpm_mux:Mux5|mux_joc:auto_generated|_~100            ; |Lab5block|sseg1:inst1|lpm_mux:Mux5|mux_joc:auto_generated|_~100            ; out0             ;
; |Lab5block|sseg1:inst1|lpm_mux:Mux5|mux_joc:auto_generated|_~102            ; |Lab5block|sseg1:inst1|lpm_mux:Mux5|mux_joc:auto_generated|_~102            ; out0             ;
; |Lab5block|sseg1:inst1|lpm_mux:Mux5|mux_joc:auto_generated|_~107            ; |Lab5block|sseg1:inst1|lpm_mux:Mux5|mux_joc:auto_generated|_~107            ; out0             ;
; |Lab5block|sseg1:inst1|lpm_mux:Mux5|mux_joc:auto_generated|_~109            ; |Lab5block|sseg1:inst1|lpm_mux:Mux5|mux_joc:auto_generated|_~109            ; out0             ;
; |Lab5block|sseg1:inst1|lpm_mux:Mux5|mux_joc:auto_generated|_~111            ; |Lab5block|sseg1:inst1|lpm_mux:Mux5|mux_joc:auto_generated|_~111            ; out0             ;
; |Lab5block|sseg1:inst1|lpm_mux:Mux5|mux_joc:auto_generated|_~114            ; |Lab5block|sseg1:inst1|lpm_mux:Mux5|mux_joc:auto_generated|_~114            ; out0             ;
; |Lab5block|sseg1:inst1|lpm_mux:Mux5|mux_joc:auto_generated|_~115            ; |Lab5block|sseg1:inst1|lpm_mux:Mux5|mux_joc:auto_generated|_~115            ; out0             ;
; |Lab5block|sseg1:inst1|lpm_mux:Mux5|mux_joc:auto_generated|_~118            ; |Lab5block|sseg1:inst1|lpm_mux:Mux5|mux_joc:auto_generated|_~118            ; out0             ;
; |Lab5block|sseg1:inst1|lpm_mux:Mux5|mux_joc:auto_generated|_~119            ; |Lab5block|sseg1:inst1|lpm_mux:Mux5|mux_joc:auto_generated|_~119            ; out0             ;
; |Lab5block|sseg1:inst1|lpm_mux:Mux5|mux_joc:auto_generated|_~120            ; |Lab5block|sseg1:inst1|lpm_mux:Mux5|mux_joc:auto_generated|_~120            ; out0             ;
; |Lab5block|sseg1:inst1|lpm_mux:Mux5|mux_joc:auto_generated|_~122            ; |Lab5block|sseg1:inst1|lpm_mux:Mux5|mux_joc:auto_generated|_~122            ; out0             ;
; |Lab5block|sseg1:inst1|lpm_mux:Mux5|mux_joc:auto_generated|_~123            ; |Lab5block|sseg1:inst1|lpm_mux:Mux5|mux_joc:auto_generated|_~123            ; out0             ;
; |Lab5block|sseg1:inst1|lpm_mux:Mux5|mux_joc:auto_generated|_~124            ; |Lab5block|sseg1:inst1|lpm_mux:Mux5|mux_joc:auto_generated|_~124            ; out0             ;
; |Lab5block|sseg1:inst1|lpm_mux:Mux5|mux_joc:auto_generated|_~125            ; |Lab5block|sseg1:inst1|lpm_mux:Mux5|mux_joc:auto_generated|_~125            ; out0             ;
; |Lab5block|sseg1:inst1|lpm_mux:Mux5|mux_joc:auto_generated|_~127            ; |Lab5block|sseg1:inst1|lpm_mux:Mux5|mux_joc:auto_generated|_~127            ; out0             ;
; |Lab5block|sseg1:inst1|lpm_mux:Mux5|mux_joc:auto_generated|_~128            ; |Lab5block|sseg1:inst1|lpm_mux:Mux5|mux_joc:auto_generated|_~128            ; out0             ;
; |Lab5block|sseg1:inst1|lpm_mux:Mux5|mux_joc:auto_generated|_~129            ; |Lab5block|sseg1:inst1|lpm_mux:Mux5|mux_joc:auto_generated|_~129            ; out0             ;
; |Lab5block|sseg1:inst1|lpm_mux:Mux5|mux_joc:auto_generated|_~131            ; |Lab5block|sseg1:inst1|lpm_mux:Mux5|mux_joc:auto_generated|_~131            ; out0             ;
; |Lab5block|sseg1:inst1|lpm_mux:Mux5|mux_joc:auto_generated|_~132            ; |Lab5block|sseg1:inst1|lpm_mux:Mux5|mux_joc:auto_generated|_~132            ; out0             ;
; |Lab5block|sseg1:inst1|lpm_mux:Mux5|mux_joc:auto_generated|_~133            ; |Lab5block|sseg1:inst1|lpm_mux:Mux5|mux_joc:auto_generated|_~133            ; out0             ;
; |Lab5block|sseg1:inst1|lpm_mux:Mux5|mux_joc:auto_generated|_~134            ; |Lab5block|sseg1:inst1|lpm_mux:Mux5|mux_joc:auto_generated|_~134            ; out0             ;
; |Lab5block|sseg1:inst1|lpm_mux:Mux5|mux_joc:auto_generated|_~136            ; |Lab5block|sseg1:inst1|lpm_mux:Mux5|mux_joc:auto_generated|_~136            ; out0             ;
; |Lab5block|sseg1:inst1|lpm_mux:Mux5|mux_joc:auto_generated|_~137            ; |Lab5block|sseg1:inst1|lpm_mux:Mux5|mux_joc:auto_generated|_~137            ; out0             ;
; |Lab5block|sseg1:inst1|lpm_mux:Mux5|mux_joc:auto_generated|_~138            ; |Lab5block|sseg1:inst1|lpm_mux:Mux5|mux_joc:auto_generated|_~138            ; out0             ;
; |Lab5block|sseg1:inst1|lpm_mux:Mux5|mux_joc:auto_generated|_~139            ; |Lab5block|sseg1:inst1|lpm_mux:Mux5|mux_joc:auto_generated|_~139            ; out0             ;
; |Lab5block|sseg1:inst1|lpm_mux:Mux5|mux_joc:auto_generated|_~140            ; |Lab5block|sseg1:inst1|lpm_mux:Mux5|mux_joc:auto_generated|_~140            ; out0             ;
; |Lab5block|sseg1:inst1|lpm_mux:Mux5|mux_joc:auto_generated|_~141            ; |Lab5block|sseg1:inst1|lpm_mux:Mux5|mux_joc:auto_generated|_~141            ; out0             ;
; |Lab5block|sseg1:inst1|lpm_mux:Mux5|mux_joc:auto_generated|_~142            ; |Lab5block|sseg1:inst1|lpm_mux:Mux5|mux_joc:auto_generated|_~142            ; out0             ;
; |Lab5block|sseg1:inst1|lpm_mux:Mux5|mux_joc:auto_generated|result_node[0]~1 ; |Lab5block|sseg1:inst1|lpm_mux:Mux5|mux_joc:auto_generated|result_node[0]~1 ; out0             ;
; |Lab5block|sseg1:inst1|lpm_mux:Mux5|mux_joc:auto_generated|result_node[0]   ; |Lab5block|sseg1:inst1|lpm_mux:Mux5|mux_joc:auto_generated|result_node[0]   ; out0             ;
; |Lab5block|sseg1:inst1|lpm_mux:Mux4|mux_joc:auto_generated|_~0              ; |Lab5block|sseg1:inst1|lpm_mux:Mux4|mux_joc:auto_generated|_~0              ; out0             ;
; |Lab5block|sseg1:inst1|lpm_mux:Mux4|mux_joc:auto_generated|_~1              ; |Lab5block|sseg1:inst1|lpm_mux:Mux4|mux_joc:auto_generated|_~1              ; out0             ;
; |Lab5block|sseg1:inst1|lpm_mux:Mux4|mux_joc:auto_generated|_~2              ; |Lab5block|sseg1:inst1|lpm_mux:Mux4|mux_joc:auto_generated|_~2              ; out0             ;
; |Lab5block|sseg1:inst1|lpm_mux:Mux4|mux_joc:auto_generated|_~3              ; |Lab5block|sseg1:inst1|lpm_mux:Mux4|mux_joc:auto_generated|_~3              ; out0             ;
; |Lab5block|sseg1:inst1|lpm_mux:Mux4|mux_joc:auto_generated|_~4              ; |Lab5block|sseg1:inst1|lpm_mux:Mux4|mux_joc:auto_generated|_~4              ; out0             ;
; |Lab5block|sseg1:inst1|lpm_mux:Mux4|mux_joc:auto_generated|_~6              ; |Lab5block|sseg1:inst1|lpm_mux:Mux4|mux_joc:auto_generated|_~6              ; out0             ;
; |Lab5block|sseg1:inst1|lpm_mux:Mux4|mux_joc:auto_generated|_~7              ; |Lab5block|sseg1:inst1|lpm_mux:Mux4|mux_joc:auto_generated|_~7              ; out0             ;
; |Lab5block|sseg1:inst1|lpm_mux:Mux4|mux_joc:auto_generated|_~8              ; |Lab5block|sseg1:inst1|lpm_mux:Mux4|mux_joc:auto_generated|_~8              ; out0             ;
; |Lab5block|sseg1:inst1|lpm_mux:Mux4|mux_joc:auto_generated|_~9              ; |Lab5block|sseg1:inst1|lpm_mux:Mux4|mux_joc:auto_generated|_~9              ; out0             ;
; |Lab5block|sseg1:inst1|lpm_mux:Mux4|mux_joc:auto_generated|_~10             ; |Lab5block|sseg1:inst1|lpm_mux:Mux4|mux_joc:auto_generated|_~10             ; out0             ;
; |Lab5block|sseg1:inst1|lpm_mux:Mux4|mux_joc:auto_generated|_~11             ; |Lab5block|sseg1:inst1|lpm_mux:Mux4|mux_joc:auto_generated|_~11             ; out0             ;
; |Lab5block|sseg1:inst1|lpm_mux:Mux4|mux_joc:auto_generated|_~12             ; |Lab5block|sseg1:inst1|lpm_mux:Mux4|mux_joc:auto_generated|_~12             ; out0             ;
; |Lab5block|sseg1:inst1|lpm_mux:Mux4|mux_joc:auto_generated|_~13             ; |Lab5block|sseg1:inst1|lpm_mux:Mux4|mux_joc:auto_generated|_~13             ; out0             ;
; |Lab5block|sseg1:inst1|lpm_mux:Mux4|mux_joc:auto_generated|_~15             ; |Lab5block|sseg1:inst1|lpm_mux:Mux4|mux_joc:auto_generated|_~15             ; out0             ;
; |Lab5block|sseg1:inst1|lpm_mux:Mux4|mux_joc:auto_generated|_~16             ; |Lab5block|sseg1:inst1|lpm_mux:Mux4|mux_joc:auto_generated|_~16             ; out0             ;
; |Lab5block|sseg1:inst1|lpm_mux:Mux4|mux_joc:auto_generated|_~17             ; |Lab5block|sseg1:inst1|lpm_mux:Mux4|mux_joc:auto_generated|_~17             ; out0             ;
; |Lab5block|sseg1:inst1|lpm_mux:Mux4|mux_joc:auto_generated|_~18             ; |Lab5block|sseg1:inst1|lpm_mux:Mux4|mux_joc:auto_generated|_~18             ; out0             ;
; |Lab5block|sseg1:inst1|lpm_mux:Mux4|mux_joc:auto_generated|_~19             ; |Lab5block|sseg1:inst1|lpm_mux:Mux4|mux_joc:auto_generated|_~19             ; out0             ;
; |Lab5block|sseg1:inst1|lpm_mux:Mux4|mux_joc:auto_generated|_~20             ; |Lab5block|sseg1:inst1|lpm_mux:Mux4|mux_joc:auto_generated|_~20             ; out0             ;
; |Lab5block|sseg1:inst1|lpm_mux:Mux4|mux_joc:auto_generated|_~21             ; |Lab5block|sseg1:inst1|lpm_mux:Mux4|mux_joc:auto_generated|_~21             ; out0             ;
; |Lab5block|sseg1:inst1|lpm_mux:Mux4|mux_joc:auto_generated|_~23             ; |Lab5block|sseg1:inst1|lpm_mux:Mux4|mux_joc:auto_generated|_~23             ; out0             ;
; |Lab5block|sseg1:inst1|lpm_mux:Mux4|mux_joc:auto_generated|_~24             ; |Lab5block|sseg1:inst1|lpm_mux:Mux4|mux_joc:auto_generated|_~24             ; out0             ;
; |Lab5block|sseg1:inst1|lpm_mux:Mux4|mux_joc:auto_generated|_~25             ; |Lab5block|sseg1:inst1|lpm_mux:Mux4|mux_joc:auto_generated|_~25             ; out0             ;
; |Lab5block|sseg1:inst1|lpm_mux:Mux4|mux_joc:auto_generated|_~26             ; |Lab5block|sseg1:inst1|lpm_mux:Mux4|mux_joc:auto_generated|_~26             ; out0             ;
; |Lab5block|sseg1:inst1|lpm_mux:Mux4|mux_joc:auto_generated|_~28             ; |Lab5block|sseg1:inst1|lpm_mux:Mux4|mux_joc:auto_generated|_~28             ; out0             ;
; |Lab5block|sseg1:inst1|lpm_mux:Mux4|mux_joc:auto_generated|_~29             ; |Lab5block|sseg1:inst1|lpm_mux:Mux4|mux_joc:auto_generated|_~29             ; out0             ;
; |Lab5block|sseg1:inst1|lpm_mux:Mux4|mux_joc:auto_generated|_~30             ; |Lab5block|sseg1:inst1|lpm_mux:Mux4|mux_joc:auto_generated|_~30             ; out0             ;
; |Lab5block|sseg1:inst1|lpm_mux:Mux4|mux_joc:auto_generated|_~32             ; |Lab5block|sseg1:inst1|lpm_mux:Mux4|mux_joc:auto_generated|_~32             ; out0             ;
; |Lab5block|sseg1:inst1|lpm_mux:Mux4|mux_joc:auto_generated|_~33             ; |Lab5block|sseg1:inst1|lpm_mux:Mux4|mux_joc:auto_generated|_~33             ; out0             ;
; |Lab5block|sseg1:inst1|lpm_mux:Mux4|mux_joc:auto_generated|_~34             ; |Lab5block|sseg1:inst1|lpm_mux:Mux4|mux_joc:auto_generated|_~34             ; out0             ;
; |Lab5block|sseg1:inst1|lpm_mux:Mux4|mux_joc:auto_generated|_~35             ; |Lab5block|sseg1:inst1|lpm_mux:Mux4|mux_joc:auto_generated|_~35             ; out0             ;
; |Lab5block|sseg1:inst1|lpm_mux:Mux4|mux_joc:auto_generated|_~37             ; |Lab5block|sseg1:inst1|lpm_mux:Mux4|mux_joc:auto_generated|_~37             ; out0             ;
; |Lab5block|sseg1:inst1|lpm_mux:Mux4|mux_joc:auto_generated|_~38             ; |Lab5block|sseg1:inst1|lpm_mux:Mux4|mux_joc:auto_generated|_~38             ; out0             ;
; |Lab5block|sseg1:inst1|lpm_mux:Mux4|mux_joc:auto_generated|_~39             ; |Lab5block|sseg1:inst1|lpm_mux:Mux4|mux_joc:auto_generated|_~39             ; out0             ;
; |Lab5block|sseg1:inst1|lpm_mux:Mux4|mux_joc:auto_generated|_~40             ; |Lab5block|sseg1:inst1|lpm_mux:Mux4|mux_joc:auto_generated|_~40             ; out0             ;
; |Lab5block|sseg1:inst1|lpm_mux:Mux4|mux_joc:auto_generated|_~41             ; |Lab5block|sseg1:inst1|lpm_mux:Mux4|mux_joc:auto_generated|_~41             ; out0             ;
; |Lab5block|sseg1:inst1|lpm_mux:Mux4|mux_joc:auto_generated|_~42             ; |Lab5block|sseg1:inst1|lpm_mux:Mux4|mux_joc:auto_generated|_~42             ; out0             ;
; |Lab5block|sseg1:inst1|lpm_mux:Mux4|mux_joc:auto_generated|_~43             ; |Lab5block|sseg1:inst1|lpm_mux:Mux4|mux_joc:auto_generated|_~43             ; out0             ;
; |Lab5block|sseg1:inst1|lpm_mux:Mux4|mux_joc:auto_generated|_~44             ; |Lab5block|sseg1:inst1|lpm_mux:Mux4|mux_joc:auto_generated|_~44             ; out0             ;
; |Lab5block|sseg1:inst1|lpm_mux:Mux4|mux_joc:auto_generated|_~45             ; |Lab5block|sseg1:inst1|lpm_mux:Mux4|mux_joc:auto_generated|_~45             ; out0             ;
; |Lab5block|sseg1:inst1|lpm_mux:Mux4|mux_joc:auto_generated|_~46             ; |Lab5block|sseg1:inst1|lpm_mux:Mux4|mux_joc:auto_generated|_~46             ; out0             ;
; |Lab5block|sseg1:inst1|lpm_mux:Mux4|mux_joc:auto_generated|_~48             ; |Lab5block|sseg1:inst1|lpm_mux:Mux4|mux_joc:auto_generated|_~48             ; out0             ;
; |Lab5block|sseg1:inst1|lpm_mux:Mux4|mux_joc:auto_generated|_~49             ; |Lab5block|sseg1:inst1|lpm_mux:Mux4|mux_joc:auto_generated|_~49             ; out0             ;
; |Lab5block|sseg1:inst1|lpm_mux:Mux4|mux_joc:auto_generated|_~50             ; |Lab5block|sseg1:inst1|lpm_mux:Mux4|mux_joc:auto_generated|_~50             ; out0             ;
; |Lab5block|sseg1:inst1|lpm_mux:Mux4|mux_joc:auto_generated|_~51             ; |Lab5block|sseg1:inst1|lpm_mux:Mux4|mux_joc:auto_generated|_~51             ; out0             ;
; |Lab5block|sseg1:inst1|lpm_mux:Mux4|mux_joc:auto_generated|_~52             ; |Lab5block|sseg1:inst1|lpm_mux:Mux4|mux_joc:auto_generated|_~52             ; out0             ;
; |Lab5block|sseg1:inst1|lpm_mux:Mux4|mux_joc:auto_generated|_~54             ; |Lab5block|sseg1:inst1|lpm_mux:Mux4|mux_joc:auto_generated|_~54             ; out0             ;
; |Lab5block|sseg1:inst1|lpm_mux:Mux4|mux_joc:auto_generated|_~55             ; |Lab5block|sseg1:inst1|lpm_mux:Mux4|mux_joc:auto_generated|_~55             ; out0             ;
; |Lab5block|sseg1:inst1|lpm_mux:Mux4|mux_joc:auto_generated|_~57             ; |Lab5block|sseg1:inst1|lpm_mux:Mux4|mux_joc:auto_generated|_~57             ; out0             ;
; |Lab5block|sseg1:inst1|lpm_mux:Mux4|mux_joc:auto_generated|_~58             ; |Lab5block|sseg1:inst1|lpm_mux:Mux4|mux_joc:auto_generated|_~58             ; out0             ;
; |Lab5block|sseg1:inst1|lpm_mux:Mux4|mux_joc:auto_generated|_~59             ; |Lab5block|sseg1:inst1|lpm_mux:Mux4|mux_joc:auto_generated|_~59             ; out0             ;
; |Lab5block|sseg1:inst1|lpm_mux:Mux4|mux_joc:auto_generated|_~60             ; |Lab5block|sseg1:inst1|lpm_mux:Mux4|mux_joc:auto_generated|_~60             ; out0             ;
; |Lab5block|sseg1:inst1|lpm_mux:Mux4|mux_joc:auto_generated|_~61             ; |Lab5block|sseg1:inst1|lpm_mux:Mux4|mux_joc:auto_generated|_~61             ; out0             ;
; |Lab5block|sseg1:inst1|lpm_mux:Mux4|mux_joc:auto_generated|_~63             ; |Lab5block|sseg1:inst1|lpm_mux:Mux4|mux_joc:auto_generated|_~63             ; out0             ;
; |Lab5block|sseg1:inst1|lpm_mux:Mux4|mux_joc:auto_generated|_~64             ; |Lab5block|sseg1:inst1|lpm_mux:Mux4|mux_joc:auto_generated|_~64             ; out0             ;
; |Lab5block|sseg1:inst1|lpm_mux:Mux4|mux_joc:auto_generated|_~65             ; |Lab5block|sseg1:inst1|lpm_mux:Mux4|mux_joc:auto_generated|_~65             ; out0             ;
; |Lab5block|sseg1:inst1|lpm_mux:Mux4|mux_joc:auto_generated|_~66             ; |Lab5block|sseg1:inst1|lpm_mux:Mux4|mux_joc:auto_generated|_~66             ; out0             ;
; |Lab5block|sseg1:inst1|lpm_mux:Mux4|mux_joc:auto_generated|_~67             ; |Lab5block|sseg1:inst1|lpm_mux:Mux4|mux_joc:auto_generated|_~67             ; out0             ;
; |Lab5block|sseg1:inst1|lpm_mux:Mux4|mux_joc:auto_generated|_~68             ; |Lab5block|sseg1:inst1|lpm_mux:Mux4|mux_joc:auto_generated|_~68             ; out0             ;
; |Lab5block|sseg1:inst1|lpm_mux:Mux4|mux_joc:auto_generated|_~69             ; |Lab5block|sseg1:inst1|lpm_mux:Mux4|mux_joc:auto_generated|_~69             ; out0             ;
; |Lab5block|sseg1:inst1|lpm_mux:Mux4|mux_joc:auto_generated|_~70             ; |Lab5block|sseg1:inst1|lpm_mux:Mux4|mux_joc:auto_generated|_~70             ; out0             ;
; |Lab5block|sseg1:inst1|lpm_mux:Mux4|mux_joc:auto_generated|_~71             ; |Lab5block|sseg1:inst1|lpm_mux:Mux4|mux_joc:auto_generated|_~71             ; out0             ;
; |Lab5block|sseg1:inst1|lpm_mux:Mux4|mux_joc:auto_generated|result_node[0]~0 ; |Lab5block|sseg1:inst1|lpm_mux:Mux4|mux_joc:auto_generated|result_node[0]~0 ; out0             ;
; |Lab5block|sseg1:inst1|lpm_mux:Mux4|mux_joc:auto_generated|_~73             ; |Lab5block|sseg1:inst1|lpm_mux:Mux4|mux_joc:auto_generated|_~73             ; out0             ;
; |Lab5block|sseg1:inst1|lpm_mux:Mux4|mux_joc:auto_generated|_~74             ; |Lab5block|sseg1:inst1|lpm_mux:Mux4|mux_joc:auto_generated|_~74             ; out0             ;
; |Lab5block|sseg1:inst1|lpm_mux:Mux4|mux_joc:auto_generated|_~75             ; |Lab5block|sseg1:inst1|lpm_mux:Mux4|mux_joc:auto_generated|_~75             ; out0             ;
; |Lab5block|sseg1:inst1|lpm_mux:Mux4|mux_joc:auto_generated|_~76             ; |Lab5block|sseg1:inst1|lpm_mux:Mux4|mux_joc:auto_generated|_~76             ; out0             ;
; |Lab5block|sseg1:inst1|lpm_mux:Mux4|mux_joc:auto_generated|_~78             ; |Lab5block|sseg1:inst1|lpm_mux:Mux4|mux_joc:auto_generated|_~78             ; out0             ;
; |Lab5block|sseg1:inst1|lpm_mux:Mux4|mux_joc:auto_generated|_~79             ; |Lab5block|sseg1:inst1|lpm_mux:Mux4|mux_joc:auto_generated|_~79             ; out0             ;
; |Lab5block|sseg1:inst1|lpm_mux:Mux4|mux_joc:auto_generated|_~80             ; |Lab5block|sseg1:inst1|lpm_mux:Mux4|mux_joc:auto_generated|_~80             ; out0             ;
; |Lab5block|sseg1:inst1|lpm_mux:Mux4|mux_joc:auto_generated|_~82             ; |Lab5block|sseg1:inst1|lpm_mux:Mux4|mux_joc:auto_generated|_~82             ; out0             ;
; |Lab5block|sseg1:inst1|lpm_mux:Mux4|mux_joc:auto_generated|_~83             ; |Lab5block|sseg1:inst1|lpm_mux:Mux4|mux_joc:auto_generated|_~83             ; out0             ;
; |Lab5block|sseg1:inst1|lpm_mux:Mux4|mux_joc:auto_generated|_~84             ; |Lab5block|sseg1:inst1|lpm_mux:Mux4|mux_joc:auto_generated|_~84             ; out0             ;
; |Lab5block|sseg1:inst1|lpm_mux:Mux4|mux_joc:auto_generated|_~85             ; |Lab5block|sseg1:inst1|lpm_mux:Mux4|mux_joc:auto_generated|_~85             ; out0             ;
; |Lab5block|sseg1:inst1|lpm_mux:Mux4|mux_joc:auto_generated|_~87             ; |Lab5block|sseg1:inst1|lpm_mux:Mux4|mux_joc:auto_generated|_~87             ; out0             ;
; |Lab5block|sseg1:inst1|lpm_mux:Mux4|mux_joc:auto_generated|_~88             ; |Lab5block|sseg1:inst1|lpm_mux:Mux4|mux_joc:auto_generated|_~88             ; out0             ;
; |Lab5block|sseg1:inst1|lpm_mux:Mux4|mux_joc:auto_generated|_~89             ; |Lab5block|sseg1:inst1|lpm_mux:Mux4|mux_joc:auto_generated|_~89             ; out0             ;
; |Lab5block|sseg1:inst1|lpm_mux:Mux4|mux_joc:auto_generated|_~90             ; |Lab5block|sseg1:inst1|lpm_mux:Mux4|mux_joc:auto_generated|_~90             ; out0             ;
; |Lab5block|sseg1:inst1|lpm_mux:Mux4|mux_joc:auto_generated|_~91             ; |Lab5block|sseg1:inst1|lpm_mux:Mux4|mux_joc:auto_generated|_~91             ; out0             ;
; |Lab5block|sseg1:inst1|lpm_mux:Mux4|mux_joc:auto_generated|_~92             ; |Lab5block|sseg1:inst1|lpm_mux:Mux4|mux_joc:auto_generated|_~92             ; out0             ;
; |Lab5block|sseg1:inst1|lpm_mux:Mux4|mux_joc:auto_generated|_~93             ; |Lab5block|sseg1:inst1|lpm_mux:Mux4|mux_joc:auto_generated|_~93             ; out0             ;
; |Lab5block|sseg1:inst1|lpm_mux:Mux4|mux_joc:auto_generated|_~94             ; |Lab5block|sseg1:inst1|lpm_mux:Mux4|mux_joc:auto_generated|_~94             ; out0             ;
; |Lab5block|sseg1:inst1|lpm_mux:Mux4|mux_joc:auto_generated|_~95             ; |Lab5block|sseg1:inst1|lpm_mux:Mux4|mux_joc:auto_generated|_~95             ; out0             ;
; |Lab5block|sseg1:inst1|lpm_mux:Mux4|mux_joc:auto_generated|_~96             ; |Lab5block|sseg1:inst1|lpm_mux:Mux4|mux_joc:auto_generated|_~96             ; out0             ;
; |Lab5block|sseg1:inst1|lpm_mux:Mux4|mux_joc:auto_generated|_~98             ; |Lab5block|sseg1:inst1|lpm_mux:Mux4|mux_joc:auto_generated|_~98             ; out0             ;
; |Lab5block|sseg1:inst1|lpm_mux:Mux4|mux_joc:auto_generated|_~99             ; |Lab5block|sseg1:inst1|lpm_mux:Mux4|mux_joc:auto_generated|_~99             ; out0             ;
; |Lab5block|sseg1:inst1|lpm_mux:Mux4|mux_joc:auto_generated|_~100            ; |Lab5block|sseg1:inst1|lpm_mux:Mux4|mux_joc:auto_generated|_~100            ; out0             ;
; |Lab5block|sseg1:inst1|lpm_mux:Mux4|mux_joc:auto_generated|_~101            ; |Lab5block|sseg1:inst1|lpm_mux:Mux4|mux_joc:auto_generated|_~101            ; out0             ;
; |Lab5block|sseg1:inst1|lpm_mux:Mux4|mux_joc:auto_generated|_~102            ; |Lab5block|sseg1:inst1|lpm_mux:Mux4|mux_joc:auto_generated|_~102            ; out0             ;
; |Lab5block|sseg1:inst1|lpm_mux:Mux4|mux_joc:auto_generated|_~104            ; |Lab5block|sseg1:inst1|lpm_mux:Mux4|mux_joc:auto_generated|_~104            ; out0             ;
; |Lab5block|sseg1:inst1|lpm_mux:Mux4|mux_joc:auto_generated|_~105            ; |Lab5block|sseg1:inst1|lpm_mux:Mux4|mux_joc:auto_generated|_~105            ; out0             ;
; |Lab5block|sseg1:inst1|lpm_mux:Mux4|mux_joc:auto_generated|_~107            ; |Lab5block|sseg1:inst1|lpm_mux:Mux4|mux_joc:auto_generated|_~107            ; out0             ;
; |Lab5block|sseg1:inst1|lpm_mux:Mux4|mux_joc:auto_generated|_~108            ; |Lab5block|sseg1:inst1|lpm_mux:Mux4|mux_joc:auto_generated|_~108            ; out0             ;
; |Lab5block|sseg1:inst1|lpm_mux:Mux4|mux_joc:auto_generated|_~109            ; |Lab5block|sseg1:inst1|lpm_mux:Mux4|mux_joc:auto_generated|_~109            ; out0             ;
; |Lab5block|sseg1:inst1|lpm_mux:Mux4|mux_joc:auto_generated|_~110            ; |Lab5block|sseg1:inst1|lpm_mux:Mux4|mux_joc:auto_generated|_~110            ; out0             ;
; |Lab5block|sseg1:inst1|lpm_mux:Mux4|mux_joc:auto_generated|_~111            ; |Lab5block|sseg1:inst1|lpm_mux:Mux4|mux_joc:auto_generated|_~111            ; out0             ;
; |Lab5block|sseg1:inst1|lpm_mux:Mux4|mux_joc:auto_generated|_~113            ; |Lab5block|sseg1:inst1|lpm_mux:Mux4|mux_joc:auto_generated|_~113            ; out0             ;
; |Lab5block|sseg1:inst1|lpm_mux:Mux4|mux_joc:auto_generated|_~114            ; |Lab5block|sseg1:inst1|lpm_mux:Mux4|mux_joc:auto_generated|_~114            ; out0             ;
; |Lab5block|sseg1:inst1|lpm_mux:Mux4|mux_joc:auto_generated|_~115            ; |Lab5block|sseg1:inst1|lpm_mux:Mux4|mux_joc:auto_generated|_~115            ; out0             ;
; |Lab5block|sseg1:inst1|lpm_mux:Mux4|mux_joc:auto_generated|_~116            ; |Lab5block|sseg1:inst1|lpm_mux:Mux4|mux_joc:auto_generated|_~116            ; out0             ;
; |Lab5block|sseg1:inst1|lpm_mux:Mux4|mux_joc:auto_generated|_~117            ; |Lab5block|sseg1:inst1|lpm_mux:Mux4|mux_joc:auto_generated|_~117            ; out0             ;
; |Lab5block|sseg1:inst1|lpm_mux:Mux4|mux_joc:auto_generated|_~118            ; |Lab5block|sseg1:inst1|lpm_mux:Mux4|mux_joc:auto_generated|_~118            ; out0             ;
; |Lab5block|sseg1:inst1|lpm_mux:Mux4|mux_joc:auto_generated|_~119            ; |Lab5block|sseg1:inst1|lpm_mux:Mux4|mux_joc:auto_generated|_~119            ; out0             ;
; |Lab5block|sseg1:inst1|lpm_mux:Mux4|mux_joc:auto_generated|_~120            ; |Lab5block|sseg1:inst1|lpm_mux:Mux4|mux_joc:auto_generated|_~120            ; out0             ;
; |Lab5block|sseg1:inst1|lpm_mux:Mux4|mux_joc:auto_generated|_~122            ; |Lab5block|sseg1:inst1|lpm_mux:Mux4|mux_joc:auto_generated|_~122            ; out0             ;
; |Lab5block|sseg1:inst1|lpm_mux:Mux4|mux_joc:auto_generated|_~124            ; |Lab5block|sseg1:inst1|lpm_mux:Mux4|mux_joc:auto_generated|_~124            ; out0             ;
; |Lab5block|sseg1:inst1|lpm_mux:Mux4|mux_joc:auto_generated|_~127            ; |Lab5block|sseg1:inst1|lpm_mux:Mux4|mux_joc:auto_generated|_~127            ; out0             ;
; |Lab5block|sseg1:inst1|lpm_mux:Mux4|mux_joc:auto_generated|_~128            ; |Lab5block|sseg1:inst1|lpm_mux:Mux4|mux_joc:auto_generated|_~128            ; out0             ;
; |Lab5block|sseg1:inst1|lpm_mux:Mux4|mux_joc:auto_generated|_~129            ; |Lab5block|sseg1:inst1|lpm_mux:Mux4|mux_joc:auto_generated|_~129            ; out0             ;
; |Lab5block|sseg1:inst1|lpm_mux:Mux4|mux_joc:auto_generated|_~131            ; |Lab5block|sseg1:inst1|lpm_mux:Mux4|mux_joc:auto_generated|_~131            ; out0             ;
; |Lab5block|sseg1:inst1|lpm_mux:Mux4|mux_joc:auto_generated|_~133            ; |Lab5block|sseg1:inst1|lpm_mux:Mux4|mux_joc:auto_generated|_~133            ; out0             ;
; |Lab5block|sseg1:inst1|lpm_mux:Mux4|mux_joc:auto_generated|_~136            ; |Lab5block|sseg1:inst1|lpm_mux:Mux4|mux_joc:auto_generated|_~136            ; out0             ;
; |Lab5block|sseg1:inst1|lpm_mux:Mux4|mux_joc:auto_generated|_~137            ; |Lab5block|sseg1:inst1|lpm_mux:Mux4|mux_joc:auto_generated|_~137            ; out0             ;
; |Lab5block|sseg1:inst1|lpm_mux:Mux4|mux_joc:auto_generated|_~138            ; |Lab5block|sseg1:inst1|lpm_mux:Mux4|mux_joc:auto_generated|_~138            ; out0             ;
; |Lab5block|sseg1:inst1|lpm_mux:Mux4|mux_joc:auto_generated|_~139            ; |Lab5block|sseg1:inst1|lpm_mux:Mux4|mux_joc:auto_generated|_~139            ; out0             ;
; |Lab5block|sseg1:inst1|lpm_mux:Mux4|mux_joc:auto_generated|_~140            ; |Lab5block|sseg1:inst1|lpm_mux:Mux4|mux_joc:auto_generated|_~140            ; out0             ;
; |Lab5block|sseg1:inst1|lpm_mux:Mux4|mux_joc:auto_generated|_~141            ; |Lab5block|sseg1:inst1|lpm_mux:Mux4|mux_joc:auto_generated|_~141            ; out0             ;
; |Lab5block|sseg1:inst1|lpm_mux:Mux4|mux_joc:auto_generated|_~142            ; |Lab5block|sseg1:inst1|lpm_mux:Mux4|mux_joc:auto_generated|_~142            ; out0             ;
; |Lab5block|sseg1:inst1|lpm_mux:Mux4|mux_joc:auto_generated|_~143            ; |Lab5block|sseg1:inst1|lpm_mux:Mux4|mux_joc:auto_generated|_~143            ; out0             ;
; |Lab5block|sseg1:inst1|lpm_mux:Mux4|mux_joc:auto_generated|result_node[0]~1 ; |Lab5block|sseg1:inst1|lpm_mux:Mux4|mux_joc:auto_generated|result_node[0]~1 ; out0             ;
; |Lab5block|sseg1:inst1|lpm_mux:Mux4|mux_joc:auto_generated|result_node[0]   ; |Lab5block|sseg1:inst1|lpm_mux:Mux4|mux_joc:auto_generated|result_node[0]   ; out0             ;
; |Lab5block|sseg1:inst1|lpm_mux:Mux3|mux_joc:auto_generated|_~0              ; |Lab5block|sseg1:inst1|lpm_mux:Mux3|mux_joc:auto_generated|_~0              ; out0             ;
; |Lab5block|sseg1:inst1|lpm_mux:Mux3|mux_joc:auto_generated|_~1              ; |Lab5block|sseg1:inst1|lpm_mux:Mux3|mux_joc:auto_generated|_~1              ; out0             ;
; |Lab5block|sseg1:inst1|lpm_mux:Mux3|mux_joc:auto_generated|_~3              ; |Lab5block|sseg1:inst1|lpm_mux:Mux3|mux_joc:auto_generated|_~3              ; out0             ;
; |Lab5block|sseg1:inst1|lpm_mux:Mux3|mux_joc:auto_generated|_~6              ; |Lab5block|sseg1:inst1|lpm_mux:Mux3|mux_joc:auto_generated|_~6              ; out0             ;
; |Lab5block|sseg1:inst1|lpm_mux:Mux3|mux_joc:auto_generated|_~7              ; |Lab5block|sseg1:inst1|lpm_mux:Mux3|mux_joc:auto_generated|_~7              ; out0             ;
; |Lab5block|sseg1:inst1|lpm_mux:Mux3|mux_joc:auto_generated|_~8              ; |Lab5block|sseg1:inst1|lpm_mux:Mux3|mux_joc:auto_generated|_~8              ; out0             ;
; |Lab5block|sseg1:inst1|lpm_mux:Mux3|mux_joc:auto_generated|_~9              ; |Lab5block|sseg1:inst1|lpm_mux:Mux3|mux_joc:auto_generated|_~9              ; out0             ;
; |Lab5block|sseg1:inst1|lpm_mux:Mux3|mux_joc:auto_generated|_~10             ; |Lab5block|sseg1:inst1|lpm_mux:Mux3|mux_joc:auto_generated|_~10             ; out0             ;
; |Lab5block|sseg1:inst1|lpm_mux:Mux3|mux_joc:auto_generated|_~12             ; |Lab5block|sseg1:inst1|lpm_mux:Mux3|mux_joc:auto_generated|_~12             ; out0             ;
; |Lab5block|sseg1:inst1|lpm_mux:Mux3|mux_joc:auto_generated|_~15             ; |Lab5block|sseg1:inst1|lpm_mux:Mux3|mux_joc:auto_generated|_~15             ; out0             ;
; |Lab5block|sseg1:inst1|lpm_mux:Mux3|mux_joc:auto_generated|_~16             ; |Lab5block|sseg1:inst1|lpm_mux:Mux3|mux_joc:auto_generated|_~16             ; out0             ;
; |Lab5block|sseg1:inst1|lpm_mux:Mux3|mux_joc:auto_generated|_~17             ; |Lab5block|sseg1:inst1|lpm_mux:Mux3|mux_joc:auto_generated|_~17             ; out0             ;
; |Lab5block|sseg1:inst1|lpm_mux:Mux3|mux_joc:auto_generated|_~18             ; |Lab5block|sseg1:inst1|lpm_mux:Mux3|mux_joc:auto_generated|_~18             ; out0             ;
; |Lab5block|sseg1:inst1|lpm_mux:Mux3|mux_joc:auto_generated|_~19             ; |Lab5block|sseg1:inst1|lpm_mux:Mux3|mux_joc:auto_generated|_~19             ; out0             ;
; |Lab5block|sseg1:inst1|lpm_mux:Mux3|mux_joc:auto_generated|_~20             ; |Lab5block|sseg1:inst1|lpm_mux:Mux3|mux_joc:auto_generated|_~20             ; out0             ;
; |Lab5block|sseg1:inst1|lpm_mux:Mux3|mux_joc:auto_generated|_~23             ; |Lab5block|sseg1:inst1|lpm_mux:Mux3|mux_joc:auto_generated|_~23             ; out0             ;
; |Lab5block|sseg1:inst1|lpm_mux:Mux3|mux_joc:auto_generated|_~24             ; |Lab5block|sseg1:inst1|lpm_mux:Mux3|mux_joc:auto_generated|_~24             ; out0             ;
; |Lab5block|sseg1:inst1|lpm_mux:Mux3|mux_joc:auto_generated|_~25             ; |Lab5block|sseg1:inst1|lpm_mux:Mux3|mux_joc:auto_generated|_~25             ; out0             ;
; |Lab5block|sseg1:inst1|lpm_mux:Mux3|mux_joc:auto_generated|_~26             ; |Lab5block|sseg1:inst1|lpm_mux:Mux3|mux_joc:auto_generated|_~26             ; out0             ;
; |Lab5block|sseg1:inst1|lpm_mux:Mux3|mux_joc:auto_generated|_~27             ; |Lab5block|sseg1:inst1|lpm_mux:Mux3|mux_joc:auto_generated|_~27             ; out0             ;
; |Lab5block|sseg1:inst1|lpm_mux:Mux3|mux_joc:auto_generated|_~29             ; |Lab5block|sseg1:inst1|lpm_mux:Mux3|mux_joc:auto_generated|_~29             ; out0             ;
; |Lab5block|sseg1:inst1|lpm_mux:Mux3|mux_joc:auto_generated|_~30             ; |Lab5block|sseg1:inst1|lpm_mux:Mux3|mux_joc:auto_generated|_~30             ; out0             ;
; |Lab5block|sseg1:inst1|lpm_mux:Mux3|mux_joc:auto_generated|_~32             ; |Lab5block|sseg1:inst1|lpm_mux:Mux3|mux_joc:auto_generated|_~32             ; out0             ;
; |Lab5block|sseg1:inst1|lpm_mux:Mux3|mux_joc:auto_generated|_~33             ; |Lab5block|sseg1:inst1|lpm_mux:Mux3|mux_joc:auto_generated|_~33             ; out0             ;
; |Lab5block|sseg1:inst1|lpm_mux:Mux3|mux_joc:auto_generated|_~34             ; |Lab5block|sseg1:inst1|lpm_mux:Mux3|mux_joc:auto_generated|_~34             ; out0             ;
; |Lab5block|sseg1:inst1|lpm_mux:Mux3|mux_joc:auto_generated|_~35             ; |Lab5block|sseg1:inst1|lpm_mux:Mux3|mux_joc:auto_generated|_~35             ; out0             ;
; |Lab5block|sseg1:inst1|lpm_mux:Mux3|mux_joc:auto_generated|_~36             ; |Lab5block|sseg1:inst1|lpm_mux:Mux3|mux_joc:auto_generated|_~36             ; out0             ;
; |Lab5block|sseg1:inst1|lpm_mux:Mux3|mux_joc:auto_generated|_~38             ; |Lab5block|sseg1:inst1|lpm_mux:Mux3|mux_joc:auto_generated|_~38             ; out0             ;
; |Lab5block|sseg1:inst1|lpm_mux:Mux3|mux_joc:auto_generated|_~39             ; |Lab5block|sseg1:inst1|lpm_mux:Mux3|mux_joc:auto_generated|_~39             ; out0             ;
; |Lab5block|sseg1:inst1|lpm_mux:Mux3|mux_joc:auto_generated|_~40             ; |Lab5block|sseg1:inst1|lpm_mux:Mux3|mux_joc:auto_generated|_~40             ; out0             ;
; |Lab5block|sseg1:inst1|lpm_mux:Mux3|mux_joc:auto_generated|_~41             ; |Lab5block|sseg1:inst1|lpm_mux:Mux3|mux_joc:auto_generated|_~41             ; out0             ;
; |Lab5block|sseg1:inst1|lpm_mux:Mux3|mux_joc:auto_generated|_~42             ; |Lab5block|sseg1:inst1|lpm_mux:Mux3|mux_joc:auto_generated|_~42             ; out0             ;
; |Lab5block|sseg1:inst1|lpm_mux:Mux3|mux_joc:auto_generated|_~43             ; |Lab5block|sseg1:inst1|lpm_mux:Mux3|mux_joc:auto_generated|_~43             ; out0             ;
; |Lab5block|sseg1:inst1|lpm_mux:Mux3|mux_joc:auto_generated|_~44             ; |Lab5block|sseg1:inst1|lpm_mux:Mux3|mux_joc:auto_generated|_~44             ; out0             ;
; |Lab5block|sseg1:inst1|lpm_mux:Mux3|mux_joc:auto_generated|_~45             ; |Lab5block|sseg1:inst1|lpm_mux:Mux3|mux_joc:auto_generated|_~45             ; out0             ;
; |Lab5block|sseg1:inst1|lpm_mux:Mux3|mux_joc:auto_generated|_~46             ; |Lab5block|sseg1:inst1|lpm_mux:Mux3|mux_joc:auto_generated|_~46             ; out0             ;
; |Lab5block|sseg1:inst1|lpm_mux:Mux3|mux_joc:auto_generated|_~48             ; |Lab5block|sseg1:inst1|lpm_mux:Mux3|mux_joc:auto_generated|_~48             ; out0             ;
; |Lab5block|sseg1:inst1|lpm_mux:Mux3|mux_joc:auto_generated|_~50             ; |Lab5block|sseg1:inst1|lpm_mux:Mux3|mux_joc:auto_generated|_~50             ; out0             ;
; |Lab5block|sseg1:inst1|lpm_mux:Mux3|mux_joc:auto_generated|_~52             ; |Lab5block|sseg1:inst1|lpm_mux:Mux3|mux_joc:auto_generated|_~52             ; out0             ;
; |Lab5block|sseg1:inst1|lpm_mux:Mux3|mux_joc:auto_generated|_~57             ; |Lab5block|sseg1:inst1|lpm_mux:Mux3|mux_joc:auto_generated|_~57             ; out0             ;
; |Lab5block|sseg1:inst1|lpm_mux:Mux3|mux_joc:auto_generated|_~59             ; |Lab5block|sseg1:inst1|lpm_mux:Mux3|mux_joc:auto_generated|_~59             ; out0             ;
; |Lab5block|sseg1:inst1|lpm_mux:Mux3|mux_joc:auto_generated|_~61             ; |Lab5block|sseg1:inst1|lpm_mux:Mux3|mux_joc:auto_generated|_~61             ; out0             ;
; |Lab5block|sseg1:inst1|lpm_mux:Mux3|mux_joc:auto_generated|_~64             ; |Lab5block|sseg1:inst1|lpm_mux:Mux3|mux_joc:auto_generated|_~64             ; out0             ;
; |Lab5block|sseg1:inst1|lpm_mux:Mux3|mux_joc:auto_generated|_~68             ; |Lab5block|sseg1:inst1|lpm_mux:Mux3|mux_joc:auto_generated|_~68             ; out0             ;
; |Lab5block|sseg1:inst1|lpm_mux:Mux3|mux_joc:auto_generated|_~69             ; |Lab5block|sseg1:inst1|lpm_mux:Mux3|mux_joc:auto_generated|_~69             ; out0             ;
; |Lab5block|sseg1:inst1|lpm_mux:Mux3|mux_joc:auto_generated|_~70             ; |Lab5block|sseg1:inst1|lpm_mux:Mux3|mux_joc:auto_generated|_~70             ; out0             ;
; |Lab5block|sseg1:inst1|lpm_mux:Mux3|mux_joc:auto_generated|_~71             ; |Lab5block|sseg1:inst1|lpm_mux:Mux3|mux_joc:auto_generated|_~71             ; out0             ;
; |Lab5block|sseg1:inst1|lpm_mux:Mux3|mux_joc:auto_generated|_~73             ; |Lab5block|sseg1:inst1|lpm_mux:Mux3|mux_joc:auto_generated|_~73             ; out0             ;
; |Lab5block|sseg1:inst1|lpm_mux:Mux3|mux_joc:auto_generated|_~74             ; |Lab5block|sseg1:inst1|lpm_mux:Mux3|mux_joc:auto_generated|_~74             ; out0             ;
; |Lab5block|sseg1:inst1|lpm_mux:Mux3|mux_joc:auto_generated|_~75             ; |Lab5block|sseg1:inst1|lpm_mux:Mux3|mux_joc:auto_generated|_~75             ; out0             ;
; |Lab5block|sseg1:inst1|lpm_mux:Mux3|mux_joc:auto_generated|_~76             ; |Lab5block|sseg1:inst1|lpm_mux:Mux3|mux_joc:auto_generated|_~76             ; out0             ;
; |Lab5block|sseg1:inst1|lpm_mux:Mux3|mux_joc:auto_generated|_~77             ; |Lab5block|sseg1:inst1|lpm_mux:Mux3|mux_joc:auto_generated|_~77             ; out0             ;
; |Lab5block|sseg1:inst1|lpm_mux:Mux3|mux_joc:auto_generated|_~79             ; |Lab5block|sseg1:inst1|lpm_mux:Mux3|mux_joc:auto_generated|_~79             ; out0             ;
; |Lab5block|sseg1:inst1|lpm_mux:Mux3|mux_joc:auto_generated|_~80             ; |Lab5block|sseg1:inst1|lpm_mux:Mux3|mux_joc:auto_generated|_~80             ; out0             ;
; |Lab5block|sseg1:inst1|lpm_mux:Mux3|mux_joc:auto_generated|_~82             ; |Lab5block|sseg1:inst1|lpm_mux:Mux3|mux_joc:auto_generated|_~82             ; out0             ;
; |Lab5block|sseg1:inst1|lpm_mux:Mux3|mux_joc:auto_generated|_~83             ; |Lab5block|sseg1:inst1|lpm_mux:Mux3|mux_joc:auto_generated|_~83             ; out0             ;
; |Lab5block|sseg1:inst1|lpm_mux:Mux3|mux_joc:auto_generated|_~84             ; |Lab5block|sseg1:inst1|lpm_mux:Mux3|mux_joc:auto_generated|_~84             ; out0             ;
; |Lab5block|sseg1:inst1|lpm_mux:Mux3|mux_joc:auto_generated|_~85             ; |Lab5block|sseg1:inst1|lpm_mux:Mux3|mux_joc:auto_generated|_~85             ; out0             ;
; |Lab5block|sseg1:inst1|lpm_mux:Mux3|mux_joc:auto_generated|_~86             ; |Lab5block|sseg1:inst1|lpm_mux:Mux3|mux_joc:auto_generated|_~86             ; out0             ;
; |Lab5block|sseg1:inst1|lpm_mux:Mux3|mux_joc:auto_generated|_~88             ; |Lab5block|sseg1:inst1|lpm_mux:Mux3|mux_joc:auto_generated|_~88             ; out0             ;
; |Lab5block|sseg1:inst1|lpm_mux:Mux3|mux_joc:auto_generated|_~89             ; |Lab5block|sseg1:inst1|lpm_mux:Mux3|mux_joc:auto_generated|_~89             ; out0             ;
; |Lab5block|sseg1:inst1|lpm_mux:Mux3|mux_joc:auto_generated|_~90             ; |Lab5block|sseg1:inst1|lpm_mux:Mux3|mux_joc:auto_generated|_~90             ; out0             ;
; |Lab5block|sseg1:inst1|lpm_mux:Mux3|mux_joc:auto_generated|_~91             ; |Lab5block|sseg1:inst1|lpm_mux:Mux3|mux_joc:auto_generated|_~91             ; out0             ;
; |Lab5block|sseg1:inst1|lpm_mux:Mux3|mux_joc:auto_generated|_~92             ; |Lab5block|sseg1:inst1|lpm_mux:Mux3|mux_joc:auto_generated|_~92             ; out0             ;
; |Lab5block|sseg1:inst1|lpm_mux:Mux3|mux_joc:auto_generated|_~93             ; |Lab5block|sseg1:inst1|lpm_mux:Mux3|mux_joc:auto_generated|_~93             ; out0             ;
; |Lab5block|sseg1:inst1|lpm_mux:Mux3|mux_joc:auto_generated|_~94             ; |Lab5block|sseg1:inst1|lpm_mux:Mux3|mux_joc:auto_generated|_~94             ; out0             ;
; |Lab5block|sseg1:inst1|lpm_mux:Mux3|mux_joc:auto_generated|_~95             ; |Lab5block|sseg1:inst1|lpm_mux:Mux3|mux_joc:auto_generated|_~95             ; out0             ;
; |Lab5block|sseg1:inst1|lpm_mux:Mux3|mux_joc:auto_generated|_~96             ; |Lab5block|sseg1:inst1|lpm_mux:Mux3|mux_joc:auto_generated|_~96             ; out0             ;
; |Lab5block|sseg1:inst1|lpm_mux:Mux3|mux_joc:auto_generated|_~98             ; |Lab5block|sseg1:inst1|lpm_mux:Mux3|mux_joc:auto_generated|_~98             ; out0             ;
; |Lab5block|sseg1:inst1|lpm_mux:Mux3|mux_joc:auto_generated|_~100            ; |Lab5block|sseg1:inst1|lpm_mux:Mux3|mux_joc:auto_generated|_~100            ; out0             ;
; |Lab5block|sseg1:inst1|lpm_mux:Mux3|mux_joc:auto_generated|_~102            ; |Lab5block|sseg1:inst1|lpm_mux:Mux3|mux_joc:auto_generated|_~102            ; out0             ;
; |Lab5block|sseg1:inst1|lpm_mux:Mux3|mux_joc:auto_generated|_~107            ; |Lab5block|sseg1:inst1|lpm_mux:Mux3|mux_joc:auto_generated|_~107            ; out0             ;
; |Lab5block|sseg1:inst1|lpm_mux:Mux3|mux_joc:auto_generated|_~109            ; |Lab5block|sseg1:inst1|lpm_mux:Mux3|mux_joc:auto_generated|_~109            ; out0             ;
; |Lab5block|sseg1:inst1|lpm_mux:Mux3|mux_joc:auto_generated|_~111            ; |Lab5block|sseg1:inst1|lpm_mux:Mux3|mux_joc:auto_generated|_~111            ; out0             ;
; |Lab5block|sseg1:inst1|lpm_mux:Mux3|mux_joc:auto_generated|_~114            ; |Lab5block|sseg1:inst1|lpm_mux:Mux3|mux_joc:auto_generated|_~114            ; out0             ;
; |Lab5block|sseg1:inst1|lpm_mux:Mux3|mux_joc:auto_generated|_~118            ; |Lab5block|sseg1:inst1|lpm_mux:Mux3|mux_joc:auto_generated|_~118            ; out0             ;
; |Lab5block|sseg1:inst1|lpm_mux:Mux3|mux_joc:auto_generated|_~119            ; |Lab5block|sseg1:inst1|lpm_mux:Mux3|mux_joc:auto_generated|_~119            ; out0             ;
; |Lab5block|sseg1:inst1|lpm_mux:Mux3|mux_joc:auto_generated|_~120            ; |Lab5block|sseg1:inst1|lpm_mux:Mux3|mux_joc:auto_generated|_~120            ; out0             ;
; |Lab5block|sseg1:inst1|lpm_mux:Mux3|mux_joc:auto_generated|_~122            ; |Lab5block|sseg1:inst1|lpm_mux:Mux3|mux_joc:auto_generated|_~122            ; out0             ;
; |Lab5block|sseg1:inst1|lpm_mux:Mux3|mux_joc:auto_generated|_~124            ; |Lab5block|sseg1:inst1|lpm_mux:Mux3|mux_joc:auto_generated|_~124            ; out0             ;
; |Lab5block|sseg1:inst1|lpm_mux:Mux3|mux_joc:auto_generated|_~127            ; |Lab5block|sseg1:inst1|lpm_mux:Mux3|mux_joc:auto_generated|_~127            ; out0             ;
; |Lab5block|sseg1:inst1|lpm_mux:Mux3|mux_joc:auto_generated|_~128            ; |Lab5block|sseg1:inst1|lpm_mux:Mux3|mux_joc:auto_generated|_~128            ; out0             ;
; |Lab5block|sseg1:inst1|lpm_mux:Mux3|mux_joc:auto_generated|_~129            ; |Lab5block|sseg1:inst1|lpm_mux:Mux3|mux_joc:auto_generated|_~129            ; out0             ;
; |Lab5block|sseg1:inst1|lpm_mux:Mux3|mux_joc:auto_generated|_~131            ; |Lab5block|sseg1:inst1|lpm_mux:Mux3|mux_joc:auto_generated|_~131            ; out0             ;
; |Lab5block|sseg1:inst1|lpm_mux:Mux3|mux_joc:auto_generated|_~133            ; |Lab5block|sseg1:inst1|lpm_mux:Mux3|mux_joc:auto_generated|_~133            ; out0             ;
; |Lab5block|sseg1:inst1|lpm_mux:Mux3|mux_joc:auto_generated|_~136            ; |Lab5block|sseg1:inst1|lpm_mux:Mux3|mux_joc:auto_generated|_~136            ; out0             ;
; |Lab5block|sseg1:inst1|lpm_mux:Mux3|mux_joc:auto_generated|_~137            ; |Lab5block|sseg1:inst1|lpm_mux:Mux3|mux_joc:auto_generated|_~137            ; out0             ;
; |Lab5block|sseg1:inst1|lpm_mux:Mux3|mux_joc:auto_generated|_~138            ; |Lab5block|sseg1:inst1|lpm_mux:Mux3|mux_joc:auto_generated|_~138            ; out0             ;
; |Lab5block|sseg1:inst1|lpm_mux:Mux3|mux_joc:auto_generated|_~139            ; |Lab5block|sseg1:inst1|lpm_mux:Mux3|mux_joc:auto_generated|_~139            ; out0             ;
; |Lab5block|sseg1:inst1|lpm_mux:Mux3|mux_joc:auto_generated|_~140            ; |Lab5block|sseg1:inst1|lpm_mux:Mux3|mux_joc:auto_generated|_~140            ; out0             ;
; |Lab5block|sseg1:inst1|lpm_mux:Mux3|mux_joc:auto_generated|_~141            ; |Lab5block|sseg1:inst1|lpm_mux:Mux3|mux_joc:auto_generated|_~141            ; out0             ;
; |Lab5block|sseg1:inst1|lpm_mux:Mux3|mux_joc:auto_generated|_~142            ; |Lab5block|sseg1:inst1|lpm_mux:Mux3|mux_joc:auto_generated|_~142            ; out0             ;
; |Lab5block|sseg1:inst1|lpm_mux:Mux3|mux_joc:auto_generated|_~143            ; |Lab5block|sseg1:inst1|lpm_mux:Mux3|mux_joc:auto_generated|_~143            ; out0             ;
; |Lab5block|sseg1:inst1|lpm_mux:Mux3|mux_joc:auto_generated|result_node[0]~1 ; |Lab5block|sseg1:inst1|lpm_mux:Mux3|mux_joc:auto_generated|result_node[0]~1 ; out0             ;
; |Lab5block|sseg1:inst1|lpm_mux:Mux3|mux_joc:auto_generated|result_node[0]   ; |Lab5block|sseg1:inst1|lpm_mux:Mux3|mux_joc:auto_generated|result_node[0]   ; out0             ;
; |Lab5block|sseg1:inst1|lpm_mux:Mux2|mux_joc:auto_generated|_~1              ; |Lab5block|sseg1:inst1|lpm_mux:Mux2|mux_joc:auto_generated|_~1              ; out0             ;
; |Lab5block|sseg1:inst1|lpm_mux:Mux2|mux_joc:auto_generated|_~3              ; |Lab5block|sseg1:inst1|lpm_mux:Mux2|mux_joc:auto_generated|_~3              ; out0             ;
; |Lab5block|sseg1:inst1|lpm_mux:Mux2|mux_joc:auto_generated|_~5              ; |Lab5block|sseg1:inst1|lpm_mux:Mux2|mux_joc:auto_generated|_~5              ; out0             ;
; |Lab5block|sseg1:inst1|lpm_mux:Mux2|mux_joc:auto_generated|_~10             ; |Lab5block|sseg1:inst1|lpm_mux:Mux2|mux_joc:auto_generated|_~10             ; out0             ;
; |Lab5block|sseg1:inst1|lpm_mux:Mux2|mux_joc:auto_generated|_~12             ; |Lab5block|sseg1:inst1|lpm_mux:Mux2|mux_joc:auto_generated|_~12             ; out0             ;
; |Lab5block|sseg1:inst1|lpm_mux:Mux2|mux_joc:auto_generated|_~14             ; |Lab5block|sseg1:inst1|lpm_mux:Mux2|mux_joc:auto_generated|_~14             ; out0             ;
; |Lab5block|sseg1:inst1|lpm_mux:Mux2|mux_joc:auto_generated|_~17             ; |Lab5block|sseg1:inst1|lpm_mux:Mux2|mux_joc:auto_generated|_~17             ; out0             ;
; |Lab5block|sseg1:inst1|lpm_mux:Mux2|mux_joc:auto_generated|_~18             ; |Lab5block|sseg1:inst1|lpm_mux:Mux2|mux_joc:auto_generated|_~18             ; out0             ;
; |Lab5block|sseg1:inst1|lpm_mux:Mux2|mux_joc:auto_generated|_~23             ; |Lab5block|sseg1:inst1|lpm_mux:Mux2|mux_joc:auto_generated|_~23             ; out0             ;
; |Lab5block|sseg1:inst1|lpm_mux:Mux2|mux_joc:auto_generated|_~25             ; |Lab5block|sseg1:inst1|lpm_mux:Mux2|mux_joc:auto_generated|_~25             ; out0             ;
; |Lab5block|sseg1:inst1|lpm_mux:Mux2|mux_joc:auto_generated|_~27             ; |Lab5block|sseg1:inst1|lpm_mux:Mux2|mux_joc:auto_generated|_~27             ; out0             ;
; |Lab5block|sseg1:inst1|lpm_mux:Mux2|mux_joc:auto_generated|_~32             ; |Lab5block|sseg1:inst1|lpm_mux:Mux2|mux_joc:auto_generated|_~32             ; out0             ;
; |Lab5block|sseg1:inst1|lpm_mux:Mux2|mux_joc:auto_generated|_~34             ; |Lab5block|sseg1:inst1|lpm_mux:Mux2|mux_joc:auto_generated|_~34             ; out0             ;
; |Lab5block|sseg1:inst1|lpm_mux:Mux2|mux_joc:auto_generated|_~36             ; |Lab5block|sseg1:inst1|lpm_mux:Mux2|mux_joc:auto_generated|_~36             ; out0             ;
; |Lab5block|sseg1:inst1|lpm_mux:Mux2|mux_joc:auto_generated|_~39             ; |Lab5block|sseg1:inst1|lpm_mux:Mux2|mux_joc:auto_generated|_~39             ; out0             ;
; |Lab5block|sseg1:inst1|lpm_mux:Mux2|mux_joc:auto_generated|_~43             ; |Lab5block|sseg1:inst1|lpm_mux:Mux2|mux_joc:auto_generated|_~43             ; out0             ;
; |Lab5block|sseg1:inst1|lpm_mux:Mux2|mux_joc:auto_generated|_~45             ; |Lab5block|sseg1:inst1|lpm_mux:Mux2|mux_joc:auto_generated|_~45             ; out0             ;
; |Lab5block|sseg1:inst1|lpm_mux:Mux2|mux_joc:auto_generated|_~48             ; |Lab5block|sseg1:inst1|lpm_mux:Mux2|mux_joc:auto_generated|_~48             ; out0             ;
; |Lab5block|sseg1:inst1|lpm_mux:Mux2|mux_joc:auto_generated|_~50             ; |Lab5block|sseg1:inst1|lpm_mux:Mux2|mux_joc:auto_generated|_~50             ; out0             ;
; |Lab5block|sseg1:inst1|lpm_mux:Mux2|mux_joc:auto_generated|_~52             ; |Lab5block|sseg1:inst1|lpm_mux:Mux2|mux_joc:auto_generated|_~52             ; out0             ;
; |Lab5block|sseg1:inst1|lpm_mux:Mux2|mux_joc:auto_generated|_~57             ; |Lab5block|sseg1:inst1|lpm_mux:Mux2|mux_joc:auto_generated|_~57             ; out0             ;
; |Lab5block|sseg1:inst1|lpm_mux:Mux2|mux_joc:auto_generated|_~59             ; |Lab5block|sseg1:inst1|lpm_mux:Mux2|mux_joc:auto_generated|_~59             ; out0             ;
; |Lab5block|sseg1:inst1|lpm_mux:Mux2|mux_joc:auto_generated|_~61             ; |Lab5block|sseg1:inst1|lpm_mux:Mux2|mux_joc:auto_generated|_~61             ; out0             ;
; |Lab5block|sseg1:inst1|lpm_mux:Mux2|mux_joc:auto_generated|_~64             ; |Lab5block|sseg1:inst1|lpm_mux:Mux2|mux_joc:auto_generated|_~64             ; out0             ;
; |Lab5block|sseg1:inst1|lpm_mux:Mux2|mux_joc:auto_generated|_~65             ; |Lab5block|sseg1:inst1|lpm_mux:Mux2|mux_joc:auto_generated|_~65             ; out0             ;
; |Lab5block|sseg1:inst1|lpm_mux:Mux2|mux_joc:auto_generated|_~68             ; |Lab5block|sseg1:inst1|lpm_mux:Mux2|mux_joc:auto_generated|_~68             ; out0             ;
; |Lab5block|sseg1:inst1|lpm_mux:Mux2|mux_joc:auto_generated|_~69             ; |Lab5block|sseg1:inst1|lpm_mux:Mux2|mux_joc:auto_generated|_~69             ; out0             ;
; |Lab5block|sseg1:inst1|lpm_mux:Mux2|mux_joc:auto_generated|_~70             ; |Lab5block|sseg1:inst1|lpm_mux:Mux2|mux_joc:auto_generated|_~70             ; out0             ;
; |Lab5block|sseg1:inst1|lpm_mux:Mux2|mux_joc:auto_generated|_~71             ; |Lab5block|sseg1:inst1|lpm_mux:Mux2|mux_joc:auto_generated|_~71             ; out0             ;
; |Lab5block|sseg1:inst1|lpm_mux:Mux2|mux_joc:auto_generated|_~73             ; |Lab5block|sseg1:inst1|lpm_mux:Mux2|mux_joc:auto_generated|_~73             ; out0             ;
; |Lab5block|sseg1:inst1|lpm_mux:Mux2|mux_joc:auto_generated|_~75             ; |Lab5block|sseg1:inst1|lpm_mux:Mux2|mux_joc:auto_generated|_~75             ; out0             ;
; |Lab5block|sseg1:inst1|lpm_mux:Mux2|mux_joc:auto_generated|_~77             ; |Lab5block|sseg1:inst1|lpm_mux:Mux2|mux_joc:auto_generated|_~77             ; out0             ;
; |Lab5block|sseg1:inst1|lpm_mux:Mux2|mux_joc:auto_generated|_~82             ; |Lab5block|sseg1:inst1|lpm_mux:Mux2|mux_joc:auto_generated|_~82             ; out0             ;
; |Lab5block|sseg1:inst1|lpm_mux:Mux2|mux_joc:auto_generated|_~84             ; |Lab5block|sseg1:inst1|lpm_mux:Mux2|mux_joc:auto_generated|_~84             ; out0             ;
; |Lab5block|sseg1:inst1|lpm_mux:Mux2|mux_joc:auto_generated|_~86             ; |Lab5block|sseg1:inst1|lpm_mux:Mux2|mux_joc:auto_generated|_~86             ; out0             ;
; |Lab5block|sseg1:inst1|lpm_mux:Mux2|mux_joc:auto_generated|_~89             ; |Lab5block|sseg1:inst1|lpm_mux:Mux2|mux_joc:auto_generated|_~89             ; out0             ;
; |Lab5block|sseg1:inst1|lpm_mux:Mux2|mux_joc:auto_generated|_~93             ; |Lab5block|sseg1:inst1|lpm_mux:Mux2|mux_joc:auto_generated|_~93             ; out0             ;
; |Lab5block|sseg1:inst1|lpm_mux:Mux2|mux_joc:auto_generated|_~95             ; |Lab5block|sseg1:inst1|lpm_mux:Mux2|mux_joc:auto_generated|_~95             ; out0             ;
; |Lab5block|sseg1:inst1|lpm_mux:Mux2|mux_joc:auto_generated|_~98             ; |Lab5block|sseg1:inst1|lpm_mux:Mux2|mux_joc:auto_generated|_~98             ; out0             ;
; |Lab5block|sseg1:inst1|lpm_mux:Mux2|mux_joc:auto_generated|_~100            ; |Lab5block|sseg1:inst1|lpm_mux:Mux2|mux_joc:auto_generated|_~100            ; out0             ;
; |Lab5block|sseg1:inst1|lpm_mux:Mux2|mux_joc:auto_generated|_~102            ; |Lab5block|sseg1:inst1|lpm_mux:Mux2|mux_joc:auto_generated|_~102            ; out0             ;
; |Lab5block|sseg1:inst1|lpm_mux:Mux2|mux_joc:auto_generated|_~107            ; |Lab5block|sseg1:inst1|lpm_mux:Mux2|mux_joc:auto_generated|_~107            ; out0             ;
; |Lab5block|sseg1:inst1|lpm_mux:Mux2|mux_joc:auto_generated|_~109            ; |Lab5block|sseg1:inst1|lpm_mux:Mux2|mux_joc:auto_generated|_~109            ; out0             ;
; |Lab5block|sseg1:inst1|lpm_mux:Mux2|mux_joc:auto_generated|_~111            ; |Lab5block|sseg1:inst1|lpm_mux:Mux2|mux_joc:auto_generated|_~111            ; out0             ;
; |Lab5block|sseg1:inst1|lpm_mux:Mux2|mux_joc:auto_generated|_~114            ; |Lab5block|sseg1:inst1|lpm_mux:Mux2|mux_joc:auto_generated|_~114            ; out0             ;
; |Lab5block|sseg1:inst1|lpm_mux:Mux2|mux_joc:auto_generated|_~115            ; |Lab5block|sseg1:inst1|lpm_mux:Mux2|mux_joc:auto_generated|_~115            ; out0             ;
; |Lab5block|sseg1:inst1|lpm_mux:Mux2|mux_joc:auto_generated|_~118            ; |Lab5block|sseg1:inst1|lpm_mux:Mux2|mux_joc:auto_generated|_~118            ; out0             ;
; |Lab5block|sseg1:inst1|lpm_mux:Mux2|mux_joc:auto_generated|_~119            ; |Lab5block|sseg1:inst1|lpm_mux:Mux2|mux_joc:auto_generated|_~119            ; out0             ;
; |Lab5block|sseg1:inst1|lpm_mux:Mux2|mux_joc:auto_generated|_~120            ; |Lab5block|sseg1:inst1|lpm_mux:Mux2|mux_joc:auto_generated|_~120            ; out0             ;
; |Lab5block|sseg1:inst1|lpm_mux:Mux2|mux_joc:auto_generated|_~121            ; |Lab5block|sseg1:inst1|lpm_mux:Mux2|mux_joc:auto_generated|_~121            ; out0             ;
; |Lab5block|sseg1:inst1|lpm_mux:Mux2|mux_joc:auto_generated|_~122            ; |Lab5block|sseg1:inst1|lpm_mux:Mux2|mux_joc:auto_generated|_~122            ; out0             ;
; |Lab5block|sseg1:inst1|lpm_mux:Mux2|mux_joc:auto_generated|_~124            ; |Lab5block|sseg1:inst1|lpm_mux:Mux2|mux_joc:auto_generated|_~124            ; out0             ;
; |Lab5block|sseg1:inst1|lpm_mux:Mux2|mux_joc:auto_generated|_~126            ; |Lab5block|sseg1:inst1|lpm_mux:Mux2|mux_joc:auto_generated|_~126            ; out0             ;
; |Lab5block|sseg1:inst1|lpm_mux:Mux2|mux_joc:auto_generated|_~130            ; |Lab5block|sseg1:inst1|lpm_mux:Mux2|mux_joc:auto_generated|_~130            ; out0             ;
; |Lab5block|sseg1:inst1|lpm_mux:Mux2|mux_joc:auto_generated|_~131            ; |Lab5block|sseg1:inst1|lpm_mux:Mux2|mux_joc:auto_generated|_~131            ; out0             ;
; |Lab5block|sseg1:inst1|lpm_mux:Mux2|mux_joc:auto_generated|_~133            ; |Lab5block|sseg1:inst1|lpm_mux:Mux2|mux_joc:auto_generated|_~133            ; out0             ;
; |Lab5block|sseg1:inst1|lpm_mux:Mux2|mux_joc:auto_generated|_~135            ; |Lab5block|sseg1:inst1|lpm_mux:Mux2|mux_joc:auto_generated|_~135            ; out0             ;
; |Lab5block|sseg1:inst1|lpm_mux:Mux2|mux_joc:auto_generated|_~138            ; |Lab5block|sseg1:inst1|lpm_mux:Mux2|mux_joc:auto_generated|_~138            ; out0             ;
; |Lab5block|sseg1:inst1|lpm_mux:Mux2|mux_joc:auto_generated|_~141            ; |Lab5block|sseg1:inst1|lpm_mux:Mux2|mux_joc:auto_generated|_~141            ; out0             ;
; |Lab5block|sseg1:inst1|lpm_mux:Mux2|mux_joc:auto_generated|_~142            ; |Lab5block|sseg1:inst1|lpm_mux:Mux2|mux_joc:auto_generated|_~142            ; out0             ;
; |Lab5block|sseg1:inst1|lpm_mux:Mux2|mux_joc:auto_generated|_~143            ; |Lab5block|sseg1:inst1|lpm_mux:Mux2|mux_joc:auto_generated|_~143            ; out0             ;
; |Lab5block|sseg1:inst1|lpm_mux:Mux1|mux_joc:auto_generated|_~1              ; |Lab5block|sseg1:inst1|lpm_mux:Mux1|mux_joc:auto_generated|_~1              ; out0             ;
; |Lab5block|sseg1:inst1|lpm_mux:Mux1|mux_joc:auto_generated|_~2              ; |Lab5block|sseg1:inst1|lpm_mux:Mux1|mux_joc:auto_generated|_~2              ; out0             ;
; |Lab5block|sseg1:inst1|lpm_mux:Mux1|mux_joc:auto_generated|_~3              ; |Lab5block|sseg1:inst1|lpm_mux:Mux1|mux_joc:auto_generated|_~3              ; out0             ;
; |Lab5block|sseg1:inst1|lpm_mux:Mux1|mux_joc:auto_generated|_~4              ; |Lab5block|sseg1:inst1|lpm_mux:Mux1|mux_joc:auto_generated|_~4              ; out0             ;
; |Lab5block|sseg1:inst1|lpm_mux:Mux1|mux_joc:auto_generated|_~5              ; |Lab5block|sseg1:inst1|lpm_mux:Mux1|mux_joc:auto_generated|_~5              ; out0             ;
; |Lab5block|sseg1:inst1|lpm_mux:Mux1|mux_joc:auto_generated|_~7              ; |Lab5block|sseg1:inst1|lpm_mux:Mux1|mux_joc:auto_generated|_~7              ; out0             ;
; |Lab5block|sseg1:inst1|lpm_mux:Mux1|mux_joc:auto_generated|_~8              ; |Lab5block|sseg1:inst1|lpm_mux:Mux1|mux_joc:auto_generated|_~8              ; out0             ;
; |Lab5block|sseg1:inst1|lpm_mux:Mux1|mux_joc:auto_generated|_~10             ; |Lab5block|sseg1:inst1|lpm_mux:Mux1|mux_joc:auto_generated|_~10             ; out0             ;
; |Lab5block|sseg1:inst1|lpm_mux:Mux1|mux_joc:auto_generated|_~11             ; |Lab5block|sseg1:inst1|lpm_mux:Mux1|mux_joc:auto_generated|_~11             ; out0             ;
; |Lab5block|sseg1:inst1|lpm_mux:Mux1|mux_joc:auto_generated|_~12             ; |Lab5block|sseg1:inst1|lpm_mux:Mux1|mux_joc:auto_generated|_~12             ; out0             ;
; |Lab5block|sseg1:inst1|lpm_mux:Mux1|mux_joc:auto_generated|_~13             ; |Lab5block|sseg1:inst1|lpm_mux:Mux1|mux_joc:auto_generated|_~13             ; out0             ;
; |Lab5block|sseg1:inst1|lpm_mux:Mux1|mux_joc:auto_generated|_~14             ; |Lab5block|sseg1:inst1|lpm_mux:Mux1|mux_joc:auto_generated|_~14             ; out0             ;
; |Lab5block|sseg1:inst1|lpm_mux:Mux1|mux_joc:auto_generated|_~16             ; |Lab5block|sseg1:inst1|lpm_mux:Mux1|mux_joc:auto_generated|_~16             ; out0             ;
; |Lab5block|sseg1:inst1|lpm_mux:Mux1|mux_joc:auto_generated|_~17             ; |Lab5block|sseg1:inst1|lpm_mux:Mux1|mux_joc:auto_generated|_~17             ; out0             ;
; |Lab5block|sseg1:inst1|lpm_mux:Mux1|mux_joc:auto_generated|_~19             ; |Lab5block|sseg1:inst1|lpm_mux:Mux1|mux_joc:auto_generated|_~19             ; out0             ;
; |Lab5block|sseg1:inst1|lpm_mux:Mux1|mux_joc:auto_generated|_~20             ; |Lab5block|sseg1:inst1|lpm_mux:Mux1|mux_joc:auto_generated|_~20             ; out0             ;
; |Lab5block|sseg1:inst1|lpm_mux:Mux1|mux_joc:auto_generated|_~21             ; |Lab5block|sseg1:inst1|lpm_mux:Mux1|mux_joc:auto_generated|_~21             ; out0             ;
; |Lab5block|sseg1:inst1|lpm_mux:Mux1|mux_joc:auto_generated|_~23             ; |Lab5block|sseg1:inst1|lpm_mux:Mux1|mux_joc:auto_generated|_~23             ; out0             ;
; |Lab5block|sseg1:inst1|lpm_mux:Mux1|mux_joc:auto_generated|_~25             ; |Lab5block|sseg1:inst1|lpm_mux:Mux1|mux_joc:auto_generated|_~25             ; out0             ;
; |Lab5block|sseg1:inst1|lpm_mux:Mux1|mux_joc:auto_generated|_~27             ; |Lab5block|sseg1:inst1|lpm_mux:Mux1|mux_joc:auto_generated|_~27             ; out0             ;
; |Lab5block|sseg1:inst1|lpm_mux:Mux1|mux_joc:auto_generated|_~32             ; |Lab5block|sseg1:inst1|lpm_mux:Mux1|mux_joc:auto_generated|_~32             ; out0             ;
; |Lab5block|sseg1:inst1|lpm_mux:Mux1|mux_joc:auto_generated|_~34             ; |Lab5block|sseg1:inst1|lpm_mux:Mux1|mux_joc:auto_generated|_~34             ; out0             ;
; |Lab5block|sseg1:inst1|lpm_mux:Mux1|mux_joc:auto_generated|_~36             ; |Lab5block|sseg1:inst1|lpm_mux:Mux1|mux_joc:auto_generated|_~36             ; out0             ;
; |Lab5block|sseg1:inst1|lpm_mux:Mux1|mux_joc:auto_generated|_~39             ; |Lab5block|sseg1:inst1|lpm_mux:Mux1|mux_joc:auto_generated|_~39             ; out0             ;
; |Lab5block|sseg1:inst1|lpm_mux:Mux1|mux_joc:auto_generated|_~40             ; |Lab5block|sseg1:inst1|lpm_mux:Mux1|mux_joc:auto_generated|_~40             ; out0             ;
; |Lab5block|sseg1:inst1|lpm_mux:Mux1|mux_joc:auto_generated|_~43             ; |Lab5block|sseg1:inst1|lpm_mux:Mux1|mux_joc:auto_generated|_~43             ; out0             ;
; |Lab5block|sseg1:inst1|lpm_mux:Mux1|mux_joc:auto_generated|_~45             ; |Lab5block|sseg1:inst1|lpm_mux:Mux1|mux_joc:auto_generated|_~45             ; out0             ;
; |Lab5block|sseg1:inst1|lpm_mux:Mux1|mux_joc:auto_generated|_~48             ; |Lab5block|sseg1:inst1|lpm_mux:Mux1|mux_joc:auto_generated|_~48             ; out0             ;
; |Lab5block|sseg1:inst1|lpm_mux:Mux1|mux_joc:auto_generated|_~50             ; |Lab5block|sseg1:inst1|lpm_mux:Mux1|mux_joc:auto_generated|_~50             ; out0             ;
; |Lab5block|sseg1:inst1|lpm_mux:Mux1|mux_joc:auto_generated|_~53             ; |Lab5block|sseg1:inst1|lpm_mux:Mux1|mux_joc:auto_generated|_~53             ; out0             ;
; |Lab5block|sseg1:inst1|lpm_mux:Mux1|mux_joc:auto_generated|_~54             ; |Lab5block|sseg1:inst1|lpm_mux:Mux1|mux_joc:auto_generated|_~54             ; out0             ;
; |Lab5block|sseg1:inst1|lpm_mux:Mux1|mux_joc:auto_generated|_~55             ; |Lab5block|sseg1:inst1|lpm_mux:Mux1|mux_joc:auto_generated|_~55             ; out0             ;
; |Lab5block|sseg1:inst1|lpm_mux:Mux1|mux_joc:auto_generated|_~57             ; |Lab5block|sseg1:inst1|lpm_mux:Mux1|mux_joc:auto_generated|_~57             ; out0             ;
; |Lab5block|sseg1:inst1|lpm_mux:Mux1|mux_joc:auto_generated|_~59             ; |Lab5block|sseg1:inst1|lpm_mux:Mux1|mux_joc:auto_generated|_~59             ; out0             ;
; |Lab5block|sseg1:inst1|lpm_mux:Mux1|mux_joc:auto_generated|_~62             ; |Lab5block|sseg1:inst1|lpm_mux:Mux1|mux_joc:auto_generated|_~62             ; out0             ;
; |Lab5block|sseg1:inst1|lpm_mux:Mux1|mux_joc:auto_generated|_~63             ; |Lab5block|sseg1:inst1|lpm_mux:Mux1|mux_joc:auto_generated|_~63             ; out0             ;
; |Lab5block|sseg1:inst1|lpm_mux:Mux1|mux_joc:auto_generated|_~64             ; |Lab5block|sseg1:inst1|lpm_mux:Mux1|mux_joc:auto_generated|_~64             ; out0             ;
; |Lab5block|sseg1:inst1|lpm_mux:Mux1|mux_joc:auto_generated|_~65             ; |Lab5block|sseg1:inst1|lpm_mux:Mux1|mux_joc:auto_generated|_~65             ; out0             ;
; |Lab5block|sseg1:inst1|lpm_mux:Mux1|mux_joc:auto_generated|_~66             ; |Lab5block|sseg1:inst1|lpm_mux:Mux1|mux_joc:auto_generated|_~66             ; out0             ;
; |Lab5block|sseg1:inst1|lpm_mux:Mux1|mux_joc:auto_generated|_~67             ; |Lab5block|sseg1:inst1|lpm_mux:Mux1|mux_joc:auto_generated|_~67             ; out0             ;
; |Lab5block|sseg1:inst1|lpm_mux:Mux1|mux_joc:auto_generated|_~68             ; |Lab5block|sseg1:inst1|lpm_mux:Mux1|mux_joc:auto_generated|_~68             ; out0             ;
; |Lab5block|sseg1:inst1|lpm_mux:Mux1|mux_joc:auto_generated|_~69             ; |Lab5block|sseg1:inst1|lpm_mux:Mux1|mux_joc:auto_generated|_~69             ; out0             ;
; |Lab5block|sseg1:inst1|lpm_mux:Mux1|mux_joc:auto_generated|_~70             ; |Lab5block|sseg1:inst1|lpm_mux:Mux1|mux_joc:auto_generated|_~70             ; out0             ;
; |Lab5block|sseg1:inst1|lpm_mux:Mux1|mux_joc:auto_generated|_~71             ; |Lab5block|sseg1:inst1|lpm_mux:Mux1|mux_joc:auto_generated|_~71             ; out0             ;
; |Lab5block|sseg1:inst1|lpm_mux:Mux1|mux_joc:auto_generated|result_node[0]~0 ; |Lab5block|sseg1:inst1|lpm_mux:Mux1|mux_joc:auto_generated|result_node[0]~0 ; out0             ;
; |Lab5block|sseg1:inst1|lpm_mux:Mux1|mux_joc:auto_generated|_~73             ; |Lab5block|sseg1:inst1|lpm_mux:Mux1|mux_joc:auto_generated|_~73             ; out0             ;
; |Lab5block|sseg1:inst1|lpm_mux:Mux1|mux_joc:auto_generated|_~75             ; |Lab5block|sseg1:inst1|lpm_mux:Mux1|mux_joc:auto_generated|_~75             ; out0             ;
; |Lab5block|sseg1:inst1|lpm_mux:Mux1|mux_joc:auto_generated|_~77             ; |Lab5block|sseg1:inst1|lpm_mux:Mux1|mux_joc:auto_generated|_~77             ; out0             ;
; |Lab5block|sseg1:inst1|lpm_mux:Mux1|mux_joc:auto_generated|_~82             ; |Lab5block|sseg1:inst1|lpm_mux:Mux1|mux_joc:auto_generated|_~82             ; out0             ;
; |Lab5block|sseg1:inst1|lpm_mux:Mux1|mux_joc:auto_generated|_~84             ; |Lab5block|sseg1:inst1|lpm_mux:Mux1|mux_joc:auto_generated|_~84             ; out0             ;
; |Lab5block|sseg1:inst1|lpm_mux:Mux1|mux_joc:auto_generated|_~86             ; |Lab5block|sseg1:inst1|lpm_mux:Mux1|mux_joc:auto_generated|_~86             ; out0             ;
; |Lab5block|sseg1:inst1|lpm_mux:Mux1|mux_joc:auto_generated|_~89             ; |Lab5block|sseg1:inst1|lpm_mux:Mux1|mux_joc:auto_generated|_~89             ; out0             ;
; |Lab5block|sseg1:inst1|lpm_mux:Mux1|mux_joc:auto_generated|_~90             ; |Lab5block|sseg1:inst1|lpm_mux:Mux1|mux_joc:auto_generated|_~90             ; out0             ;
; |Lab5block|sseg1:inst1|lpm_mux:Mux1|mux_joc:auto_generated|_~93             ; |Lab5block|sseg1:inst1|lpm_mux:Mux1|mux_joc:auto_generated|_~93             ; out0             ;
; |Lab5block|sseg1:inst1|lpm_mux:Mux1|mux_joc:auto_generated|_~95             ; |Lab5block|sseg1:inst1|lpm_mux:Mux1|mux_joc:auto_generated|_~95             ; out0             ;
; |Lab5block|sseg1:inst1|lpm_mux:Mux1|mux_joc:auto_generated|_~98             ; |Lab5block|sseg1:inst1|lpm_mux:Mux1|mux_joc:auto_generated|_~98             ; out0             ;
; |Lab5block|sseg1:inst1|lpm_mux:Mux1|mux_joc:auto_generated|_~100            ; |Lab5block|sseg1:inst1|lpm_mux:Mux1|mux_joc:auto_generated|_~100            ; out0             ;
; |Lab5block|sseg1:inst1|lpm_mux:Mux1|mux_joc:auto_generated|_~103            ; |Lab5block|sseg1:inst1|lpm_mux:Mux1|mux_joc:auto_generated|_~103            ; out0             ;
; |Lab5block|sseg1:inst1|lpm_mux:Mux1|mux_joc:auto_generated|_~104            ; |Lab5block|sseg1:inst1|lpm_mux:Mux1|mux_joc:auto_generated|_~104            ; out0             ;
; |Lab5block|sseg1:inst1|lpm_mux:Mux1|mux_joc:auto_generated|_~105            ; |Lab5block|sseg1:inst1|lpm_mux:Mux1|mux_joc:auto_generated|_~105            ; out0             ;
; |Lab5block|sseg1:inst1|lpm_mux:Mux1|mux_joc:auto_generated|_~107            ; |Lab5block|sseg1:inst1|lpm_mux:Mux1|mux_joc:auto_generated|_~107            ; out0             ;
; |Lab5block|sseg1:inst1|lpm_mux:Mux1|mux_joc:auto_generated|_~109            ; |Lab5block|sseg1:inst1|lpm_mux:Mux1|mux_joc:auto_generated|_~109            ; out0             ;
; |Lab5block|sseg1:inst1|lpm_mux:Mux1|mux_joc:auto_generated|_~112            ; |Lab5block|sseg1:inst1|lpm_mux:Mux1|mux_joc:auto_generated|_~112            ; out0             ;
; |Lab5block|sseg1:inst1|lpm_mux:Mux1|mux_joc:auto_generated|_~113            ; |Lab5block|sseg1:inst1|lpm_mux:Mux1|mux_joc:auto_generated|_~113            ; out0             ;
; |Lab5block|sseg1:inst1|lpm_mux:Mux1|mux_joc:auto_generated|_~114            ; |Lab5block|sseg1:inst1|lpm_mux:Mux1|mux_joc:auto_generated|_~114            ; out0             ;
; |Lab5block|sseg1:inst1|lpm_mux:Mux1|mux_joc:auto_generated|_~115            ; |Lab5block|sseg1:inst1|lpm_mux:Mux1|mux_joc:auto_generated|_~115            ; out0             ;
; |Lab5block|sseg1:inst1|lpm_mux:Mux1|mux_joc:auto_generated|_~116            ; |Lab5block|sseg1:inst1|lpm_mux:Mux1|mux_joc:auto_generated|_~116            ; out0             ;
; |Lab5block|sseg1:inst1|lpm_mux:Mux1|mux_joc:auto_generated|_~117            ; |Lab5block|sseg1:inst1|lpm_mux:Mux1|mux_joc:auto_generated|_~117            ; out0             ;
; |Lab5block|sseg1:inst1|lpm_mux:Mux1|mux_joc:auto_generated|_~118            ; |Lab5block|sseg1:inst1|lpm_mux:Mux1|mux_joc:auto_generated|_~118            ; out0             ;
; |Lab5block|sseg1:inst1|lpm_mux:Mux1|mux_joc:auto_generated|_~119            ; |Lab5block|sseg1:inst1|lpm_mux:Mux1|mux_joc:auto_generated|_~119            ; out0             ;
; |Lab5block|sseg1:inst1|lpm_mux:Mux1|mux_joc:auto_generated|_~120            ; |Lab5block|sseg1:inst1|lpm_mux:Mux1|mux_joc:auto_generated|_~120            ; out0             ;
; |Lab5block|sseg1:inst1|lpm_mux:Mux1|mux_joc:auto_generated|_~121            ; |Lab5block|sseg1:inst1|lpm_mux:Mux1|mux_joc:auto_generated|_~121            ; out0             ;
; |Lab5block|sseg1:inst1|lpm_mux:Mux1|mux_joc:auto_generated|_~122            ; |Lab5block|sseg1:inst1|lpm_mux:Mux1|mux_joc:auto_generated|_~122            ; out0             ;
; |Lab5block|sseg1:inst1|lpm_mux:Mux1|mux_joc:auto_generated|_~124            ; |Lab5block|sseg1:inst1|lpm_mux:Mux1|mux_joc:auto_generated|_~124            ; out0             ;
; |Lab5block|sseg1:inst1|lpm_mux:Mux1|mux_joc:auto_generated|_~126            ; |Lab5block|sseg1:inst1|lpm_mux:Mux1|mux_joc:auto_generated|_~126            ; out0             ;
; |Lab5block|sseg1:inst1|lpm_mux:Mux1|mux_joc:auto_generated|_~130            ; |Lab5block|sseg1:inst1|lpm_mux:Mux1|mux_joc:auto_generated|_~130            ; out0             ;
; |Lab5block|sseg1:inst1|lpm_mux:Mux1|mux_joc:auto_generated|_~131            ; |Lab5block|sseg1:inst1|lpm_mux:Mux1|mux_joc:auto_generated|_~131            ; out0             ;
; |Lab5block|sseg1:inst1|lpm_mux:Mux1|mux_joc:auto_generated|_~133            ; |Lab5block|sseg1:inst1|lpm_mux:Mux1|mux_joc:auto_generated|_~133            ; out0             ;
; |Lab5block|sseg1:inst1|lpm_mux:Mux1|mux_joc:auto_generated|_~135            ; |Lab5block|sseg1:inst1|lpm_mux:Mux1|mux_joc:auto_generated|_~135            ; out0             ;
; |Lab5block|sseg1:inst1|lpm_mux:Mux1|mux_joc:auto_generated|_~138            ; |Lab5block|sseg1:inst1|lpm_mux:Mux1|mux_joc:auto_generated|_~138            ; out0             ;
; |Lab5block|sseg1:inst1|lpm_mux:Mux1|mux_joc:auto_generated|_~141            ; |Lab5block|sseg1:inst1|lpm_mux:Mux1|mux_joc:auto_generated|_~141            ; out0             ;
; |Lab5block|sseg1:inst1|lpm_mux:Mux1|mux_joc:auto_generated|_~142            ; |Lab5block|sseg1:inst1|lpm_mux:Mux1|mux_joc:auto_generated|_~142            ; out0             ;
; |Lab5block|sseg1:inst1|lpm_mux:Mux1|mux_joc:auto_generated|_~143            ; |Lab5block|sseg1:inst1|lpm_mux:Mux1|mux_joc:auto_generated|_~143            ; out0             ;
; |Lab5block|sseg1:inst1|lpm_mux:Mux1|mux_joc:auto_generated|result_node[0]   ; |Lab5block|sseg1:inst1|lpm_mux:Mux1|mux_joc:auto_generated|result_node[0]   ; out0             ;
; |Lab5block|sseg1:inst1|lpm_mux:Mux0|mux_joc:auto_generated|_~0              ; |Lab5block|sseg1:inst1|lpm_mux:Mux0|mux_joc:auto_generated|_~0              ; out0             ;
; |Lab5block|sseg1:inst1|lpm_mux:Mux0|mux_joc:auto_generated|_~1              ; |Lab5block|sseg1:inst1|lpm_mux:Mux0|mux_joc:auto_generated|_~1              ; out0             ;
; |Lab5block|sseg1:inst1|lpm_mux:Mux0|mux_joc:auto_generated|_~3              ; |Lab5block|sseg1:inst1|lpm_mux:Mux0|mux_joc:auto_generated|_~3              ; out0             ;
; |Lab5block|sseg1:inst1|lpm_mux:Mux0|mux_joc:auto_generated|_~5              ; |Lab5block|sseg1:inst1|lpm_mux:Mux0|mux_joc:auto_generated|_~5              ; out0             ;
; |Lab5block|sseg1:inst1|lpm_mux:Mux0|mux_joc:auto_generated|_~9              ; |Lab5block|sseg1:inst1|lpm_mux:Mux0|mux_joc:auto_generated|_~9              ; out0             ;
; |Lab5block|sseg1:inst1|lpm_mux:Mux0|mux_joc:auto_generated|_~10             ; |Lab5block|sseg1:inst1|lpm_mux:Mux0|mux_joc:auto_generated|_~10             ; out0             ;
; |Lab5block|sseg1:inst1|lpm_mux:Mux0|mux_joc:auto_generated|_~12             ; |Lab5block|sseg1:inst1|lpm_mux:Mux0|mux_joc:auto_generated|_~12             ; out0             ;
; |Lab5block|sseg1:inst1|lpm_mux:Mux0|mux_joc:auto_generated|_~14             ; |Lab5block|sseg1:inst1|lpm_mux:Mux0|mux_joc:auto_generated|_~14             ; out0             ;
; |Lab5block|sseg1:inst1|lpm_mux:Mux0|mux_joc:auto_generated|_~17             ; |Lab5block|sseg1:inst1|lpm_mux:Mux0|mux_joc:auto_generated|_~17             ; out0             ;
; |Lab5block|sseg1:inst1|lpm_mux:Mux0|mux_joc:auto_generated|_~18             ; |Lab5block|sseg1:inst1|lpm_mux:Mux0|mux_joc:auto_generated|_~18             ; out0             ;
; |Lab5block|sseg1:inst1|lpm_mux:Mux0|mux_joc:auto_generated|_~20             ; |Lab5block|sseg1:inst1|lpm_mux:Mux0|mux_joc:auto_generated|_~20             ; out0             ;
; |Lab5block|sseg1:inst1|lpm_mux:Mux0|mux_joc:auto_generated|_~23             ; |Lab5block|sseg1:inst1|lpm_mux:Mux0|mux_joc:auto_generated|_~23             ; out0             ;
; |Lab5block|sseg1:inst1|lpm_mux:Mux0|mux_joc:auto_generated|_~24             ; |Lab5block|sseg1:inst1|lpm_mux:Mux0|mux_joc:auto_generated|_~24             ; out0             ;
; |Lab5block|sseg1:inst1|lpm_mux:Mux0|mux_joc:auto_generated|_~25             ; |Lab5block|sseg1:inst1|lpm_mux:Mux0|mux_joc:auto_generated|_~25             ; out0             ;
; |Lab5block|sseg1:inst1|lpm_mux:Mux0|mux_joc:auto_generated|_~26             ; |Lab5block|sseg1:inst1|lpm_mux:Mux0|mux_joc:auto_generated|_~26             ; out0             ;
; |Lab5block|sseg1:inst1|lpm_mux:Mux0|mux_joc:auto_generated|_~27             ; |Lab5block|sseg1:inst1|lpm_mux:Mux0|mux_joc:auto_generated|_~27             ; out0             ;
; |Lab5block|sseg1:inst1|lpm_mux:Mux0|mux_joc:auto_generated|_~29             ; |Lab5block|sseg1:inst1|lpm_mux:Mux0|mux_joc:auto_generated|_~29             ; out0             ;
; |Lab5block|sseg1:inst1|lpm_mux:Mux0|mux_joc:auto_generated|_~30             ; |Lab5block|sseg1:inst1|lpm_mux:Mux0|mux_joc:auto_generated|_~30             ; out0             ;
; |Lab5block|sseg1:inst1|lpm_mux:Mux0|mux_joc:auto_generated|_~32             ; |Lab5block|sseg1:inst1|lpm_mux:Mux0|mux_joc:auto_generated|_~32             ; out0             ;
; |Lab5block|sseg1:inst1|lpm_mux:Mux0|mux_joc:auto_generated|_~33             ; |Lab5block|sseg1:inst1|lpm_mux:Mux0|mux_joc:auto_generated|_~33             ; out0             ;
; |Lab5block|sseg1:inst1|lpm_mux:Mux0|mux_joc:auto_generated|_~34             ; |Lab5block|sseg1:inst1|lpm_mux:Mux0|mux_joc:auto_generated|_~34             ; out0             ;
; |Lab5block|sseg1:inst1|lpm_mux:Mux0|mux_joc:auto_generated|_~35             ; |Lab5block|sseg1:inst1|lpm_mux:Mux0|mux_joc:auto_generated|_~35             ; out0             ;
; |Lab5block|sseg1:inst1|lpm_mux:Mux0|mux_joc:auto_generated|_~36             ; |Lab5block|sseg1:inst1|lpm_mux:Mux0|mux_joc:auto_generated|_~36             ; out0             ;
; |Lab5block|sseg1:inst1|lpm_mux:Mux0|mux_joc:auto_generated|_~38             ; |Lab5block|sseg1:inst1|lpm_mux:Mux0|mux_joc:auto_generated|_~38             ; out0             ;
; |Lab5block|sseg1:inst1|lpm_mux:Mux0|mux_joc:auto_generated|_~39             ; |Lab5block|sseg1:inst1|lpm_mux:Mux0|mux_joc:auto_generated|_~39             ; out0             ;
; |Lab5block|sseg1:inst1|lpm_mux:Mux0|mux_joc:auto_generated|_~40             ; |Lab5block|sseg1:inst1|lpm_mux:Mux0|mux_joc:auto_generated|_~40             ; out0             ;
; |Lab5block|sseg1:inst1|lpm_mux:Mux0|mux_joc:auto_generated|_~41             ; |Lab5block|sseg1:inst1|lpm_mux:Mux0|mux_joc:auto_generated|_~41             ; out0             ;
; |Lab5block|sseg1:inst1|lpm_mux:Mux0|mux_joc:auto_generated|_~42             ; |Lab5block|sseg1:inst1|lpm_mux:Mux0|mux_joc:auto_generated|_~42             ; out0             ;
; |Lab5block|sseg1:inst1|lpm_mux:Mux0|mux_joc:auto_generated|_~43             ; |Lab5block|sseg1:inst1|lpm_mux:Mux0|mux_joc:auto_generated|_~43             ; out0             ;
; |Lab5block|sseg1:inst1|lpm_mux:Mux0|mux_joc:auto_generated|_~44             ; |Lab5block|sseg1:inst1|lpm_mux:Mux0|mux_joc:auto_generated|_~44             ; out0             ;
; |Lab5block|sseg1:inst1|lpm_mux:Mux0|mux_joc:auto_generated|_~45             ; |Lab5block|sseg1:inst1|lpm_mux:Mux0|mux_joc:auto_generated|_~45             ; out0             ;
; |Lab5block|sseg1:inst1|lpm_mux:Mux0|mux_joc:auto_generated|_~46             ; |Lab5block|sseg1:inst1|lpm_mux:Mux0|mux_joc:auto_generated|_~46             ; out0             ;
; |Lab5block|sseg1:inst1|lpm_mux:Mux0|mux_joc:auto_generated|_~48             ; |Lab5block|sseg1:inst1|lpm_mux:Mux0|mux_joc:auto_generated|_~48             ; out0             ;
; |Lab5block|sseg1:inst1|lpm_mux:Mux0|mux_joc:auto_generated|_~50             ; |Lab5block|sseg1:inst1|lpm_mux:Mux0|mux_joc:auto_generated|_~50             ; out0             ;
; |Lab5block|sseg1:inst1|lpm_mux:Mux0|mux_joc:auto_generated|_~53             ; |Lab5block|sseg1:inst1|lpm_mux:Mux0|mux_joc:auto_generated|_~53             ; out0             ;
; |Lab5block|sseg1:inst1|lpm_mux:Mux0|mux_joc:auto_generated|_~54             ; |Lab5block|sseg1:inst1|lpm_mux:Mux0|mux_joc:auto_generated|_~54             ; out0             ;
; |Lab5block|sseg1:inst1|lpm_mux:Mux0|mux_joc:auto_generated|_~55             ; |Lab5block|sseg1:inst1|lpm_mux:Mux0|mux_joc:auto_generated|_~55             ; out0             ;
; |Lab5block|sseg1:inst1|lpm_mux:Mux0|mux_joc:auto_generated|_~57             ; |Lab5block|sseg1:inst1|lpm_mux:Mux0|mux_joc:auto_generated|_~57             ; out0             ;
; |Lab5block|sseg1:inst1|lpm_mux:Mux0|mux_joc:auto_generated|_~59             ; |Lab5block|sseg1:inst1|lpm_mux:Mux0|mux_joc:auto_generated|_~59             ; out0             ;
; |Lab5block|sseg1:inst1|lpm_mux:Mux0|mux_joc:auto_generated|_~62             ; |Lab5block|sseg1:inst1|lpm_mux:Mux0|mux_joc:auto_generated|_~62             ; out0             ;
; |Lab5block|sseg1:inst1|lpm_mux:Mux0|mux_joc:auto_generated|_~63             ; |Lab5block|sseg1:inst1|lpm_mux:Mux0|mux_joc:auto_generated|_~63             ; out0             ;
; |Lab5block|sseg1:inst1|lpm_mux:Mux0|mux_joc:auto_generated|_~64             ; |Lab5block|sseg1:inst1|lpm_mux:Mux0|mux_joc:auto_generated|_~64             ; out0             ;
; |Lab5block|sseg1:inst1|lpm_mux:Mux0|mux_joc:auto_generated|_~65             ; |Lab5block|sseg1:inst1|lpm_mux:Mux0|mux_joc:auto_generated|_~65             ; out0             ;
; |Lab5block|sseg1:inst1|lpm_mux:Mux0|mux_joc:auto_generated|_~66             ; |Lab5block|sseg1:inst1|lpm_mux:Mux0|mux_joc:auto_generated|_~66             ; out0             ;
; |Lab5block|sseg1:inst1|lpm_mux:Mux0|mux_joc:auto_generated|_~67             ; |Lab5block|sseg1:inst1|lpm_mux:Mux0|mux_joc:auto_generated|_~67             ; out0             ;
; |Lab5block|sseg1:inst1|lpm_mux:Mux0|mux_joc:auto_generated|_~68             ; |Lab5block|sseg1:inst1|lpm_mux:Mux0|mux_joc:auto_generated|_~68             ; out0             ;
; |Lab5block|sseg1:inst1|lpm_mux:Mux0|mux_joc:auto_generated|_~69             ; |Lab5block|sseg1:inst1|lpm_mux:Mux0|mux_joc:auto_generated|_~69             ; out0             ;
; |Lab5block|sseg1:inst1|lpm_mux:Mux0|mux_joc:auto_generated|_~70             ; |Lab5block|sseg1:inst1|lpm_mux:Mux0|mux_joc:auto_generated|_~70             ; out0             ;
; |Lab5block|sseg1:inst1|lpm_mux:Mux0|mux_joc:auto_generated|_~71             ; |Lab5block|sseg1:inst1|lpm_mux:Mux0|mux_joc:auto_generated|_~71             ; out0             ;
; |Lab5block|sseg1:inst1|lpm_mux:Mux0|mux_joc:auto_generated|_~73             ; |Lab5block|sseg1:inst1|lpm_mux:Mux0|mux_joc:auto_generated|_~73             ; out0             ;
; |Lab5block|sseg1:inst1|lpm_mux:Mux0|mux_joc:auto_generated|_~74             ; |Lab5block|sseg1:inst1|lpm_mux:Mux0|mux_joc:auto_generated|_~74             ; out0             ;
; |Lab5block|sseg1:inst1|lpm_mux:Mux0|mux_joc:auto_generated|_~75             ; |Lab5block|sseg1:inst1|lpm_mux:Mux0|mux_joc:auto_generated|_~75             ; out0             ;
; |Lab5block|sseg1:inst1|lpm_mux:Mux0|mux_joc:auto_generated|_~76             ; |Lab5block|sseg1:inst1|lpm_mux:Mux0|mux_joc:auto_generated|_~76             ; out0             ;
; |Lab5block|sseg1:inst1|lpm_mux:Mux0|mux_joc:auto_generated|_~77             ; |Lab5block|sseg1:inst1|lpm_mux:Mux0|mux_joc:auto_generated|_~77             ; out0             ;
; |Lab5block|sseg1:inst1|lpm_mux:Mux0|mux_joc:auto_generated|_~79             ; |Lab5block|sseg1:inst1|lpm_mux:Mux0|mux_joc:auto_generated|_~79             ; out0             ;
; |Lab5block|sseg1:inst1|lpm_mux:Mux0|mux_joc:auto_generated|_~80             ; |Lab5block|sseg1:inst1|lpm_mux:Mux0|mux_joc:auto_generated|_~80             ; out0             ;
; |Lab5block|sseg1:inst1|lpm_mux:Mux0|mux_joc:auto_generated|_~82             ; |Lab5block|sseg1:inst1|lpm_mux:Mux0|mux_joc:auto_generated|_~82             ; out0             ;
; |Lab5block|sseg1:inst1|lpm_mux:Mux0|mux_joc:auto_generated|_~83             ; |Lab5block|sseg1:inst1|lpm_mux:Mux0|mux_joc:auto_generated|_~83             ; out0             ;
; |Lab5block|sseg1:inst1|lpm_mux:Mux0|mux_joc:auto_generated|_~84             ; |Lab5block|sseg1:inst1|lpm_mux:Mux0|mux_joc:auto_generated|_~84             ; out0             ;
; |Lab5block|sseg1:inst1|lpm_mux:Mux0|mux_joc:auto_generated|_~85             ; |Lab5block|sseg1:inst1|lpm_mux:Mux0|mux_joc:auto_generated|_~85             ; out0             ;
; |Lab5block|sseg1:inst1|lpm_mux:Mux0|mux_joc:auto_generated|_~86             ; |Lab5block|sseg1:inst1|lpm_mux:Mux0|mux_joc:auto_generated|_~86             ; out0             ;
; |Lab5block|sseg1:inst1|lpm_mux:Mux0|mux_joc:auto_generated|_~88             ; |Lab5block|sseg1:inst1|lpm_mux:Mux0|mux_joc:auto_generated|_~88             ; out0             ;
; |Lab5block|sseg1:inst1|lpm_mux:Mux0|mux_joc:auto_generated|_~89             ; |Lab5block|sseg1:inst1|lpm_mux:Mux0|mux_joc:auto_generated|_~89             ; out0             ;
; |Lab5block|sseg1:inst1|lpm_mux:Mux0|mux_joc:auto_generated|_~90             ; |Lab5block|sseg1:inst1|lpm_mux:Mux0|mux_joc:auto_generated|_~90             ; out0             ;
; |Lab5block|sseg1:inst1|lpm_mux:Mux0|mux_joc:auto_generated|_~91             ; |Lab5block|sseg1:inst1|lpm_mux:Mux0|mux_joc:auto_generated|_~91             ; out0             ;
; |Lab5block|sseg1:inst1|lpm_mux:Mux0|mux_joc:auto_generated|_~92             ; |Lab5block|sseg1:inst1|lpm_mux:Mux0|mux_joc:auto_generated|_~92             ; out0             ;
; |Lab5block|sseg1:inst1|lpm_mux:Mux0|mux_joc:auto_generated|_~93             ; |Lab5block|sseg1:inst1|lpm_mux:Mux0|mux_joc:auto_generated|_~93             ; out0             ;
; |Lab5block|sseg1:inst1|lpm_mux:Mux0|mux_joc:auto_generated|_~94             ; |Lab5block|sseg1:inst1|lpm_mux:Mux0|mux_joc:auto_generated|_~94             ; out0             ;
; |Lab5block|sseg1:inst1|lpm_mux:Mux0|mux_joc:auto_generated|_~95             ; |Lab5block|sseg1:inst1|lpm_mux:Mux0|mux_joc:auto_generated|_~95             ; out0             ;
; |Lab5block|sseg1:inst1|lpm_mux:Mux0|mux_joc:auto_generated|_~96             ; |Lab5block|sseg1:inst1|lpm_mux:Mux0|mux_joc:auto_generated|_~96             ; out0             ;
; |Lab5block|sseg1:inst1|lpm_mux:Mux0|mux_joc:auto_generated|_~98             ; |Lab5block|sseg1:inst1|lpm_mux:Mux0|mux_joc:auto_generated|_~98             ; out0             ;
; |Lab5block|sseg1:inst1|lpm_mux:Mux0|mux_joc:auto_generated|_~100            ; |Lab5block|sseg1:inst1|lpm_mux:Mux0|mux_joc:auto_generated|_~100            ; out0             ;
; |Lab5block|sseg1:inst1|lpm_mux:Mux0|mux_joc:auto_generated|_~103            ; |Lab5block|sseg1:inst1|lpm_mux:Mux0|mux_joc:auto_generated|_~103            ; out0             ;
; |Lab5block|sseg1:inst1|lpm_mux:Mux0|mux_joc:auto_generated|_~104            ; |Lab5block|sseg1:inst1|lpm_mux:Mux0|mux_joc:auto_generated|_~104            ; out0             ;
; |Lab5block|sseg1:inst1|lpm_mux:Mux0|mux_joc:auto_generated|_~105            ; |Lab5block|sseg1:inst1|lpm_mux:Mux0|mux_joc:auto_generated|_~105            ; out0             ;
; |Lab5block|sseg1:inst1|lpm_mux:Mux0|mux_joc:auto_generated|_~107            ; |Lab5block|sseg1:inst1|lpm_mux:Mux0|mux_joc:auto_generated|_~107            ; out0             ;
; |Lab5block|sseg1:inst1|lpm_mux:Mux0|mux_joc:auto_generated|_~109            ; |Lab5block|sseg1:inst1|lpm_mux:Mux0|mux_joc:auto_generated|_~109            ; out0             ;
; |Lab5block|sseg1:inst1|lpm_mux:Mux0|mux_joc:auto_generated|_~112            ; |Lab5block|sseg1:inst1|lpm_mux:Mux0|mux_joc:auto_generated|_~112            ; out0             ;
; |Lab5block|sseg1:inst1|lpm_mux:Mux0|mux_joc:auto_generated|_~113            ; |Lab5block|sseg1:inst1|lpm_mux:Mux0|mux_joc:auto_generated|_~113            ; out0             ;
; |Lab5block|sseg1:inst1|lpm_mux:Mux0|mux_joc:auto_generated|_~114            ; |Lab5block|sseg1:inst1|lpm_mux:Mux0|mux_joc:auto_generated|_~114            ; out0             ;
; |Lab5block|sseg1:inst1|lpm_mux:Mux0|mux_joc:auto_generated|_~115            ; |Lab5block|sseg1:inst1|lpm_mux:Mux0|mux_joc:auto_generated|_~115            ; out0             ;
; |Lab5block|sseg1:inst1|lpm_mux:Mux0|mux_joc:auto_generated|_~116            ; |Lab5block|sseg1:inst1|lpm_mux:Mux0|mux_joc:auto_generated|_~116            ; out0             ;
; |Lab5block|sseg1:inst1|lpm_mux:Mux0|mux_joc:auto_generated|_~117            ; |Lab5block|sseg1:inst1|lpm_mux:Mux0|mux_joc:auto_generated|_~117            ; out0             ;
; |Lab5block|sseg1:inst1|lpm_mux:Mux0|mux_joc:auto_generated|_~118            ; |Lab5block|sseg1:inst1|lpm_mux:Mux0|mux_joc:auto_generated|_~118            ; out0             ;
; |Lab5block|sseg1:inst1|lpm_mux:Mux0|mux_joc:auto_generated|_~119            ; |Lab5block|sseg1:inst1|lpm_mux:Mux0|mux_joc:auto_generated|_~119            ; out0             ;
; |Lab5block|sseg1:inst1|lpm_mux:Mux0|mux_joc:auto_generated|_~120            ; |Lab5block|sseg1:inst1|lpm_mux:Mux0|mux_joc:auto_generated|_~120            ; out0             ;
; |Lab5block|sseg1:inst1|lpm_mux:Mux0|mux_joc:auto_generated|_~122            ; |Lab5block|sseg1:inst1|lpm_mux:Mux0|mux_joc:auto_generated|_~122            ; out0             ;
; |Lab5block|sseg1:inst1|lpm_mux:Mux0|mux_joc:auto_generated|_~123            ; |Lab5block|sseg1:inst1|lpm_mux:Mux0|mux_joc:auto_generated|_~123            ; out0             ;
; |Lab5block|sseg1:inst1|lpm_mux:Mux0|mux_joc:auto_generated|_~124            ; |Lab5block|sseg1:inst1|lpm_mux:Mux0|mux_joc:auto_generated|_~124            ; out0             ;
; |Lab5block|sseg1:inst1|lpm_mux:Mux0|mux_joc:auto_generated|_~125            ; |Lab5block|sseg1:inst1|lpm_mux:Mux0|mux_joc:auto_generated|_~125            ; out0             ;
; |Lab5block|sseg1:inst1|lpm_mux:Mux0|mux_joc:auto_generated|_~126            ; |Lab5block|sseg1:inst1|lpm_mux:Mux0|mux_joc:auto_generated|_~126            ; out0             ;
; |Lab5block|sseg1:inst1|lpm_mux:Mux0|mux_joc:auto_generated|_~128            ; |Lab5block|sseg1:inst1|lpm_mux:Mux0|mux_joc:auto_generated|_~128            ; out0             ;
; |Lab5block|sseg1:inst1|lpm_mux:Mux0|mux_joc:auto_generated|_~129            ; |Lab5block|sseg1:inst1|lpm_mux:Mux0|mux_joc:auto_generated|_~129            ; out0             ;
; |Lab5block|sseg1:inst1|lpm_mux:Mux0|mux_joc:auto_generated|_~131            ; |Lab5block|sseg1:inst1|lpm_mux:Mux0|mux_joc:auto_generated|_~131            ; out0             ;
; |Lab5block|sseg1:inst1|lpm_mux:Mux0|mux_joc:auto_generated|_~132            ; |Lab5block|sseg1:inst1|lpm_mux:Mux0|mux_joc:auto_generated|_~132            ; out0             ;
; |Lab5block|sseg1:inst1|lpm_mux:Mux0|mux_joc:auto_generated|_~133            ; |Lab5block|sseg1:inst1|lpm_mux:Mux0|mux_joc:auto_generated|_~133            ; out0             ;
; |Lab5block|sseg1:inst1|lpm_mux:Mux0|mux_joc:auto_generated|_~134            ; |Lab5block|sseg1:inst1|lpm_mux:Mux0|mux_joc:auto_generated|_~134            ; out0             ;
; |Lab5block|sseg1:inst1|lpm_mux:Mux0|mux_joc:auto_generated|_~135            ; |Lab5block|sseg1:inst1|lpm_mux:Mux0|mux_joc:auto_generated|_~135            ; out0             ;
; |Lab5block|sseg1:inst1|lpm_mux:Mux0|mux_joc:auto_generated|_~137            ; |Lab5block|sseg1:inst1|lpm_mux:Mux0|mux_joc:auto_generated|_~137            ; out0             ;
; |Lab5block|sseg1:inst1|lpm_mux:Mux0|mux_joc:auto_generated|_~138            ; |Lab5block|sseg1:inst1|lpm_mux:Mux0|mux_joc:auto_generated|_~138            ; out0             ;
; |Lab5block|sseg1:inst1|lpm_mux:Mux0|mux_joc:auto_generated|_~139            ; |Lab5block|sseg1:inst1|lpm_mux:Mux0|mux_joc:auto_generated|_~139            ; out0             ;
; |Lab5block|sseg1:inst1|lpm_mux:Mux0|mux_joc:auto_generated|_~140            ; |Lab5block|sseg1:inst1|lpm_mux:Mux0|mux_joc:auto_generated|_~140            ; out0             ;
; |Lab5block|sseg1:inst1|lpm_mux:Mux0|mux_joc:auto_generated|_~141            ; |Lab5block|sseg1:inst1|lpm_mux:Mux0|mux_joc:auto_generated|_~141            ; out0             ;
; |Lab5block|sseg1:inst1|lpm_mux:Mux0|mux_joc:auto_generated|_~142            ; |Lab5block|sseg1:inst1|lpm_mux:Mux0|mux_joc:auto_generated|_~142            ; out0             ;
; |Lab5block|sseg1:inst1|lpm_mux:Mux0|mux_joc:auto_generated|result_node[0]~1 ; |Lab5block|sseg1:inst1|lpm_mux:Mux0|mux_joc:auto_generated|result_node[0]~1 ; out0             ;
; |Lab5block|sseg1:inst1|lpm_mux:Mux0|mux_joc:auto_generated|result_node[0]   ; |Lab5block|sseg1:inst1|lpm_mux:Mux0|mux_joc:auto_generated|result_node[0]   ; out0             ;
; |Lab5block|sseg2:inst2|lpm_mux:Mux6|mux_joc:auto_generated|_~1              ; |Lab5block|sseg2:inst2|lpm_mux:Mux6|mux_joc:auto_generated|_~1              ; out0             ;
; |Lab5block|sseg2:inst2|lpm_mux:Mux6|mux_joc:auto_generated|_~3              ; |Lab5block|sseg2:inst2|lpm_mux:Mux6|mux_joc:auto_generated|_~3              ; out0             ;
; |Lab5block|sseg2:inst2|lpm_mux:Mux6|mux_joc:auto_generated|_~5              ; |Lab5block|sseg2:inst2|lpm_mux:Mux6|mux_joc:auto_generated|_~5              ; out0             ;
; |Lab5block|sseg2:inst2|lpm_mux:Mux6|mux_joc:auto_generated|_~6              ; |Lab5block|sseg2:inst2|lpm_mux:Mux6|mux_joc:auto_generated|_~6              ; out0             ;
; |Lab5block|sseg2:inst2|lpm_mux:Mux6|mux_joc:auto_generated|_~7              ; |Lab5block|sseg2:inst2|lpm_mux:Mux6|mux_joc:auto_generated|_~7              ; out0             ;
; |Lab5block|sseg2:inst2|lpm_mux:Mux6|mux_joc:auto_generated|_~8              ; |Lab5block|sseg2:inst2|lpm_mux:Mux6|mux_joc:auto_generated|_~8              ; out0             ;
; |Lab5block|sseg2:inst2|lpm_mux:Mux6|mux_joc:auto_generated|_~10             ; |Lab5block|sseg2:inst2|lpm_mux:Mux6|mux_joc:auto_generated|_~10             ; out0             ;
; |Lab5block|sseg2:inst2|lpm_mux:Mux6|mux_joc:auto_generated|_~12             ; |Lab5block|sseg2:inst2|lpm_mux:Mux6|mux_joc:auto_generated|_~12             ; out0             ;
; |Lab5block|sseg2:inst2|lpm_mux:Mux6|mux_joc:auto_generated|_~14             ; |Lab5block|sseg2:inst2|lpm_mux:Mux6|mux_joc:auto_generated|_~14             ; out0             ;
; |Lab5block|sseg2:inst2|lpm_mux:Mux6|mux_joc:auto_generated|_~15             ; |Lab5block|sseg2:inst2|lpm_mux:Mux6|mux_joc:auto_generated|_~15             ; out0             ;
; |Lab5block|sseg2:inst2|lpm_mux:Mux6|mux_joc:auto_generated|_~16             ; |Lab5block|sseg2:inst2|lpm_mux:Mux6|mux_joc:auto_generated|_~16             ; out0             ;
; |Lab5block|sseg2:inst2|lpm_mux:Mux6|mux_joc:auto_generated|_~17             ; |Lab5block|sseg2:inst2|lpm_mux:Mux6|mux_joc:auto_generated|_~17             ; out0             ;
; |Lab5block|sseg2:inst2|lpm_mux:Mux6|mux_joc:auto_generated|_~19             ; |Lab5block|sseg2:inst2|lpm_mux:Mux6|mux_joc:auto_generated|_~19             ; out0             ;
; |Lab5block|sseg2:inst2|lpm_mux:Mux6|mux_joc:auto_generated|_~20             ; |Lab5block|sseg2:inst2|lpm_mux:Mux6|mux_joc:auto_generated|_~20             ; out0             ;
; |Lab5block|sseg2:inst2|lpm_mux:Mux6|mux_joc:auto_generated|_~21             ; |Lab5block|sseg2:inst2|lpm_mux:Mux6|mux_joc:auto_generated|_~21             ; out0             ;
; |Lab5block|sseg2:inst2|lpm_mux:Mux6|mux_joc:auto_generated|_~22             ; |Lab5block|sseg2:inst2|lpm_mux:Mux6|mux_joc:auto_generated|_~22             ; out0             ;
; |Lab5block|sseg2:inst2|lpm_mux:Mux6|mux_joc:auto_generated|_~23             ; |Lab5block|sseg2:inst2|lpm_mux:Mux6|mux_joc:auto_generated|_~23             ; out0             ;
; |Lab5block|sseg2:inst2|lpm_mux:Mux6|mux_joc:auto_generated|_~24             ; |Lab5block|sseg2:inst2|lpm_mux:Mux6|mux_joc:auto_generated|_~24             ; out0             ;
; |Lab5block|sseg2:inst2|lpm_mux:Mux6|mux_joc:auto_generated|_~25             ; |Lab5block|sseg2:inst2|lpm_mux:Mux6|mux_joc:auto_generated|_~25             ; out0             ;
; |Lab5block|sseg2:inst2|lpm_mux:Mux6|mux_joc:auto_generated|_~26             ; |Lab5block|sseg2:inst2|lpm_mux:Mux6|mux_joc:auto_generated|_~26             ; out0             ;
; |Lab5block|sseg2:inst2|lpm_mux:Mux6|mux_joc:auto_generated|_~27             ; |Lab5block|sseg2:inst2|lpm_mux:Mux6|mux_joc:auto_generated|_~27             ; out0             ;
; |Lab5block|sseg2:inst2|lpm_mux:Mux6|mux_joc:auto_generated|_~28             ; |Lab5block|sseg2:inst2|lpm_mux:Mux6|mux_joc:auto_generated|_~28             ; out0             ;
; |Lab5block|sseg2:inst2|lpm_mux:Mux6|mux_joc:auto_generated|_~29             ; |Lab5block|sseg2:inst2|lpm_mux:Mux6|mux_joc:auto_generated|_~29             ; out0             ;
; |Lab5block|sseg2:inst2|lpm_mux:Mux6|mux_joc:auto_generated|_~30             ; |Lab5block|sseg2:inst2|lpm_mux:Mux6|mux_joc:auto_generated|_~30             ; out0             ;
; |Lab5block|sseg2:inst2|lpm_mux:Mux6|mux_joc:auto_generated|_~31             ; |Lab5block|sseg2:inst2|lpm_mux:Mux6|mux_joc:auto_generated|_~31             ; out0             ;
; |Lab5block|sseg2:inst2|lpm_mux:Mux6|mux_joc:auto_generated|_~32             ; |Lab5block|sseg2:inst2|lpm_mux:Mux6|mux_joc:auto_generated|_~32             ; out0             ;
; |Lab5block|sseg2:inst2|lpm_mux:Mux6|mux_joc:auto_generated|_~33             ; |Lab5block|sseg2:inst2|lpm_mux:Mux6|mux_joc:auto_generated|_~33             ; out0             ;
; |Lab5block|sseg2:inst2|lpm_mux:Mux6|mux_joc:auto_generated|_~34             ; |Lab5block|sseg2:inst2|lpm_mux:Mux6|mux_joc:auto_generated|_~34             ; out0             ;
; |Lab5block|sseg2:inst2|lpm_mux:Mux6|mux_joc:auto_generated|_~35             ; |Lab5block|sseg2:inst2|lpm_mux:Mux6|mux_joc:auto_generated|_~35             ; out0             ;
; |Lab5block|sseg2:inst2|lpm_mux:Mux6|mux_joc:auto_generated|_~36             ; |Lab5block|sseg2:inst2|lpm_mux:Mux6|mux_joc:auto_generated|_~36             ; out0             ;
; |Lab5block|sseg2:inst2|lpm_mux:Mux6|mux_joc:auto_generated|_~37             ; |Lab5block|sseg2:inst2|lpm_mux:Mux6|mux_joc:auto_generated|_~37             ; out0             ;
; |Lab5block|sseg2:inst2|lpm_mux:Mux6|mux_joc:auto_generated|_~38             ; |Lab5block|sseg2:inst2|lpm_mux:Mux6|mux_joc:auto_generated|_~38             ; out0             ;
; |Lab5block|sseg2:inst2|lpm_mux:Mux6|mux_joc:auto_generated|_~39             ; |Lab5block|sseg2:inst2|lpm_mux:Mux6|mux_joc:auto_generated|_~39             ; out0             ;
; |Lab5block|sseg2:inst2|lpm_mux:Mux6|mux_joc:auto_generated|_~40             ; |Lab5block|sseg2:inst2|lpm_mux:Mux6|mux_joc:auto_generated|_~40             ; out0             ;
; |Lab5block|sseg2:inst2|lpm_mux:Mux6|mux_joc:auto_generated|_~41             ; |Lab5block|sseg2:inst2|lpm_mux:Mux6|mux_joc:auto_generated|_~41             ; out0             ;
; |Lab5block|sseg2:inst2|lpm_mux:Mux6|mux_joc:auto_generated|_~42             ; |Lab5block|sseg2:inst2|lpm_mux:Mux6|mux_joc:auto_generated|_~42             ; out0             ;
; |Lab5block|sseg2:inst2|lpm_mux:Mux6|mux_joc:auto_generated|_~43             ; |Lab5block|sseg2:inst2|lpm_mux:Mux6|mux_joc:auto_generated|_~43             ; out0             ;
; |Lab5block|sseg2:inst2|lpm_mux:Mux6|mux_joc:auto_generated|_~44             ; |Lab5block|sseg2:inst2|lpm_mux:Mux6|mux_joc:auto_generated|_~44             ; out0             ;
; |Lab5block|sseg2:inst2|lpm_mux:Mux6|mux_joc:auto_generated|_~45             ; |Lab5block|sseg2:inst2|lpm_mux:Mux6|mux_joc:auto_generated|_~45             ; out0             ;
; |Lab5block|sseg2:inst2|lpm_mux:Mux6|mux_joc:auto_generated|_~46             ; |Lab5block|sseg2:inst2|lpm_mux:Mux6|mux_joc:auto_generated|_~46             ; out0             ;
; |Lab5block|sseg2:inst2|lpm_mux:Mux6|mux_joc:auto_generated|_~48             ; |Lab5block|sseg2:inst2|lpm_mux:Mux6|mux_joc:auto_generated|_~48             ; out0             ;
; |Lab5block|sseg2:inst2|lpm_mux:Mux6|mux_joc:auto_generated|_~50             ; |Lab5block|sseg2:inst2|lpm_mux:Mux6|mux_joc:auto_generated|_~50             ; out0             ;
; |Lab5block|sseg2:inst2|lpm_mux:Mux6|mux_joc:auto_generated|_~52             ; |Lab5block|sseg2:inst2|lpm_mux:Mux6|mux_joc:auto_generated|_~52             ; out0             ;
; |Lab5block|sseg2:inst2|lpm_mux:Mux6|mux_joc:auto_generated|_~53             ; |Lab5block|sseg2:inst2|lpm_mux:Mux6|mux_joc:auto_generated|_~53             ; out0             ;
; |Lab5block|sseg2:inst2|lpm_mux:Mux6|mux_joc:auto_generated|_~54             ; |Lab5block|sseg2:inst2|lpm_mux:Mux6|mux_joc:auto_generated|_~54             ; out0             ;
; |Lab5block|sseg2:inst2|lpm_mux:Mux6|mux_joc:auto_generated|_~55             ; |Lab5block|sseg2:inst2|lpm_mux:Mux6|mux_joc:auto_generated|_~55             ; out0             ;
; |Lab5block|sseg2:inst2|lpm_mux:Mux6|mux_joc:auto_generated|_~57             ; |Lab5block|sseg2:inst2|lpm_mux:Mux6|mux_joc:auto_generated|_~57             ; out0             ;
; |Lab5block|sseg2:inst2|lpm_mux:Mux6|mux_joc:auto_generated|_~59             ; |Lab5block|sseg2:inst2|lpm_mux:Mux6|mux_joc:auto_generated|_~59             ; out0             ;
; |Lab5block|sseg2:inst2|lpm_mux:Mux6|mux_joc:auto_generated|_~61             ; |Lab5block|sseg2:inst2|lpm_mux:Mux6|mux_joc:auto_generated|_~61             ; out0             ;
; |Lab5block|sseg2:inst2|lpm_mux:Mux6|mux_joc:auto_generated|_~62             ; |Lab5block|sseg2:inst2|lpm_mux:Mux6|mux_joc:auto_generated|_~62             ; out0             ;
; |Lab5block|sseg2:inst2|lpm_mux:Mux6|mux_joc:auto_generated|_~63             ; |Lab5block|sseg2:inst2|lpm_mux:Mux6|mux_joc:auto_generated|_~63             ; out0             ;
; |Lab5block|sseg2:inst2|lpm_mux:Mux6|mux_joc:auto_generated|_~64             ; |Lab5block|sseg2:inst2|lpm_mux:Mux6|mux_joc:auto_generated|_~64             ; out0             ;
; |Lab5block|sseg2:inst2|lpm_mux:Mux6|mux_joc:auto_generated|_~65             ; |Lab5block|sseg2:inst2|lpm_mux:Mux6|mux_joc:auto_generated|_~65             ; out0             ;
; |Lab5block|sseg2:inst2|lpm_mux:Mux6|mux_joc:auto_generated|_~68             ; |Lab5block|sseg2:inst2|lpm_mux:Mux6|mux_joc:auto_generated|_~68             ; out0             ;
; |Lab5block|sseg2:inst2|lpm_mux:Mux6|mux_joc:auto_generated|_~70             ; |Lab5block|sseg2:inst2|lpm_mux:Mux6|mux_joc:auto_generated|_~70             ; out0             ;
; |Lab5block|sseg2:inst2|lpm_mux:Mux6|mux_joc:auto_generated|_~71             ; |Lab5block|sseg2:inst2|lpm_mux:Mux6|mux_joc:auto_generated|_~71             ; out0             ;
; |Lab5block|sseg2:inst2|lpm_mux:Mux6|mux_joc:auto_generated|result_node[0]~0 ; |Lab5block|sseg2:inst2|lpm_mux:Mux6|mux_joc:auto_generated|result_node[0]~0 ; out0             ;
; |Lab5block|sseg2:inst2|lpm_mux:Mux6|mux_joc:auto_generated|_~72             ; |Lab5block|sseg2:inst2|lpm_mux:Mux6|mux_joc:auto_generated|_~72             ; out0             ;
; |Lab5block|sseg2:inst2|lpm_mux:Mux6|mux_joc:auto_generated|_~73             ; |Lab5block|sseg2:inst2|lpm_mux:Mux6|mux_joc:auto_generated|_~73             ; out0             ;
; |Lab5block|sseg2:inst2|lpm_mux:Mux6|mux_joc:auto_generated|_~74             ; |Lab5block|sseg2:inst2|lpm_mux:Mux6|mux_joc:auto_generated|_~74             ; out0             ;
; |Lab5block|sseg2:inst2|lpm_mux:Mux6|mux_joc:auto_generated|_~75             ; |Lab5block|sseg2:inst2|lpm_mux:Mux6|mux_joc:auto_generated|_~75             ; out0             ;
; |Lab5block|sseg2:inst2|lpm_mux:Mux6|mux_joc:auto_generated|_~76             ; |Lab5block|sseg2:inst2|lpm_mux:Mux6|mux_joc:auto_generated|_~76             ; out0             ;
; |Lab5block|sseg2:inst2|lpm_mux:Mux6|mux_joc:auto_generated|_~77             ; |Lab5block|sseg2:inst2|lpm_mux:Mux6|mux_joc:auto_generated|_~77             ; out0             ;
; |Lab5block|sseg2:inst2|lpm_mux:Mux6|mux_joc:auto_generated|_~78             ; |Lab5block|sseg2:inst2|lpm_mux:Mux6|mux_joc:auto_generated|_~78             ; out0             ;
; |Lab5block|sseg2:inst2|lpm_mux:Mux6|mux_joc:auto_generated|_~79             ; |Lab5block|sseg2:inst2|lpm_mux:Mux6|mux_joc:auto_generated|_~79             ; out0             ;
; |Lab5block|sseg2:inst2|lpm_mux:Mux6|mux_joc:auto_generated|_~80             ; |Lab5block|sseg2:inst2|lpm_mux:Mux6|mux_joc:auto_generated|_~80             ; out0             ;
; |Lab5block|sseg2:inst2|lpm_mux:Mux6|mux_joc:auto_generated|_~81             ; |Lab5block|sseg2:inst2|lpm_mux:Mux6|mux_joc:auto_generated|_~81             ; out0             ;
; |Lab5block|sseg2:inst2|lpm_mux:Mux6|mux_joc:auto_generated|_~82             ; |Lab5block|sseg2:inst2|lpm_mux:Mux6|mux_joc:auto_generated|_~82             ; out0             ;
; |Lab5block|sseg2:inst2|lpm_mux:Mux6|mux_joc:auto_generated|_~83             ; |Lab5block|sseg2:inst2|lpm_mux:Mux6|mux_joc:auto_generated|_~83             ; out0             ;
; |Lab5block|sseg2:inst2|lpm_mux:Mux6|mux_joc:auto_generated|_~84             ; |Lab5block|sseg2:inst2|lpm_mux:Mux6|mux_joc:auto_generated|_~84             ; out0             ;
; |Lab5block|sseg2:inst2|lpm_mux:Mux6|mux_joc:auto_generated|_~85             ; |Lab5block|sseg2:inst2|lpm_mux:Mux6|mux_joc:auto_generated|_~85             ; out0             ;
; |Lab5block|sseg2:inst2|lpm_mux:Mux6|mux_joc:auto_generated|_~86             ; |Lab5block|sseg2:inst2|lpm_mux:Mux6|mux_joc:auto_generated|_~86             ; out0             ;
; |Lab5block|sseg2:inst2|lpm_mux:Mux6|mux_joc:auto_generated|_~87             ; |Lab5block|sseg2:inst2|lpm_mux:Mux6|mux_joc:auto_generated|_~87             ; out0             ;
; |Lab5block|sseg2:inst2|lpm_mux:Mux6|mux_joc:auto_generated|_~88             ; |Lab5block|sseg2:inst2|lpm_mux:Mux6|mux_joc:auto_generated|_~88             ; out0             ;
; |Lab5block|sseg2:inst2|lpm_mux:Mux6|mux_joc:auto_generated|_~89             ; |Lab5block|sseg2:inst2|lpm_mux:Mux6|mux_joc:auto_generated|_~89             ; out0             ;
; |Lab5block|sseg2:inst2|lpm_mux:Mux6|mux_joc:auto_generated|_~90             ; |Lab5block|sseg2:inst2|lpm_mux:Mux6|mux_joc:auto_generated|_~90             ; out0             ;
; |Lab5block|sseg2:inst2|lpm_mux:Mux6|mux_joc:auto_generated|_~91             ; |Lab5block|sseg2:inst2|lpm_mux:Mux6|mux_joc:auto_generated|_~91             ; out0             ;
; |Lab5block|sseg2:inst2|lpm_mux:Mux6|mux_joc:auto_generated|_~92             ; |Lab5block|sseg2:inst2|lpm_mux:Mux6|mux_joc:auto_generated|_~92             ; out0             ;
; |Lab5block|sseg2:inst2|lpm_mux:Mux6|mux_joc:auto_generated|_~93             ; |Lab5block|sseg2:inst2|lpm_mux:Mux6|mux_joc:auto_generated|_~93             ; out0             ;
; |Lab5block|sseg2:inst2|lpm_mux:Mux6|mux_joc:auto_generated|_~94             ; |Lab5block|sseg2:inst2|lpm_mux:Mux6|mux_joc:auto_generated|_~94             ; out0             ;
; |Lab5block|sseg2:inst2|lpm_mux:Mux6|mux_joc:auto_generated|_~95             ; |Lab5block|sseg2:inst2|lpm_mux:Mux6|mux_joc:auto_generated|_~95             ; out0             ;
; |Lab5block|sseg2:inst2|lpm_mux:Mux6|mux_joc:auto_generated|_~96             ; |Lab5block|sseg2:inst2|lpm_mux:Mux6|mux_joc:auto_generated|_~96             ; out0             ;
; |Lab5block|sseg2:inst2|lpm_mux:Mux6|mux_joc:auto_generated|_~98             ; |Lab5block|sseg2:inst2|lpm_mux:Mux6|mux_joc:auto_generated|_~98             ; out0             ;
; |Lab5block|sseg2:inst2|lpm_mux:Mux6|mux_joc:auto_generated|_~100            ; |Lab5block|sseg2:inst2|lpm_mux:Mux6|mux_joc:auto_generated|_~100            ; out0             ;
; |Lab5block|sseg2:inst2|lpm_mux:Mux6|mux_joc:auto_generated|_~102            ; |Lab5block|sseg2:inst2|lpm_mux:Mux6|mux_joc:auto_generated|_~102            ; out0             ;
; |Lab5block|sseg2:inst2|lpm_mux:Mux6|mux_joc:auto_generated|_~103            ; |Lab5block|sseg2:inst2|lpm_mux:Mux6|mux_joc:auto_generated|_~103            ; out0             ;
; |Lab5block|sseg2:inst2|lpm_mux:Mux6|mux_joc:auto_generated|_~104            ; |Lab5block|sseg2:inst2|lpm_mux:Mux6|mux_joc:auto_generated|_~104            ; out0             ;
; |Lab5block|sseg2:inst2|lpm_mux:Mux6|mux_joc:auto_generated|_~105            ; |Lab5block|sseg2:inst2|lpm_mux:Mux6|mux_joc:auto_generated|_~105            ; out0             ;
; |Lab5block|sseg2:inst2|lpm_mux:Mux6|mux_joc:auto_generated|_~107            ; |Lab5block|sseg2:inst2|lpm_mux:Mux6|mux_joc:auto_generated|_~107            ; out0             ;
; |Lab5block|sseg2:inst2|lpm_mux:Mux6|mux_joc:auto_generated|_~109            ; |Lab5block|sseg2:inst2|lpm_mux:Mux6|mux_joc:auto_generated|_~109            ; out0             ;
; |Lab5block|sseg2:inst2|lpm_mux:Mux6|mux_joc:auto_generated|_~111            ; |Lab5block|sseg2:inst2|lpm_mux:Mux6|mux_joc:auto_generated|_~111            ; out0             ;
; |Lab5block|sseg2:inst2|lpm_mux:Mux6|mux_joc:auto_generated|_~112            ; |Lab5block|sseg2:inst2|lpm_mux:Mux6|mux_joc:auto_generated|_~112            ; out0             ;
; |Lab5block|sseg2:inst2|lpm_mux:Mux6|mux_joc:auto_generated|_~113            ; |Lab5block|sseg2:inst2|lpm_mux:Mux6|mux_joc:auto_generated|_~113            ; out0             ;
; |Lab5block|sseg2:inst2|lpm_mux:Mux6|mux_joc:auto_generated|_~114            ; |Lab5block|sseg2:inst2|lpm_mux:Mux6|mux_joc:auto_generated|_~114            ; out0             ;
; |Lab5block|sseg2:inst2|lpm_mux:Mux6|mux_joc:auto_generated|_~115            ; |Lab5block|sseg2:inst2|lpm_mux:Mux6|mux_joc:auto_generated|_~115            ; out0             ;
; |Lab5block|sseg2:inst2|lpm_mux:Mux6|mux_joc:auto_generated|_~118            ; |Lab5block|sseg2:inst2|lpm_mux:Mux6|mux_joc:auto_generated|_~118            ; out0             ;
; |Lab5block|sseg2:inst2|lpm_mux:Mux6|mux_joc:auto_generated|_~120            ; |Lab5block|sseg2:inst2|lpm_mux:Mux6|mux_joc:auto_generated|_~120            ; out0             ;
; |Lab5block|sseg2:inst2|lpm_mux:Mux6|mux_joc:auto_generated|_~122            ; |Lab5block|sseg2:inst2|lpm_mux:Mux6|mux_joc:auto_generated|_~122            ; out0             ;
; |Lab5block|sseg2:inst2|lpm_mux:Mux6|mux_joc:auto_generated|_~123            ; |Lab5block|sseg2:inst2|lpm_mux:Mux6|mux_joc:auto_generated|_~123            ; out0             ;
; |Lab5block|sseg2:inst2|lpm_mux:Mux6|mux_joc:auto_generated|_~124            ; |Lab5block|sseg2:inst2|lpm_mux:Mux6|mux_joc:auto_generated|_~124            ; out0             ;
; |Lab5block|sseg2:inst2|lpm_mux:Mux6|mux_joc:auto_generated|_~125            ; |Lab5block|sseg2:inst2|lpm_mux:Mux6|mux_joc:auto_generated|_~125            ; out0             ;
; |Lab5block|sseg2:inst2|lpm_mux:Mux6|mux_joc:auto_generated|_~126            ; |Lab5block|sseg2:inst2|lpm_mux:Mux6|mux_joc:auto_generated|_~126            ; out0             ;
; |Lab5block|sseg2:inst2|lpm_mux:Mux6|mux_joc:auto_generated|_~127            ; |Lab5block|sseg2:inst2|lpm_mux:Mux6|mux_joc:auto_generated|_~127            ; out0             ;
; |Lab5block|sseg2:inst2|lpm_mux:Mux6|mux_joc:auto_generated|_~128            ; |Lab5block|sseg2:inst2|lpm_mux:Mux6|mux_joc:auto_generated|_~128            ; out0             ;
; |Lab5block|sseg2:inst2|lpm_mux:Mux6|mux_joc:auto_generated|_~129            ; |Lab5block|sseg2:inst2|lpm_mux:Mux6|mux_joc:auto_generated|_~129            ; out0             ;
; |Lab5block|sseg2:inst2|lpm_mux:Mux6|mux_joc:auto_generated|_~131            ; |Lab5block|sseg2:inst2|lpm_mux:Mux6|mux_joc:auto_generated|_~131            ; out0             ;
; |Lab5block|sseg2:inst2|lpm_mux:Mux6|mux_joc:auto_generated|_~132            ; |Lab5block|sseg2:inst2|lpm_mux:Mux6|mux_joc:auto_generated|_~132            ; out0             ;
; |Lab5block|sseg2:inst2|lpm_mux:Mux6|mux_joc:auto_generated|_~133            ; |Lab5block|sseg2:inst2|lpm_mux:Mux6|mux_joc:auto_generated|_~133            ; out0             ;
; |Lab5block|sseg2:inst2|lpm_mux:Mux6|mux_joc:auto_generated|_~134            ; |Lab5block|sseg2:inst2|lpm_mux:Mux6|mux_joc:auto_generated|_~134            ; out0             ;
; |Lab5block|sseg2:inst2|lpm_mux:Mux6|mux_joc:auto_generated|_~135            ; |Lab5block|sseg2:inst2|lpm_mux:Mux6|mux_joc:auto_generated|_~135            ; out0             ;
; |Lab5block|sseg2:inst2|lpm_mux:Mux6|mux_joc:auto_generated|_~136            ; |Lab5block|sseg2:inst2|lpm_mux:Mux6|mux_joc:auto_generated|_~136            ; out0             ;
; |Lab5block|sseg2:inst2|lpm_mux:Mux6|mux_joc:auto_generated|_~137            ; |Lab5block|sseg2:inst2|lpm_mux:Mux6|mux_joc:auto_generated|_~137            ; out0             ;
; |Lab5block|sseg2:inst2|lpm_mux:Mux6|mux_joc:auto_generated|_~138            ; |Lab5block|sseg2:inst2|lpm_mux:Mux6|mux_joc:auto_generated|_~138            ; out0             ;
; |Lab5block|sseg2:inst2|lpm_mux:Mux6|mux_joc:auto_generated|_~140            ; |Lab5block|sseg2:inst2|lpm_mux:Mux6|mux_joc:auto_generated|_~140            ; out0             ;
; |Lab5block|sseg2:inst2|lpm_mux:Mux6|mux_joc:auto_generated|_~141            ; |Lab5block|sseg2:inst2|lpm_mux:Mux6|mux_joc:auto_generated|_~141            ; out0             ;
; |Lab5block|sseg2:inst2|lpm_mux:Mux6|mux_joc:auto_generated|_~142            ; |Lab5block|sseg2:inst2|lpm_mux:Mux6|mux_joc:auto_generated|_~142            ; out0             ;
; |Lab5block|sseg2:inst2|lpm_mux:Mux6|mux_joc:auto_generated|_~143            ; |Lab5block|sseg2:inst2|lpm_mux:Mux6|mux_joc:auto_generated|_~143            ; out0             ;
; |Lab5block|sseg2:inst2|lpm_mux:Mux6|mux_joc:auto_generated|result_node[0]~1 ; |Lab5block|sseg2:inst2|lpm_mux:Mux6|mux_joc:auto_generated|result_node[0]~1 ; out0             ;
; |Lab5block|sseg2:inst2|lpm_mux:Mux6|mux_joc:auto_generated|result_node[0]   ; |Lab5block|sseg2:inst2|lpm_mux:Mux6|mux_joc:auto_generated|result_node[0]   ; out0             ;
; |Lab5block|sseg2:inst2|lpm_mux:Mux5|mux_joc:auto_generated|_~1              ; |Lab5block|sseg2:inst2|lpm_mux:Mux5|mux_joc:auto_generated|_~1              ; out0             ;
; |Lab5block|sseg2:inst2|lpm_mux:Mux5|mux_joc:auto_generated|_~3              ; |Lab5block|sseg2:inst2|lpm_mux:Mux5|mux_joc:auto_generated|_~3              ; out0             ;
; |Lab5block|sseg2:inst2|lpm_mux:Mux5|mux_joc:auto_generated|_~5              ; |Lab5block|sseg2:inst2|lpm_mux:Mux5|mux_joc:auto_generated|_~5              ; out0             ;
; |Lab5block|sseg2:inst2|lpm_mux:Mux5|mux_joc:auto_generated|_~6              ; |Lab5block|sseg2:inst2|lpm_mux:Mux5|mux_joc:auto_generated|_~6              ; out0             ;
; |Lab5block|sseg2:inst2|lpm_mux:Mux5|mux_joc:auto_generated|_~7              ; |Lab5block|sseg2:inst2|lpm_mux:Mux5|mux_joc:auto_generated|_~7              ; out0             ;
; |Lab5block|sseg2:inst2|lpm_mux:Mux5|mux_joc:auto_generated|_~8              ; |Lab5block|sseg2:inst2|lpm_mux:Mux5|mux_joc:auto_generated|_~8              ; out0             ;
; |Lab5block|sseg2:inst2|lpm_mux:Mux5|mux_joc:auto_generated|_~10             ; |Lab5block|sseg2:inst2|lpm_mux:Mux5|mux_joc:auto_generated|_~10             ; out0             ;
; |Lab5block|sseg2:inst2|lpm_mux:Mux5|mux_joc:auto_generated|_~12             ; |Lab5block|sseg2:inst2|lpm_mux:Mux5|mux_joc:auto_generated|_~12             ; out0             ;
; |Lab5block|sseg2:inst2|lpm_mux:Mux5|mux_joc:auto_generated|_~14             ; |Lab5block|sseg2:inst2|lpm_mux:Mux5|mux_joc:auto_generated|_~14             ; out0             ;
; |Lab5block|sseg2:inst2|lpm_mux:Mux5|mux_joc:auto_generated|_~15             ; |Lab5block|sseg2:inst2|lpm_mux:Mux5|mux_joc:auto_generated|_~15             ; out0             ;
; |Lab5block|sseg2:inst2|lpm_mux:Mux5|mux_joc:auto_generated|_~16             ; |Lab5block|sseg2:inst2|lpm_mux:Mux5|mux_joc:auto_generated|_~16             ; out0             ;
; |Lab5block|sseg2:inst2|lpm_mux:Mux5|mux_joc:auto_generated|_~17             ; |Lab5block|sseg2:inst2|lpm_mux:Mux5|mux_joc:auto_generated|_~17             ; out0             ;
; |Lab5block|sseg2:inst2|lpm_mux:Mux5|mux_joc:auto_generated|_~19             ; |Lab5block|sseg2:inst2|lpm_mux:Mux5|mux_joc:auto_generated|_~19             ; out0             ;
; |Lab5block|sseg2:inst2|lpm_mux:Mux5|mux_joc:auto_generated|_~20             ; |Lab5block|sseg2:inst2|lpm_mux:Mux5|mux_joc:auto_generated|_~20             ; out0             ;
; |Lab5block|sseg2:inst2|lpm_mux:Mux5|mux_joc:auto_generated|_~21             ; |Lab5block|sseg2:inst2|lpm_mux:Mux5|mux_joc:auto_generated|_~21             ; out0             ;
; |Lab5block|sseg2:inst2|lpm_mux:Mux5|mux_joc:auto_generated|_~22             ; |Lab5block|sseg2:inst2|lpm_mux:Mux5|mux_joc:auto_generated|_~22             ; out0             ;
; |Lab5block|sseg2:inst2|lpm_mux:Mux5|mux_joc:auto_generated|_~23             ; |Lab5block|sseg2:inst2|lpm_mux:Mux5|mux_joc:auto_generated|_~23             ; out0             ;
; |Lab5block|sseg2:inst2|lpm_mux:Mux5|mux_joc:auto_generated|_~25             ; |Lab5block|sseg2:inst2|lpm_mux:Mux5|mux_joc:auto_generated|_~25             ; out0             ;
; |Lab5block|sseg2:inst2|lpm_mux:Mux5|mux_joc:auto_generated|_~28             ; |Lab5block|sseg2:inst2|lpm_mux:Mux5|mux_joc:auto_generated|_~28             ; out0             ;
; |Lab5block|sseg2:inst2|lpm_mux:Mux5|mux_joc:auto_generated|_~29             ; |Lab5block|sseg2:inst2|lpm_mux:Mux5|mux_joc:auto_generated|_~29             ; out0             ;
; |Lab5block|sseg2:inst2|lpm_mux:Mux5|mux_joc:auto_generated|_~30             ; |Lab5block|sseg2:inst2|lpm_mux:Mux5|mux_joc:auto_generated|_~30             ; out0             ;
; |Lab5block|sseg2:inst2|lpm_mux:Mux5|mux_joc:auto_generated|_~31             ; |Lab5block|sseg2:inst2|lpm_mux:Mux5|mux_joc:auto_generated|_~31             ; out0             ;
; |Lab5block|sseg2:inst2|lpm_mux:Mux5|mux_joc:auto_generated|_~32             ; |Lab5block|sseg2:inst2|lpm_mux:Mux5|mux_joc:auto_generated|_~32             ; out0             ;
; |Lab5block|sseg2:inst2|lpm_mux:Mux5|mux_joc:auto_generated|_~34             ; |Lab5block|sseg2:inst2|lpm_mux:Mux5|mux_joc:auto_generated|_~34             ; out0             ;
; |Lab5block|sseg2:inst2|lpm_mux:Mux5|mux_joc:auto_generated|_~37             ; |Lab5block|sseg2:inst2|lpm_mux:Mux5|mux_joc:auto_generated|_~37             ; out0             ;
; |Lab5block|sseg2:inst2|lpm_mux:Mux5|mux_joc:auto_generated|_~38             ; |Lab5block|sseg2:inst2|lpm_mux:Mux5|mux_joc:auto_generated|_~38             ; out0             ;
; |Lab5block|sseg2:inst2|lpm_mux:Mux5|mux_joc:auto_generated|_~39             ; |Lab5block|sseg2:inst2|lpm_mux:Mux5|mux_joc:auto_generated|_~39             ; out0             ;
; |Lab5block|sseg2:inst2|lpm_mux:Mux5|mux_joc:auto_generated|_~41             ; |Lab5block|sseg2:inst2|lpm_mux:Mux5|mux_joc:auto_generated|_~41             ; out0             ;
; |Lab5block|sseg2:inst2|lpm_mux:Mux5|mux_joc:auto_generated|_~42             ; |Lab5block|sseg2:inst2|lpm_mux:Mux5|mux_joc:auto_generated|_~42             ; out0             ;
; |Lab5block|sseg2:inst2|lpm_mux:Mux5|mux_joc:auto_generated|_~43             ; |Lab5block|sseg2:inst2|lpm_mux:Mux5|mux_joc:auto_generated|_~43             ; out0             ;
; |Lab5block|sseg2:inst2|lpm_mux:Mux5|mux_joc:auto_generated|_~44             ; |Lab5block|sseg2:inst2|lpm_mux:Mux5|mux_joc:auto_generated|_~44             ; out0             ;
; |Lab5block|sseg2:inst2|lpm_mux:Mux5|mux_joc:auto_generated|_~45             ; |Lab5block|sseg2:inst2|lpm_mux:Mux5|mux_joc:auto_generated|_~45             ; out0             ;
; |Lab5block|sseg2:inst2|lpm_mux:Mux5|mux_joc:auto_generated|_~46             ; |Lab5block|sseg2:inst2|lpm_mux:Mux5|mux_joc:auto_generated|_~46             ; out0             ;
; |Lab5block|sseg2:inst2|lpm_mux:Mux5|mux_joc:auto_generated|_~48             ; |Lab5block|sseg2:inst2|lpm_mux:Mux5|mux_joc:auto_generated|_~48             ; out0             ;
; |Lab5block|sseg2:inst2|lpm_mux:Mux5|mux_joc:auto_generated|_~50             ; |Lab5block|sseg2:inst2|lpm_mux:Mux5|mux_joc:auto_generated|_~50             ; out0             ;
; |Lab5block|sseg2:inst2|lpm_mux:Mux5|mux_joc:auto_generated|_~52             ; |Lab5block|sseg2:inst2|lpm_mux:Mux5|mux_joc:auto_generated|_~52             ; out0             ;
; |Lab5block|sseg2:inst2|lpm_mux:Mux5|mux_joc:auto_generated|_~53             ; |Lab5block|sseg2:inst2|lpm_mux:Mux5|mux_joc:auto_generated|_~53             ; out0             ;
; |Lab5block|sseg2:inst2|lpm_mux:Mux5|mux_joc:auto_generated|_~54             ; |Lab5block|sseg2:inst2|lpm_mux:Mux5|mux_joc:auto_generated|_~54             ; out0             ;
; |Lab5block|sseg2:inst2|lpm_mux:Mux5|mux_joc:auto_generated|_~55             ; |Lab5block|sseg2:inst2|lpm_mux:Mux5|mux_joc:auto_generated|_~55             ; out0             ;
; |Lab5block|sseg2:inst2|lpm_mux:Mux5|mux_joc:auto_generated|_~57             ; |Lab5block|sseg2:inst2|lpm_mux:Mux5|mux_joc:auto_generated|_~57             ; out0             ;
; |Lab5block|sseg2:inst2|lpm_mux:Mux5|mux_joc:auto_generated|_~59             ; |Lab5block|sseg2:inst2|lpm_mux:Mux5|mux_joc:auto_generated|_~59             ; out0             ;
; |Lab5block|sseg2:inst2|lpm_mux:Mux5|mux_joc:auto_generated|_~61             ; |Lab5block|sseg2:inst2|lpm_mux:Mux5|mux_joc:auto_generated|_~61             ; out0             ;
; |Lab5block|sseg2:inst2|lpm_mux:Mux5|mux_joc:auto_generated|_~62             ; |Lab5block|sseg2:inst2|lpm_mux:Mux5|mux_joc:auto_generated|_~62             ; out0             ;
; |Lab5block|sseg2:inst2|lpm_mux:Mux5|mux_joc:auto_generated|_~63             ; |Lab5block|sseg2:inst2|lpm_mux:Mux5|mux_joc:auto_generated|_~63             ; out0             ;
; |Lab5block|sseg2:inst2|lpm_mux:Mux5|mux_joc:auto_generated|_~64             ; |Lab5block|sseg2:inst2|lpm_mux:Mux5|mux_joc:auto_generated|_~64             ; out0             ;
; |Lab5block|sseg2:inst2|lpm_mux:Mux5|mux_joc:auto_generated|_~65             ; |Lab5block|sseg2:inst2|lpm_mux:Mux5|mux_joc:auto_generated|_~65             ; out0             ;
; |Lab5block|sseg2:inst2|lpm_mux:Mux5|mux_joc:auto_generated|_~68             ; |Lab5block|sseg2:inst2|lpm_mux:Mux5|mux_joc:auto_generated|_~68             ; out0             ;
; |Lab5block|sseg2:inst2|lpm_mux:Mux5|mux_joc:auto_generated|_~70             ; |Lab5block|sseg2:inst2|lpm_mux:Mux5|mux_joc:auto_generated|_~70             ; out0             ;
; |Lab5block|sseg2:inst2|lpm_mux:Mux5|mux_joc:auto_generated|_~71             ; |Lab5block|sseg2:inst2|lpm_mux:Mux5|mux_joc:auto_generated|_~71             ; out0             ;
; |Lab5block|sseg2:inst2|lpm_mux:Mux5|mux_joc:auto_generated|result_node[0]~0 ; |Lab5block|sseg2:inst2|lpm_mux:Mux5|mux_joc:auto_generated|result_node[0]~0 ; out0             ;
; |Lab5block|sseg2:inst2|lpm_mux:Mux5|mux_joc:auto_generated|_~72             ; |Lab5block|sseg2:inst2|lpm_mux:Mux5|mux_joc:auto_generated|_~72             ; out0             ;
; |Lab5block|sseg2:inst2|lpm_mux:Mux5|mux_joc:auto_generated|_~73             ; |Lab5block|sseg2:inst2|lpm_mux:Mux5|mux_joc:auto_generated|_~73             ; out0             ;
; |Lab5block|sseg2:inst2|lpm_mux:Mux5|mux_joc:auto_generated|_~75             ; |Lab5block|sseg2:inst2|lpm_mux:Mux5|mux_joc:auto_generated|_~75             ; out0             ;
; |Lab5block|sseg2:inst2|lpm_mux:Mux5|mux_joc:auto_generated|_~78             ; |Lab5block|sseg2:inst2|lpm_mux:Mux5|mux_joc:auto_generated|_~78             ; out0             ;
; |Lab5block|sseg2:inst2|lpm_mux:Mux5|mux_joc:auto_generated|_~79             ; |Lab5block|sseg2:inst2|lpm_mux:Mux5|mux_joc:auto_generated|_~79             ; out0             ;
; |Lab5block|sseg2:inst2|lpm_mux:Mux5|mux_joc:auto_generated|_~80             ; |Lab5block|sseg2:inst2|lpm_mux:Mux5|mux_joc:auto_generated|_~80             ; out0             ;
; |Lab5block|sseg2:inst2|lpm_mux:Mux5|mux_joc:auto_generated|_~81             ; |Lab5block|sseg2:inst2|lpm_mux:Mux5|mux_joc:auto_generated|_~81             ; out0             ;
; |Lab5block|sseg2:inst2|lpm_mux:Mux5|mux_joc:auto_generated|_~82             ; |Lab5block|sseg2:inst2|lpm_mux:Mux5|mux_joc:auto_generated|_~82             ; out0             ;
; |Lab5block|sseg2:inst2|lpm_mux:Mux5|mux_joc:auto_generated|_~84             ; |Lab5block|sseg2:inst2|lpm_mux:Mux5|mux_joc:auto_generated|_~84             ; out0             ;
; |Lab5block|sseg2:inst2|lpm_mux:Mux5|mux_joc:auto_generated|_~87             ; |Lab5block|sseg2:inst2|lpm_mux:Mux5|mux_joc:auto_generated|_~87             ; out0             ;
; |Lab5block|sseg2:inst2|lpm_mux:Mux5|mux_joc:auto_generated|_~88             ; |Lab5block|sseg2:inst2|lpm_mux:Mux5|mux_joc:auto_generated|_~88             ; out0             ;
; |Lab5block|sseg2:inst2|lpm_mux:Mux5|mux_joc:auto_generated|_~89             ; |Lab5block|sseg2:inst2|lpm_mux:Mux5|mux_joc:auto_generated|_~89             ; out0             ;
; |Lab5block|sseg2:inst2|lpm_mux:Mux5|mux_joc:auto_generated|_~91             ; |Lab5block|sseg2:inst2|lpm_mux:Mux5|mux_joc:auto_generated|_~91             ; out0             ;
; |Lab5block|sseg2:inst2|lpm_mux:Mux5|mux_joc:auto_generated|_~92             ; |Lab5block|sseg2:inst2|lpm_mux:Mux5|mux_joc:auto_generated|_~92             ; out0             ;
; |Lab5block|sseg2:inst2|lpm_mux:Mux5|mux_joc:auto_generated|_~93             ; |Lab5block|sseg2:inst2|lpm_mux:Mux5|mux_joc:auto_generated|_~93             ; out0             ;
; |Lab5block|sseg2:inst2|lpm_mux:Mux5|mux_joc:auto_generated|_~94             ; |Lab5block|sseg2:inst2|lpm_mux:Mux5|mux_joc:auto_generated|_~94             ; out0             ;
; |Lab5block|sseg2:inst2|lpm_mux:Mux5|mux_joc:auto_generated|_~95             ; |Lab5block|sseg2:inst2|lpm_mux:Mux5|mux_joc:auto_generated|_~95             ; out0             ;
; |Lab5block|sseg2:inst2|lpm_mux:Mux5|mux_joc:auto_generated|_~96             ; |Lab5block|sseg2:inst2|lpm_mux:Mux5|mux_joc:auto_generated|_~96             ; out0             ;
; |Lab5block|sseg2:inst2|lpm_mux:Mux5|mux_joc:auto_generated|_~98             ; |Lab5block|sseg2:inst2|lpm_mux:Mux5|mux_joc:auto_generated|_~98             ; out0             ;
; |Lab5block|sseg2:inst2|lpm_mux:Mux5|mux_joc:auto_generated|_~100            ; |Lab5block|sseg2:inst2|lpm_mux:Mux5|mux_joc:auto_generated|_~100            ; out0             ;
; |Lab5block|sseg2:inst2|lpm_mux:Mux5|mux_joc:auto_generated|_~102            ; |Lab5block|sseg2:inst2|lpm_mux:Mux5|mux_joc:auto_generated|_~102            ; out0             ;
; |Lab5block|sseg2:inst2|lpm_mux:Mux5|mux_joc:auto_generated|_~103            ; |Lab5block|sseg2:inst2|lpm_mux:Mux5|mux_joc:auto_generated|_~103            ; out0             ;
; |Lab5block|sseg2:inst2|lpm_mux:Mux5|mux_joc:auto_generated|_~104            ; |Lab5block|sseg2:inst2|lpm_mux:Mux5|mux_joc:auto_generated|_~104            ; out0             ;
; |Lab5block|sseg2:inst2|lpm_mux:Mux5|mux_joc:auto_generated|_~105            ; |Lab5block|sseg2:inst2|lpm_mux:Mux5|mux_joc:auto_generated|_~105            ; out0             ;
; |Lab5block|sseg2:inst2|lpm_mux:Mux5|mux_joc:auto_generated|_~107            ; |Lab5block|sseg2:inst2|lpm_mux:Mux5|mux_joc:auto_generated|_~107            ; out0             ;
; |Lab5block|sseg2:inst2|lpm_mux:Mux5|mux_joc:auto_generated|_~109            ; |Lab5block|sseg2:inst2|lpm_mux:Mux5|mux_joc:auto_generated|_~109            ; out0             ;
; |Lab5block|sseg2:inst2|lpm_mux:Mux5|mux_joc:auto_generated|_~111            ; |Lab5block|sseg2:inst2|lpm_mux:Mux5|mux_joc:auto_generated|_~111            ; out0             ;
; |Lab5block|sseg2:inst2|lpm_mux:Mux5|mux_joc:auto_generated|_~112            ; |Lab5block|sseg2:inst2|lpm_mux:Mux5|mux_joc:auto_generated|_~112            ; out0             ;
; |Lab5block|sseg2:inst2|lpm_mux:Mux5|mux_joc:auto_generated|_~113            ; |Lab5block|sseg2:inst2|lpm_mux:Mux5|mux_joc:auto_generated|_~113            ; out0             ;
; |Lab5block|sseg2:inst2|lpm_mux:Mux5|mux_joc:auto_generated|_~114            ; |Lab5block|sseg2:inst2|lpm_mux:Mux5|mux_joc:auto_generated|_~114            ; out0             ;
; |Lab5block|sseg2:inst2|lpm_mux:Mux5|mux_joc:auto_generated|_~115            ; |Lab5block|sseg2:inst2|lpm_mux:Mux5|mux_joc:auto_generated|_~115            ; out0             ;
; |Lab5block|sseg2:inst2|lpm_mux:Mux5|mux_joc:auto_generated|_~118            ; |Lab5block|sseg2:inst2|lpm_mux:Mux5|mux_joc:auto_generated|_~118            ; out0             ;
; |Lab5block|sseg2:inst2|lpm_mux:Mux5|mux_joc:auto_generated|_~120            ; |Lab5block|sseg2:inst2|lpm_mux:Mux5|mux_joc:auto_generated|_~120            ; out0             ;
; |Lab5block|sseg2:inst2|lpm_mux:Mux5|mux_joc:auto_generated|_~121            ; |Lab5block|sseg2:inst2|lpm_mux:Mux5|mux_joc:auto_generated|_~121            ; out0             ;
; |Lab5block|sseg2:inst2|lpm_mux:Mux5|mux_joc:auto_generated|_~122            ; |Lab5block|sseg2:inst2|lpm_mux:Mux5|mux_joc:auto_generated|_~122            ; out0             ;
; |Lab5block|sseg2:inst2|lpm_mux:Mux5|mux_joc:auto_generated|_~124            ; |Lab5block|sseg2:inst2|lpm_mux:Mux5|mux_joc:auto_generated|_~124            ; out0             ;
; |Lab5block|sseg2:inst2|lpm_mux:Mux5|mux_joc:auto_generated|_~126            ; |Lab5block|sseg2:inst2|lpm_mux:Mux5|mux_joc:auto_generated|_~126            ; out0             ;
; |Lab5block|sseg2:inst2|lpm_mux:Mux5|mux_joc:auto_generated|_~127            ; |Lab5block|sseg2:inst2|lpm_mux:Mux5|mux_joc:auto_generated|_~127            ; out0             ;
; |Lab5block|sseg2:inst2|lpm_mux:Mux5|mux_joc:auto_generated|_~128            ; |Lab5block|sseg2:inst2|lpm_mux:Mux5|mux_joc:auto_generated|_~128            ; out0             ;
; |Lab5block|sseg2:inst2|lpm_mux:Mux5|mux_joc:auto_generated|_~129            ; |Lab5block|sseg2:inst2|lpm_mux:Mux5|mux_joc:auto_generated|_~129            ; out0             ;
; |Lab5block|sseg2:inst2|lpm_mux:Mux5|mux_joc:auto_generated|_~130            ; |Lab5block|sseg2:inst2|lpm_mux:Mux5|mux_joc:auto_generated|_~130            ; out0             ;
; |Lab5block|sseg2:inst2|lpm_mux:Mux5|mux_joc:auto_generated|_~131            ; |Lab5block|sseg2:inst2|lpm_mux:Mux5|mux_joc:auto_generated|_~131            ; out0             ;
; |Lab5block|sseg2:inst2|lpm_mux:Mux5|mux_joc:auto_generated|_~133            ; |Lab5block|sseg2:inst2|lpm_mux:Mux5|mux_joc:auto_generated|_~133            ; out0             ;
; |Lab5block|sseg2:inst2|lpm_mux:Mux5|mux_joc:auto_generated|_~135            ; |Lab5block|sseg2:inst2|lpm_mux:Mux5|mux_joc:auto_generated|_~135            ; out0             ;
; |Lab5block|sseg2:inst2|lpm_mux:Mux5|mux_joc:auto_generated|_~136            ; |Lab5block|sseg2:inst2|lpm_mux:Mux5|mux_joc:auto_generated|_~136            ; out0             ;
; |Lab5block|sseg2:inst2|lpm_mux:Mux5|mux_joc:auto_generated|_~137            ; |Lab5block|sseg2:inst2|lpm_mux:Mux5|mux_joc:auto_generated|_~137            ; out0             ;
; |Lab5block|sseg2:inst2|lpm_mux:Mux5|mux_joc:auto_generated|_~138            ; |Lab5block|sseg2:inst2|lpm_mux:Mux5|mux_joc:auto_generated|_~138            ; out0             ;
; |Lab5block|sseg2:inst2|lpm_mux:Mux5|mux_joc:auto_generated|_~140            ; |Lab5block|sseg2:inst2|lpm_mux:Mux5|mux_joc:auto_generated|_~140            ; out0             ;
; |Lab5block|sseg2:inst2|lpm_mux:Mux5|mux_joc:auto_generated|_~141            ; |Lab5block|sseg2:inst2|lpm_mux:Mux5|mux_joc:auto_generated|_~141            ; out0             ;
; |Lab5block|sseg2:inst2|lpm_mux:Mux5|mux_joc:auto_generated|_~142            ; |Lab5block|sseg2:inst2|lpm_mux:Mux5|mux_joc:auto_generated|_~142            ; out0             ;
; |Lab5block|sseg2:inst2|lpm_mux:Mux5|mux_joc:auto_generated|_~143            ; |Lab5block|sseg2:inst2|lpm_mux:Mux5|mux_joc:auto_generated|_~143            ; out0             ;
; |Lab5block|sseg2:inst2|lpm_mux:Mux5|mux_joc:auto_generated|result_node[0]~1 ; |Lab5block|sseg2:inst2|lpm_mux:Mux5|mux_joc:auto_generated|result_node[0]~1 ; out0             ;
; |Lab5block|sseg2:inst2|lpm_mux:Mux5|mux_joc:auto_generated|result_node[0]   ; |Lab5block|sseg2:inst2|lpm_mux:Mux5|mux_joc:auto_generated|result_node[0]   ; out0             ;
; |Lab5block|sseg2:inst2|lpm_mux:Mux4|mux_joc:auto_generated|_~0              ; |Lab5block|sseg2:inst2|lpm_mux:Mux4|mux_joc:auto_generated|_~0              ; out0             ;
; |Lab5block|sseg2:inst2|lpm_mux:Mux4|mux_joc:auto_generated|_~1              ; |Lab5block|sseg2:inst2|lpm_mux:Mux4|mux_joc:auto_generated|_~1              ; out0             ;
; |Lab5block|sseg2:inst2|lpm_mux:Mux4|mux_joc:auto_generated|_~2              ; |Lab5block|sseg2:inst2|lpm_mux:Mux4|mux_joc:auto_generated|_~2              ; out0             ;
; |Lab5block|sseg2:inst2|lpm_mux:Mux4|mux_joc:auto_generated|_~3              ; |Lab5block|sseg2:inst2|lpm_mux:Mux4|mux_joc:auto_generated|_~3              ; out0             ;
; |Lab5block|sseg2:inst2|lpm_mux:Mux4|mux_joc:auto_generated|_~4              ; |Lab5block|sseg2:inst2|lpm_mux:Mux4|mux_joc:auto_generated|_~4              ; out0             ;
; |Lab5block|sseg2:inst2|lpm_mux:Mux4|mux_joc:auto_generated|_~5              ; |Lab5block|sseg2:inst2|lpm_mux:Mux4|mux_joc:auto_generated|_~5              ; out0             ;
; |Lab5block|sseg2:inst2|lpm_mux:Mux4|mux_joc:auto_generated|_~6              ; |Lab5block|sseg2:inst2|lpm_mux:Mux4|mux_joc:auto_generated|_~6              ; out0             ;
; |Lab5block|sseg2:inst2|lpm_mux:Mux4|mux_joc:auto_generated|_~7              ; |Lab5block|sseg2:inst2|lpm_mux:Mux4|mux_joc:auto_generated|_~7              ; out0             ;
; |Lab5block|sseg2:inst2|lpm_mux:Mux4|mux_joc:auto_generated|_~8              ; |Lab5block|sseg2:inst2|lpm_mux:Mux4|mux_joc:auto_generated|_~8              ; out0             ;
; |Lab5block|sseg2:inst2|lpm_mux:Mux4|mux_joc:auto_generated|_~9              ; |Lab5block|sseg2:inst2|lpm_mux:Mux4|mux_joc:auto_generated|_~9              ; out0             ;
; |Lab5block|sseg2:inst2|lpm_mux:Mux4|mux_joc:auto_generated|_~10             ; |Lab5block|sseg2:inst2|lpm_mux:Mux4|mux_joc:auto_generated|_~10             ; out0             ;
; |Lab5block|sseg2:inst2|lpm_mux:Mux4|mux_joc:auto_generated|_~11             ; |Lab5block|sseg2:inst2|lpm_mux:Mux4|mux_joc:auto_generated|_~11             ; out0             ;
; |Lab5block|sseg2:inst2|lpm_mux:Mux4|mux_joc:auto_generated|_~12             ; |Lab5block|sseg2:inst2|lpm_mux:Mux4|mux_joc:auto_generated|_~12             ; out0             ;
; |Lab5block|sseg2:inst2|lpm_mux:Mux4|mux_joc:auto_generated|_~13             ; |Lab5block|sseg2:inst2|lpm_mux:Mux4|mux_joc:auto_generated|_~13             ; out0             ;
; |Lab5block|sseg2:inst2|lpm_mux:Mux4|mux_joc:auto_generated|_~14             ; |Lab5block|sseg2:inst2|lpm_mux:Mux4|mux_joc:auto_generated|_~14             ; out0             ;
; |Lab5block|sseg2:inst2|lpm_mux:Mux4|mux_joc:auto_generated|_~15             ; |Lab5block|sseg2:inst2|lpm_mux:Mux4|mux_joc:auto_generated|_~15             ; out0             ;
; |Lab5block|sseg2:inst2|lpm_mux:Mux4|mux_joc:auto_generated|_~16             ; |Lab5block|sseg2:inst2|lpm_mux:Mux4|mux_joc:auto_generated|_~16             ; out0             ;
; |Lab5block|sseg2:inst2|lpm_mux:Mux4|mux_joc:auto_generated|_~17             ; |Lab5block|sseg2:inst2|lpm_mux:Mux4|mux_joc:auto_generated|_~17             ; out0             ;
; |Lab5block|sseg2:inst2|lpm_mux:Mux4|mux_joc:auto_generated|_~19             ; |Lab5block|sseg2:inst2|lpm_mux:Mux4|mux_joc:auto_generated|_~19             ; out0             ;
; |Lab5block|sseg2:inst2|lpm_mux:Mux4|mux_joc:auto_generated|_~20             ; |Lab5block|sseg2:inst2|lpm_mux:Mux4|mux_joc:auto_generated|_~20             ; out0             ;
; |Lab5block|sseg2:inst2|lpm_mux:Mux4|mux_joc:auto_generated|_~21             ; |Lab5block|sseg2:inst2|lpm_mux:Mux4|mux_joc:auto_generated|_~21             ; out0             ;
; |Lab5block|sseg2:inst2|lpm_mux:Mux4|mux_joc:auto_generated|_~22             ; |Lab5block|sseg2:inst2|lpm_mux:Mux4|mux_joc:auto_generated|_~22             ; out0             ;
; |Lab5block|sseg2:inst2|lpm_mux:Mux4|mux_joc:auto_generated|_~23             ; |Lab5block|sseg2:inst2|lpm_mux:Mux4|mux_joc:auto_generated|_~23             ; out0             ;
; |Lab5block|sseg2:inst2|lpm_mux:Mux4|mux_joc:auto_generated|_~25             ; |Lab5block|sseg2:inst2|lpm_mux:Mux4|mux_joc:auto_generated|_~25             ; out0             ;
; |Lab5block|sseg2:inst2|lpm_mux:Mux4|mux_joc:auto_generated|_~27             ; |Lab5block|sseg2:inst2|lpm_mux:Mux4|mux_joc:auto_generated|_~27             ; out0             ;
; |Lab5block|sseg2:inst2|lpm_mux:Mux4|mux_joc:auto_generated|_~28             ; |Lab5block|sseg2:inst2|lpm_mux:Mux4|mux_joc:auto_generated|_~28             ; out0             ;
; |Lab5block|sseg2:inst2|lpm_mux:Mux4|mux_joc:auto_generated|_~29             ; |Lab5block|sseg2:inst2|lpm_mux:Mux4|mux_joc:auto_generated|_~29             ; out0             ;
; |Lab5block|sseg2:inst2|lpm_mux:Mux4|mux_joc:auto_generated|_~30             ; |Lab5block|sseg2:inst2|lpm_mux:Mux4|mux_joc:auto_generated|_~30             ; out0             ;
; |Lab5block|sseg2:inst2|lpm_mux:Mux4|mux_joc:auto_generated|_~31             ; |Lab5block|sseg2:inst2|lpm_mux:Mux4|mux_joc:auto_generated|_~31             ; out0             ;
; |Lab5block|sseg2:inst2|lpm_mux:Mux4|mux_joc:auto_generated|_~32             ; |Lab5block|sseg2:inst2|lpm_mux:Mux4|mux_joc:auto_generated|_~32             ; out0             ;
; |Lab5block|sseg2:inst2|lpm_mux:Mux4|mux_joc:auto_generated|_~34             ; |Lab5block|sseg2:inst2|lpm_mux:Mux4|mux_joc:auto_generated|_~34             ; out0             ;
; |Lab5block|sseg2:inst2|lpm_mux:Mux4|mux_joc:auto_generated|_~36             ; |Lab5block|sseg2:inst2|lpm_mux:Mux4|mux_joc:auto_generated|_~36             ; out0             ;
; |Lab5block|sseg2:inst2|lpm_mux:Mux4|mux_joc:auto_generated|_~37             ; |Lab5block|sseg2:inst2|lpm_mux:Mux4|mux_joc:auto_generated|_~37             ; out0             ;
; |Lab5block|sseg2:inst2|lpm_mux:Mux4|mux_joc:auto_generated|_~38             ; |Lab5block|sseg2:inst2|lpm_mux:Mux4|mux_joc:auto_generated|_~38             ; out0             ;
; |Lab5block|sseg2:inst2|lpm_mux:Mux4|mux_joc:auto_generated|_~39             ; |Lab5block|sseg2:inst2|lpm_mux:Mux4|mux_joc:auto_generated|_~39             ; out0             ;
; |Lab5block|sseg2:inst2|lpm_mux:Mux4|mux_joc:auto_generated|_~41             ; |Lab5block|sseg2:inst2|lpm_mux:Mux4|mux_joc:auto_generated|_~41             ; out0             ;
; |Lab5block|sseg2:inst2|lpm_mux:Mux4|mux_joc:auto_generated|_~42             ; |Lab5block|sseg2:inst2|lpm_mux:Mux4|mux_joc:auto_generated|_~42             ; out0             ;
; |Lab5block|sseg2:inst2|lpm_mux:Mux4|mux_joc:auto_generated|_~43             ; |Lab5block|sseg2:inst2|lpm_mux:Mux4|mux_joc:auto_generated|_~43             ; out0             ;
; |Lab5block|sseg2:inst2|lpm_mux:Mux4|mux_joc:auto_generated|_~44             ; |Lab5block|sseg2:inst2|lpm_mux:Mux4|mux_joc:auto_generated|_~44             ; out0             ;
; |Lab5block|sseg2:inst2|lpm_mux:Mux4|mux_joc:auto_generated|_~45             ; |Lab5block|sseg2:inst2|lpm_mux:Mux4|mux_joc:auto_generated|_~45             ; out0             ;
; |Lab5block|sseg2:inst2|lpm_mux:Mux4|mux_joc:auto_generated|_~46             ; |Lab5block|sseg2:inst2|lpm_mux:Mux4|mux_joc:auto_generated|_~46             ; out0             ;
; |Lab5block|sseg2:inst2|lpm_mux:Mux4|mux_joc:auto_generated|_~47             ; |Lab5block|sseg2:inst2|lpm_mux:Mux4|mux_joc:auto_generated|_~47             ; out0             ;
; |Lab5block|sseg2:inst2|lpm_mux:Mux4|mux_joc:auto_generated|_~48             ; |Lab5block|sseg2:inst2|lpm_mux:Mux4|mux_joc:auto_generated|_~48             ; out0             ;
; |Lab5block|sseg2:inst2|lpm_mux:Mux4|mux_joc:auto_generated|_~50             ; |Lab5block|sseg2:inst2|lpm_mux:Mux4|mux_joc:auto_generated|_~50             ; out0             ;
; |Lab5block|sseg2:inst2|lpm_mux:Mux4|mux_joc:auto_generated|_~52             ; |Lab5block|sseg2:inst2|lpm_mux:Mux4|mux_joc:auto_generated|_~52             ; out0             ;
; |Lab5block|sseg2:inst2|lpm_mux:Mux4|mux_joc:auto_generated|_~53             ; |Lab5block|sseg2:inst2|lpm_mux:Mux4|mux_joc:auto_generated|_~53             ; out0             ;
; |Lab5block|sseg2:inst2|lpm_mux:Mux4|mux_joc:auto_generated|_~54             ; |Lab5block|sseg2:inst2|lpm_mux:Mux4|mux_joc:auto_generated|_~54             ; out0             ;
; |Lab5block|sseg2:inst2|lpm_mux:Mux4|mux_joc:auto_generated|_~55             ; |Lab5block|sseg2:inst2|lpm_mux:Mux4|mux_joc:auto_generated|_~55             ; out0             ;
; |Lab5block|sseg2:inst2|lpm_mux:Mux4|mux_joc:auto_generated|_~56             ; |Lab5block|sseg2:inst2|lpm_mux:Mux4|mux_joc:auto_generated|_~56             ; out0             ;
; |Lab5block|sseg2:inst2|lpm_mux:Mux4|mux_joc:auto_generated|_~57             ; |Lab5block|sseg2:inst2|lpm_mux:Mux4|mux_joc:auto_generated|_~57             ; out0             ;
; |Lab5block|sseg2:inst2|lpm_mux:Mux4|mux_joc:auto_generated|_~59             ; |Lab5block|sseg2:inst2|lpm_mux:Mux4|mux_joc:auto_generated|_~59             ; out0             ;
; |Lab5block|sseg2:inst2|lpm_mux:Mux4|mux_joc:auto_generated|_~61             ; |Lab5block|sseg2:inst2|lpm_mux:Mux4|mux_joc:auto_generated|_~61             ; out0             ;
; |Lab5block|sseg2:inst2|lpm_mux:Mux4|mux_joc:auto_generated|_~62             ; |Lab5block|sseg2:inst2|lpm_mux:Mux4|mux_joc:auto_generated|_~62             ; out0             ;
; |Lab5block|sseg2:inst2|lpm_mux:Mux4|mux_joc:auto_generated|_~63             ; |Lab5block|sseg2:inst2|lpm_mux:Mux4|mux_joc:auto_generated|_~63             ; out0             ;
; |Lab5block|sseg2:inst2|lpm_mux:Mux4|mux_joc:auto_generated|_~64             ; |Lab5block|sseg2:inst2|lpm_mux:Mux4|mux_joc:auto_generated|_~64             ; out0             ;
; |Lab5block|sseg2:inst2|lpm_mux:Mux4|mux_joc:auto_generated|_~65             ; |Lab5block|sseg2:inst2|lpm_mux:Mux4|mux_joc:auto_generated|_~65             ; out0             ;
; |Lab5block|sseg2:inst2|lpm_mux:Mux4|mux_joc:auto_generated|_~67             ; |Lab5block|sseg2:inst2|lpm_mux:Mux4|mux_joc:auto_generated|_~67             ; out0             ;
; |Lab5block|sseg2:inst2|lpm_mux:Mux4|mux_joc:auto_generated|_~68             ; |Lab5block|sseg2:inst2|lpm_mux:Mux4|mux_joc:auto_generated|_~68             ; out0             ;
; |Lab5block|sseg2:inst2|lpm_mux:Mux4|mux_joc:auto_generated|_~69             ; |Lab5block|sseg2:inst2|lpm_mux:Mux4|mux_joc:auto_generated|_~69             ; out0             ;
; |Lab5block|sseg2:inst2|lpm_mux:Mux4|mux_joc:auto_generated|_~70             ; |Lab5block|sseg2:inst2|lpm_mux:Mux4|mux_joc:auto_generated|_~70             ; out0             ;
; |Lab5block|sseg2:inst2|lpm_mux:Mux4|mux_joc:auto_generated|_~71             ; |Lab5block|sseg2:inst2|lpm_mux:Mux4|mux_joc:auto_generated|_~71             ; out0             ;
; |Lab5block|sseg2:inst2|lpm_mux:Mux4|mux_joc:auto_generated|result_node[0]~0 ; |Lab5block|sseg2:inst2|lpm_mux:Mux4|mux_joc:auto_generated|result_node[0]~0 ; out0             ;
; |Lab5block|sseg2:inst2|lpm_mux:Mux4|mux_joc:auto_generated|_~72             ; |Lab5block|sseg2:inst2|lpm_mux:Mux4|mux_joc:auto_generated|_~72             ; out0             ;
; |Lab5block|sseg2:inst2|lpm_mux:Mux4|mux_joc:auto_generated|_~73             ; |Lab5block|sseg2:inst2|lpm_mux:Mux4|mux_joc:auto_generated|_~73             ; out0             ;
; |Lab5block|sseg2:inst2|lpm_mux:Mux4|mux_joc:auto_generated|_~75             ; |Lab5block|sseg2:inst2|lpm_mux:Mux4|mux_joc:auto_generated|_~75             ; out0             ;
; |Lab5block|sseg2:inst2|lpm_mux:Mux4|mux_joc:auto_generated|_~77             ; |Lab5block|sseg2:inst2|lpm_mux:Mux4|mux_joc:auto_generated|_~77             ; out0             ;
; |Lab5block|sseg2:inst2|lpm_mux:Mux4|mux_joc:auto_generated|_~78             ; |Lab5block|sseg2:inst2|lpm_mux:Mux4|mux_joc:auto_generated|_~78             ; out0             ;
; |Lab5block|sseg2:inst2|lpm_mux:Mux4|mux_joc:auto_generated|_~79             ; |Lab5block|sseg2:inst2|lpm_mux:Mux4|mux_joc:auto_generated|_~79             ; out0             ;
; |Lab5block|sseg2:inst2|lpm_mux:Mux4|mux_joc:auto_generated|_~80             ; |Lab5block|sseg2:inst2|lpm_mux:Mux4|mux_joc:auto_generated|_~80             ; out0             ;
; |Lab5block|sseg2:inst2|lpm_mux:Mux4|mux_joc:auto_generated|_~81             ; |Lab5block|sseg2:inst2|lpm_mux:Mux4|mux_joc:auto_generated|_~81             ; out0             ;
; |Lab5block|sseg2:inst2|lpm_mux:Mux4|mux_joc:auto_generated|_~82             ; |Lab5block|sseg2:inst2|lpm_mux:Mux4|mux_joc:auto_generated|_~82             ; out0             ;
; |Lab5block|sseg2:inst2|lpm_mux:Mux4|mux_joc:auto_generated|_~84             ; |Lab5block|sseg2:inst2|lpm_mux:Mux4|mux_joc:auto_generated|_~84             ; out0             ;
; |Lab5block|sseg2:inst2|lpm_mux:Mux4|mux_joc:auto_generated|_~86             ; |Lab5block|sseg2:inst2|lpm_mux:Mux4|mux_joc:auto_generated|_~86             ; out0             ;
; |Lab5block|sseg2:inst2|lpm_mux:Mux4|mux_joc:auto_generated|_~87             ; |Lab5block|sseg2:inst2|lpm_mux:Mux4|mux_joc:auto_generated|_~87             ; out0             ;
; |Lab5block|sseg2:inst2|lpm_mux:Mux4|mux_joc:auto_generated|_~88             ; |Lab5block|sseg2:inst2|lpm_mux:Mux4|mux_joc:auto_generated|_~88             ; out0             ;
; |Lab5block|sseg2:inst2|lpm_mux:Mux4|mux_joc:auto_generated|_~89             ; |Lab5block|sseg2:inst2|lpm_mux:Mux4|mux_joc:auto_generated|_~89             ; out0             ;
; |Lab5block|sseg2:inst2|lpm_mux:Mux4|mux_joc:auto_generated|_~91             ; |Lab5block|sseg2:inst2|lpm_mux:Mux4|mux_joc:auto_generated|_~91             ; out0             ;
; |Lab5block|sseg2:inst2|lpm_mux:Mux4|mux_joc:auto_generated|_~92             ; |Lab5block|sseg2:inst2|lpm_mux:Mux4|mux_joc:auto_generated|_~92             ; out0             ;
; |Lab5block|sseg2:inst2|lpm_mux:Mux4|mux_joc:auto_generated|_~93             ; |Lab5block|sseg2:inst2|lpm_mux:Mux4|mux_joc:auto_generated|_~93             ; out0             ;
; |Lab5block|sseg2:inst2|lpm_mux:Mux4|mux_joc:auto_generated|_~94             ; |Lab5block|sseg2:inst2|lpm_mux:Mux4|mux_joc:auto_generated|_~94             ; out0             ;
; |Lab5block|sseg2:inst2|lpm_mux:Mux4|mux_joc:auto_generated|_~95             ; |Lab5block|sseg2:inst2|lpm_mux:Mux4|mux_joc:auto_generated|_~95             ; out0             ;
; |Lab5block|sseg2:inst2|lpm_mux:Mux4|mux_joc:auto_generated|_~96             ; |Lab5block|sseg2:inst2|lpm_mux:Mux4|mux_joc:auto_generated|_~96             ; out0             ;
; |Lab5block|sseg2:inst2|lpm_mux:Mux4|mux_joc:auto_generated|_~97             ; |Lab5block|sseg2:inst2|lpm_mux:Mux4|mux_joc:auto_generated|_~97             ; out0             ;
; |Lab5block|sseg2:inst2|lpm_mux:Mux4|mux_joc:auto_generated|_~98             ; |Lab5block|sseg2:inst2|lpm_mux:Mux4|mux_joc:auto_generated|_~98             ; out0             ;
; |Lab5block|sseg2:inst2|lpm_mux:Mux4|mux_joc:auto_generated|_~100            ; |Lab5block|sseg2:inst2|lpm_mux:Mux4|mux_joc:auto_generated|_~100            ; out0             ;
; |Lab5block|sseg2:inst2|lpm_mux:Mux4|mux_joc:auto_generated|_~102            ; |Lab5block|sseg2:inst2|lpm_mux:Mux4|mux_joc:auto_generated|_~102            ; out0             ;
; |Lab5block|sseg2:inst2|lpm_mux:Mux4|mux_joc:auto_generated|_~103            ; |Lab5block|sseg2:inst2|lpm_mux:Mux4|mux_joc:auto_generated|_~103            ; out0             ;
; |Lab5block|sseg2:inst2|lpm_mux:Mux4|mux_joc:auto_generated|_~104            ; |Lab5block|sseg2:inst2|lpm_mux:Mux4|mux_joc:auto_generated|_~104            ; out0             ;
; |Lab5block|sseg2:inst2|lpm_mux:Mux4|mux_joc:auto_generated|_~105            ; |Lab5block|sseg2:inst2|lpm_mux:Mux4|mux_joc:auto_generated|_~105            ; out0             ;
; |Lab5block|sseg2:inst2|lpm_mux:Mux4|mux_joc:auto_generated|_~106            ; |Lab5block|sseg2:inst2|lpm_mux:Mux4|mux_joc:auto_generated|_~106            ; out0             ;
; |Lab5block|sseg2:inst2|lpm_mux:Mux4|mux_joc:auto_generated|_~107            ; |Lab5block|sseg2:inst2|lpm_mux:Mux4|mux_joc:auto_generated|_~107            ; out0             ;
; |Lab5block|sseg2:inst2|lpm_mux:Mux4|mux_joc:auto_generated|_~109            ; |Lab5block|sseg2:inst2|lpm_mux:Mux4|mux_joc:auto_generated|_~109            ; out0             ;
; |Lab5block|sseg2:inst2|lpm_mux:Mux4|mux_joc:auto_generated|_~111            ; |Lab5block|sseg2:inst2|lpm_mux:Mux4|mux_joc:auto_generated|_~111            ; out0             ;
; |Lab5block|sseg2:inst2|lpm_mux:Mux4|mux_joc:auto_generated|_~112            ; |Lab5block|sseg2:inst2|lpm_mux:Mux4|mux_joc:auto_generated|_~112            ; out0             ;
; |Lab5block|sseg2:inst2|lpm_mux:Mux4|mux_joc:auto_generated|_~113            ; |Lab5block|sseg2:inst2|lpm_mux:Mux4|mux_joc:auto_generated|_~113            ; out0             ;
; |Lab5block|sseg2:inst2|lpm_mux:Mux4|mux_joc:auto_generated|_~114            ; |Lab5block|sseg2:inst2|lpm_mux:Mux4|mux_joc:auto_generated|_~114            ; out0             ;
; |Lab5block|sseg2:inst2|lpm_mux:Mux4|mux_joc:auto_generated|_~115            ; |Lab5block|sseg2:inst2|lpm_mux:Mux4|mux_joc:auto_generated|_~115            ; out0             ;
; |Lab5block|sseg2:inst2|lpm_mux:Mux4|mux_joc:auto_generated|_~117            ; |Lab5block|sseg2:inst2|lpm_mux:Mux4|mux_joc:auto_generated|_~117            ; out0             ;
; |Lab5block|sseg2:inst2|lpm_mux:Mux4|mux_joc:auto_generated|_~118            ; |Lab5block|sseg2:inst2|lpm_mux:Mux4|mux_joc:auto_generated|_~118            ; out0             ;
; |Lab5block|sseg2:inst2|lpm_mux:Mux4|mux_joc:auto_generated|_~119            ; |Lab5block|sseg2:inst2|lpm_mux:Mux4|mux_joc:auto_generated|_~119            ; out0             ;
; |Lab5block|sseg2:inst2|lpm_mux:Mux4|mux_joc:auto_generated|_~120            ; |Lab5block|sseg2:inst2|lpm_mux:Mux4|mux_joc:auto_generated|_~120            ; out0             ;
; |Lab5block|sseg2:inst2|lpm_mux:Mux4|mux_joc:auto_generated|_~122            ; |Lab5block|sseg2:inst2|lpm_mux:Mux4|mux_joc:auto_generated|_~122            ; out0             ;
; |Lab5block|sseg2:inst2|lpm_mux:Mux4|mux_joc:auto_generated|_~124            ; |Lab5block|sseg2:inst2|lpm_mux:Mux4|mux_joc:auto_generated|_~124            ; out0             ;
; |Lab5block|sseg2:inst2|lpm_mux:Mux4|mux_joc:auto_generated|_~126            ; |Lab5block|sseg2:inst2|lpm_mux:Mux4|mux_joc:auto_generated|_~126            ; out0             ;
; |Lab5block|sseg2:inst2|lpm_mux:Mux4|mux_joc:auto_generated|_~127            ; |Lab5block|sseg2:inst2|lpm_mux:Mux4|mux_joc:auto_generated|_~127            ; out0             ;
; |Lab5block|sseg2:inst2|lpm_mux:Mux4|mux_joc:auto_generated|_~128            ; |Lab5block|sseg2:inst2|lpm_mux:Mux4|mux_joc:auto_generated|_~128            ; out0             ;
; |Lab5block|sseg2:inst2|lpm_mux:Mux4|mux_joc:auto_generated|_~129            ; |Lab5block|sseg2:inst2|lpm_mux:Mux4|mux_joc:auto_generated|_~129            ; out0             ;
; |Lab5block|sseg2:inst2|lpm_mux:Mux4|mux_joc:auto_generated|_~131            ; |Lab5block|sseg2:inst2|lpm_mux:Mux4|mux_joc:auto_generated|_~131            ; out0             ;
; |Lab5block|sseg2:inst2|lpm_mux:Mux4|mux_joc:auto_generated|_~133            ; |Lab5block|sseg2:inst2|lpm_mux:Mux4|mux_joc:auto_generated|_~133            ; out0             ;
; |Lab5block|sseg2:inst2|lpm_mux:Mux4|mux_joc:auto_generated|_~135            ; |Lab5block|sseg2:inst2|lpm_mux:Mux4|mux_joc:auto_generated|_~135            ; out0             ;
; |Lab5block|sseg2:inst2|lpm_mux:Mux4|mux_joc:auto_generated|_~136            ; |Lab5block|sseg2:inst2|lpm_mux:Mux4|mux_joc:auto_generated|_~136            ; out0             ;
; |Lab5block|sseg2:inst2|lpm_mux:Mux4|mux_joc:auto_generated|_~137            ; |Lab5block|sseg2:inst2|lpm_mux:Mux4|mux_joc:auto_generated|_~137            ; out0             ;
; |Lab5block|sseg2:inst2|lpm_mux:Mux4|mux_joc:auto_generated|_~138            ; |Lab5block|sseg2:inst2|lpm_mux:Mux4|mux_joc:auto_generated|_~138            ; out0             ;
; |Lab5block|sseg2:inst2|lpm_mux:Mux4|mux_joc:auto_generated|_~140            ; |Lab5block|sseg2:inst2|lpm_mux:Mux4|mux_joc:auto_generated|_~140            ; out0             ;
; |Lab5block|sseg2:inst2|lpm_mux:Mux4|mux_joc:auto_generated|_~141            ; |Lab5block|sseg2:inst2|lpm_mux:Mux4|mux_joc:auto_generated|_~141            ; out0             ;
; |Lab5block|sseg2:inst2|lpm_mux:Mux4|mux_joc:auto_generated|_~142            ; |Lab5block|sseg2:inst2|lpm_mux:Mux4|mux_joc:auto_generated|_~142            ; out0             ;
; |Lab5block|sseg2:inst2|lpm_mux:Mux4|mux_joc:auto_generated|_~143            ; |Lab5block|sseg2:inst2|lpm_mux:Mux4|mux_joc:auto_generated|_~143            ; out0             ;
; |Lab5block|sseg2:inst2|lpm_mux:Mux4|mux_joc:auto_generated|result_node[0]~1 ; |Lab5block|sseg2:inst2|lpm_mux:Mux4|mux_joc:auto_generated|result_node[0]~1 ; out0             ;
; |Lab5block|sseg2:inst2|lpm_mux:Mux4|mux_joc:auto_generated|result_node[0]   ; |Lab5block|sseg2:inst2|lpm_mux:Mux4|mux_joc:auto_generated|result_node[0]   ; out0             ;
; |Lab5block|sseg2:inst2|lpm_mux:Mux3|mux_joc:auto_generated|_~1              ; |Lab5block|sseg2:inst2|lpm_mux:Mux3|mux_joc:auto_generated|_~1              ; out0             ;
; |Lab5block|sseg2:inst2|lpm_mux:Mux3|mux_joc:auto_generated|_~2              ; |Lab5block|sseg2:inst2|lpm_mux:Mux3|mux_joc:auto_generated|_~2              ; out0             ;
; |Lab5block|sseg2:inst2|lpm_mux:Mux3|mux_joc:auto_generated|_~3              ; |Lab5block|sseg2:inst2|lpm_mux:Mux3|mux_joc:auto_generated|_~3              ; out0             ;
; |Lab5block|sseg2:inst2|lpm_mux:Mux3|mux_joc:auto_generated|_~4              ; |Lab5block|sseg2:inst2|lpm_mux:Mux3|mux_joc:auto_generated|_~4              ; out0             ;
; |Lab5block|sseg2:inst2|lpm_mux:Mux3|mux_joc:auto_generated|_~5              ; |Lab5block|sseg2:inst2|lpm_mux:Mux3|mux_joc:auto_generated|_~5              ; out0             ;
; |Lab5block|sseg2:inst2|lpm_mux:Mux3|mux_joc:auto_generated|_~6              ; |Lab5block|sseg2:inst2|lpm_mux:Mux3|mux_joc:auto_generated|_~6              ; out0             ;
; |Lab5block|sseg2:inst2|lpm_mux:Mux3|mux_joc:auto_generated|_~7              ; |Lab5block|sseg2:inst2|lpm_mux:Mux3|mux_joc:auto_generated|_~7              ; out0             ;
; |Lab5block|sseg2:inst2|lpm_mux:Mux3|mux_joc:auto_generated|_~8              ; |Lab5block|sseg2:inst2|lpm_mux:Mux3|mux_joc:auto_generated|_~8              ; out0             ;
; |Lab5block|sseg2:inst2|lpm_mux:Mux3|mux_joc:auto_generated|_~10             ; |Lab5block|sseg2:inst2|lpm_mux:Mux3|mux_joc:auto_generated|_~10             ; out0             ;
; |Lab5block|sseg2:inst2|lpm_mux:Mux3|mux_joc:auto_generated|_~11             ; |Lab5block|sseg2:inst2|lpm_mux:Mux3|mux_joc:auto_generated|_~11             ; out0             ;
; |Lab5block|sseg2:inst2|lpm_mux:Mux3|mux_joc:auto_generated|_~12             ; |Lab5block|sseg2:inst2|lpm_mux:Mux3|mux_joc:auto_generated|_~12             ; out0             ;
; |Lab5block|sseg2:inst2|lpm_mux:Mux3|mux_joc:auto_generated|_~13             ; |Lab5block|sseg2:inst2|lpm_mux:Mux3|mux_joc:auto_generated|_~13             ; out0             ;
; |Lab5block|sseg2:inst2|lpm_mux:Mux3|mux_joc:auto_generated|_~14             ; |Lab5block|sseg2:inst2|lpm_mux:Mux3|mux_joc:auto_generated|_~14             ; out0             ;
; |Lab5block|sseg2:inst2|lpm_mux:Mux3|mux_joc:auto_generated|_~15             ; |Lab5block|sseg2:inst2|lpm_mux:Mux3|mux_joc:auto_generated|_~15             ; out0             ;
; |Lab5block|sseg2:inst2|lpm_mux:Mux3|mux_joc:auto_generated|_~16             ; |Lab5block|sseg2:inst2|lpm_mux:Mux3|mux_joc:auto_generated|_~16             ; out0             ;
; |Lab5block|sseg2:inst2|lpm_mux:Mux3|mux_joc:auto_generated|_~17             ; |Lab5block|sseg2:inst2|lpm_mux:Mux3|mux_joc:auto_generated|_~17             ; out0             ;
; |Lab5block|sseg2:inst2|lpm_mux:Mux3|mux_joc:auto_generated|_~19             ; |Lab5block|sseg2:inst2|lpm_mux:Mux3|mux_joc:auto_generated|_~19             ; out0             ;
; |Lab5block|sseg2:inst2|lpm_mux:Mux3|mux_joc:auto_generated|_~20             ; |Lab5block|sseg2:inst2|lpm_mux:Mux3|mux_joc:auto_generated|_~20             ; out0             ;
; |Lab5block|sseg2:inst2|lpm_mux:Mux3|mux_joc:auto_generated|_~21             ; |Lab5block|sseg2:inst2|lpm_mux:Mux3|mux_joc:auto_generated|_~21             ; out0             ;
; |Lab5block|sseg2:inst2|lpm_mux:Mux3|mux_joc:auto_generated|_~22             ; |Lab5block|sseg2:inst2|lpm_mux:Mux3|mux_joc:auto_generated|_~22             ; out0             ;
; |Lab5block|sseg2:inst2|lpm_mux:Mux3|mux_joc:auto_generated|_~23             ; |Lab5block|sseg2:inst2|lpm_mux:Mux3|mux_joc:auto_generated|_~23             ; out0             ;
; |Lab5block|sseg2:inst2|lpm_mux:Mux3|mux_joc:auto_generated|_~25             ; |Lab5block|sseg2:inst2|lpm_mux:Mux3|mux_joc:auto_generated|_~25             ; out0             ;
; |Lab5block|sseg2:inst2|lpm_mux:Mux3|mux_joc:auto_generated|_~27             ; |Lab5block|sseg2:inst2|lpm_mux:Mux3|mux_joc:auto_generated|_~27             ; out0             ;
; |Lab5block|sseg2:inst2|lpm_mux:Mux3|mux_joc:auto_generated|_~28             ; |Lab5block|sseg2:inst2|lpm_mux:Mux3|mux_joc:auto_generated|_~28             ; out0             ;
; |Lab5block|sseg2:inst2|lpm_mux:Mux3|mux_joc:auto_generated|_~29             ; |Lab5block|sseg2:inst2|lpm_mux:Mux3|mux_joc:auto_generated|_~29             ; out0             ;
; |Lab5block|sseg2:inst2|lpm_mux:Mux3|mux_joc:auto_generated|_~30             ; |Lab5block|sseg2:inst2|lpm_mux:Mux3|mux_joc:auto_generated|_~30             ; out0             ;
; |Lab5block|sseg2:inst2|lpm_mux:Mux3|mux_joc:auto_generated|_~31             ; |Lab5block|sseg2:inst2|lpm_mux:Mux3|mux_joc:auto_generated|_~31             ; out0             ;
; |Lab5block|sseg2:inst2|lpm_mux:Mux3|mux_joc:auto_generated|_~32             ; |Lab5block|sseg2:inst2|lpm_mux:Mux3|mux_joc:auto_generated|_~32             ; out0             ;
; |Lab5block|sseg2:inst2|lpm_mux:Mux3|mux_joc:auto_generated|_~34             ; |Lab5block|sseg2:inst2|lpm_mux:Mux3|mux_joc:auto_generated|_~34             ; out0             ;
; |Lab5block|sseg2:inst2|lpm_mux:Mux3|mux_joc:auto_generated|_~36             ; |Lab5block|sseg2:inst2|lpm_mux:Mux3|mux_joc:auto_generated|_~36             ; out0             ;
; |Lab5block|sseg2:inst2|lpm_mux:Mux3|mux_joc:auto_generated|_~37             ; |Lab5block|sseg2:inst2|lpm_mux:Mux3|mux_joc:auto_generated|_~37             ; out0             ;
; |Lab5block|sseg2:inst2|lpm_mux:Mux3|mux_joc:auto_generated|_~38             ; |Lab5block|sseg2:inst2|lpm_mux:Mux3|mux_joc:auto_generated|_~38             ; out0             ;
; |Lab5block|sseg2:inst2|lpm_mux:Mux3|mux_joc:auto_generated|_~39             ; |Lab5block|sseg2:inst2|lpm_mux:Mux3|mux_joc:auto_generated|_~39             ; out0             ;
; |Lab5block|sseg2:inst2|lpm_mux:Mux3|mux_joc:auto_generated|_~40             ; |Lab5block|sseg2:inst2|lpm_mux:Mux3|mux_joc:auto_generated|_~40             ; out0             ;
; |Lab5block|sseg2:inst2|lpm_mux:Mux3|mux_joc:auto_generated|_~42             ; |Lab5block|sseg2:inst2|lpm_mux:Mux3|mux_joc:auto_generated|_~42             ; out0             ;
; |Lab5block|sseg2:inst2|lpm_mux:Mux3|mux_joc:auto_generated|_~43             ; |Lab5block|sseg2:inst2|lpm_mux:Mux3|mux_joc:auto_generated|_~43             ; out0             ;
; |Lab5block|sseg2:inst2|lpm_mux:Mux3|mux_joc:auto_generated|_~44             ; |Lab5block|sseg2:inst2|lpm_mux:Mux3|mux_joc:auto_generated|_~44             ; out0             ;
; |Lab5block|sseg2:inst2|lpm_mux:Mux3|mux_joc:auto_generated|_~45             ; |Lab5block|sseg2:inst2|lpm_mux:Mux3|mux_joc:auto_generated|_~45             ; out0             ;
; |Lab5block|sseg2:inst2|lpm_mux:Mux3|mux_joc:auto_generated|_~46             ; |Lab5block|sseg2:inst2|lpm_mux:Mux3|mux_joc:auto_generated|_~46             ; out0             ;
; |Lab5block|sseg2:inst2|lpm_mux:Mux3|mux_joc:auto_generated|_~48             ; |Lab5block|sseg2:inst2|lpm_mux:Mux3|mux_joc:auto_generated|_~48             ; out0             ;
; |Lab5block|sseg2:inst2|lpm_mux:Mux3|mux_joc:auto_generated|_~50             ; |Lab5block|sseg2:inst2|lpm_mux:Mux3|mux_joc:auto_generated|_~50             ; out0             ;
; |Lab5block|sseg2:inst2|lpm_mux:Mux3|mux_joc:auto_generated|_~53             ; |Lab5block|sseg2:inst2|lpm_mux:Mux3|mux_joc:auto_generated|_~53             ; out0             ;
; |Lab5block|sseg2:inst2|lpm_mux:Mux3|mux_joc:auto_generated|_~54             ; |Lab5block|sseg2:inst2|lpm_mux:Mux3|mux_joc:auto_generated|_~54             ; out0             ;
; |Lab5block|sseg2:inst2|lpm_mux:Mux3|mux_joc:auto_generated|_~55             ; |Lab5block|sseg2:inst2|lpm_mux:Mux3|mux_joc:auto_generated|_~55             ; out0             ;
; |Lab5block|sseg2:inst2|lpm_mux:Mux3|mux_joc:auto_generated|_~57             ; |Lab5block|sseg2:inst2|lpm_mux:Mux3|mux_joc:auto_generated|_~57             ; out0             ;
; |Lab5block|sseg2:inst2|lpm_mux:Mux3|mux_joc:auto_generated|_~59             ; |Lab5block|sseg2:inst2|lpm_mux:Mux3|mux_joc:auto_generated|_~59             ; out0             ;
; |Lab5block|sseg2:inst2|lpm_mux:Mux3|mux_joc:auto_generated|_~62             ; |Lab5block|sseg2:inst2|lpm_mux:Mux3|mux_joc:auto_generated|_~62             ; out0             ;
; |Lab5block|sseg2:inst2|lpm_mux:Mux3|mux_joc:auto_generated|_~63             ; |Lab5block|sseg2:inst2|lpm_mux:Mux3|mux_joc:auto_generated|_~63             ; out0             ;
; |Lab5block|sseg2:inst2|lpm_mux:Mux3|mux_joc:auto_generated|_~64             ; |Lab5block|sseg2:inst2|lpm_mux:Mux3|mux_joc:auto_generated|_~64             ; out0             ;
; |Lab5block|sseg2:inst2|lpm_mux:Mux3|mux_joc:auto_generated|_~65             ; |Lab5block|sseg2:inst2|lpm_mux:Mux3|mux_joc:auto_generated|_~65             ; out0             ;
; |Lab5block|sseg2:inst2|lpm_mux:Mux3|mux_joc:auto_generated|_~66             ; |Lab5block|sseg2:inst2|lpm_mux:Mux3|mux_joc:auto_generated|_~66             ; out0             ;
; |Lab5block|sseg2:inst2|lpm_mux:Mux3|mux_joc:auto_generated|_~67             ; |Lab5block|sseg2:inst2|lpm_mux:Mux3|mux_joc:auto_generated|_~67             ; out0             ;
; |Lab5block|sseg2:inst2|lpm_mux:Mux3|mux_joc:auto_generated|_~68             ; |Lab5block|sseg2:inst2|lpm_mux:Mux3|mux_joc:auto_generated|_~68             ; out0             ;
; |Lab5block|sseg2:inst2|lpm_mux:Mux3|mux_joc:auto_generated|_~70             ; |Lab5block|sseg2:inst2|lpm_mux:Mux3|mux_joc:auto_generated|_~70             ; out0             ;
; |Lab5block|sseg2:inst2|lpm_mux:Mux3|mux_joc:auto_generated|_~71             ; |Lab5block|sseg2:inst2|lpm_mux:Mux3|mux_joc:auto_generated|_~71             ; out0             ;
; |Lab5block|sseg2:inst2|lpm_mux:Mux3|mux_joc:auto_generated|result_node[0]~0 ; |Lab5block|sseg2:inst2|lpm_mux:Mux3|mux_joc:auto_generated|result_node[0]~0 ; out0             ;
; |Lab5block|sseg2:inst2|lpm_mux:Mux3|mux_joc:auto_generated|_~72             ; |Lab5block|sseg2:inst2|lpm_mux:Mux3|mux_joc:auto_generated|_~72             ; out0             ;
; |Lab5block|sseg2:inst2|lpm_mux:Mux3|mux_joc:auto_generated|_~73             ; |Lab5block|sseg2:inst2|lpm_mux:Mux3|mux_joc:auto_generated|_~73             ; out0             ;
; |Lab5block|sseg2:inst2|lpm_mux:Mux3|mux_joc:auto_generated|_~75             ; |Lab5block|sseg2:inst2|lpm_mux:Mux3|mux_joc:auto_generated|_~75             ; out0             ;
; |Lab5block|sseg2:inst2|lpm_mux:Mux3|mux_joc:auto_generated|_~77             ; |Lab5block|sseg2:inst2|lpm_mux:Mux3|mux_joc:auto_generated|_~77             ; out0             ;
; |Lab5block|sseg2:inst2|lpm_mux:Mux3|mux_joc:auto_generated|_~78             ; |Lab5block|sseg2:inst2|lpm_mux:Mux3|mux_joc:auto_generated|_~78             ; out0             ;
; |Lab5block|sseg2:inst2|lpm_mux:Mux3|mux_joc:auto_generated|_~79             ; |Lab5block|sseg2:inst2|lpm_mux:Mux3|mux_joc:auto_generated|_~79             ; out0             ;
; |Lab5block|sseg2:inst2|lpm_mux:Mux3|mux_joc:auto_generated|_~80             ; |Lab5block|sseg2:inst2|lpm_mux:Mux3|mux_joc:auto_generated|_~80             ; out0             ;
; |Lab5block|sseg2:inst2|lpm_mux:Mux3|mux_joc:auto_generated|_~81             ; |Lab5block|sseg2:inst2|lpm_mux:Mux3|mux_joc:auto_generated|_~81             ; out0             ;
; |Lab5block|sseg2:inst2|lpm_mux:Mux3|mux_joc:auto_generated|_~82             ; |Lab5block|sseg2:inst2|lpm_mux:Mux3|mux_joc:auto_generated|_~82             ; out0             ;
; |Lab5block|sseg2:inst2|lpm_mux:Mux3|mux_joc:auto_generated|_~84             ; |Lab5block|sseg2:inst2|lpm_mux:Mux3|mux_joc:auto_generated|_~84             ; out0             ;
; |Lab5block|sseg2:inst2|lpm_mux:Mux3|mux_joc:auto_generated|_~86             ; |Lab5block|sseg2:inst2|lpm_mux:Mux3|mux_joc:auto_generated|_~86             ; out0             ;
; |Lab5block|sseg2:inst2|lpm_mux:Mux3|mux_joc:auto_generated|_~87             ; |Lab5block|sseg2:inst2|lpm_mux:Mux3|mux_joc:auto_generated|_~87             ; out0             ;
; |Lab5block|sseg2:inst2|lpm_mux:Mux3|mux_joc:auto_generated|_~88             ; |Lab5block|sseg2:inst2|lpm_mux:Mux3|mux_joc:auto_generated|_~88             ; out0             ;
; |Lab5block|sseg2:inst2|lpm_mux:Mux3|mux_joc:auto_generated|_~89             ; |Lab5block|sseg2:inst2|lpm_mux:Mux3|mux_joc:auto_generated|_~89             ; out0             ;
; |Lab5block|sseg2:inst2|lpm_mux:Mux3|mux_joc:auto_generated|_~90             ; |Lab5block|sseg2:inst2|lpm_mux:Mux3|mux_joc:auto_generated|_~90             ; out0             ;
; |Lab5block|sseg2:inst2|lpm_mux:Mux3|mux_joc:auto_generated|_~92             ; |Lab5block|sseg2:inst2|lpm_mux:Mux3|mux_joc:auto_generated|_~92             ; out0             ;
; |Lab5block|sseg2:inst2|lpm_mux:Mux3|mux_joc:auto_generated|_~93             ; |Lab5block|sseg2:inst2|lpm_mux:Mux3|mux_joc:auto_generated|_~93             ; out0             ;
; |Lab5block|sseg2:inst2|lpm_mux:Mux3|mux_joc:auto_generated|_~94             ; |Lab5block|sseg2:inst2|lpm_mux:Mux3|mux_joc:auto_generated|_~94             ; out0             ;
; |Lab5block|sseg2:inst2|lpm_mux:Mux3|mux_joc:auto_generated|_~95             ; |Lab5block|sseg2:inst2|lpm_mux:Mux3|mux_joc:auto_generated|_~95             ; out0             ;
; |Lab5block|sseg2:inst2|lpm_mux:Mux3|mux_joc:auto_generated|_~96             ; |Lab5block|sseg2:inst2|lpm_mux:Mux3|mux_joc:auto_generated|_~96             ; out0             ;
; |Lab5block|sseg2:inst2|lpm_mux:Mux3|mux_joc:auto_generated|_~98             ; |Lab5block|sseg2:inst2|lpm_mux:Mux3|mux_joc:auto_generated|_~98             ; out0             ;
; |Lab5block|sseg2:inst2|lpm_mux:Mux3|mux_joc:auto_generated|_~100            ; |Lab5block|sseg2:inst2|lpm_mux:Mux3|mux_joc:auto_generated|_~100            ; out0             ;
; |Lab5block|sseg2:inst2|lpm_mux:Mux3|mux_joc:auto_generated|_~103            ; |Lab5block|sseg2:inst2|lpm_mux:Mux3|mux_joc:auto_generated|_~103            ; out0             ;
; |Lab5block|sseg2:inst2|lpm_mux:Mux3|mux_joc:auto_generated|_~104            ; |Lab5block|sseg2:inst2|lpm_mux:Mux3|mux_joc:auto_generated|_~104            ; out0             ;
; |Lab5block|sseg2:inst2|lpm_mux:Mux3|mux_joc:auto_generated|_~105            ; |Lab5block|sseg2:inst2|lpm_mux:Mux3|mux_joc:auto_generated|_~105            ; out0             ;
; |Lab5block|sseg2:inst2|lpm_mux:Mux3|mux_joc:auto_generated|_~107            ; |Lab5block|sseg2:inst2|lpm_mux:Mux3|mux_joc:auto_generated|_~107            ; out0             ;
; |Lab5block|sseg2:inst2|lpm_mux:Mux3|mux_joc:auto_generated|_~109            ; |Lab5block|sseg2:inst2|lpm_mux:Mux3|mux_joc:auto_generated|_~109            ; out0             ;
; |Lab5block|sseg2:inst2|lpm_mux:Mux3|mux_joc:auto_generated|_~112            ; |Lab5block|sseg2:inst2|lpm_mux:Mux3|mux_joc:auto_generated|_~112            ; out0             ;
; |Lab5block|sseg2:inst2|lpm_mux:Mux3|mux_joc:auto_generated|_~113            ; |Lab5block|sseg2:inst2|lpm_mux:Mux3|mux_joc:auto_generated|_~113            ; out0             ;
; |Lab5block|sseg2:inst2|lpm_mux:Mux3|mux_joc:auto_generated|_~114            ; |Lab5block|sseg2:inst2|lpm_mux:Mux3|mux_joc:auto_generated|_~114            ; out0             ;
; |Lab5block|sseg2:inst2|lpm_mux:Mux3|mux_joc:auto_generated|_~115            ; |Lab5block|sseg2:inst2|lpm_mux:Mux3|mux_joc:auto_generated|_~115            ; out0             ;
; |Lab5block|sseg2:inst2|lpm_mux:Mux3|mux_joc:auto_generated|_~116            ; |Lab5block|sseg2:inst2|lpm_mux:Mux3|mux_joc:auto_generated|_~116            ; out0             ;
; |Lab5block|sseg2:inst2|lpm_mux:Mux3|mux_joc:auto_generated|_~117            ; |Lab5block|sseg2:inst2|lpm_mux:Mux3|mux_joc:auto_generated|_~117            ; out0             ;
; |Lab5block|sseg2:inst2|lpm_mux:Mux3|mux_joc:auto_generated|_~118            ; |Lab5block|sseg2:inst2|lpm_mux:Mux3|mux_joc:auto_generated|_~118            ; out0             ;
; |Lab5block|sseg2:inst2|lpm_mux:Mux3|mux_joc:auto_generated|_~120            ; |Lab5block|sseg2:inst2|lpm_mux:Mux3|mux_joc:auto_generated|_~120            ; out0             ;
; |Lab5block|sseg2:inst2|lpm_mux:Mux3|mux_joc:auto_generated|_~122            ; |Lab5block|sseg2:inst2|lpm_mux:Mux3|mux_joc:auto_generated|_~122            ; out0             ;
; |Lab5block|sseg2:inst2|lpm_mux:Mux3|mux_joc:auto_generated|_~124            ; |Lab5block|sseg2:inst2|lpm_mux:Mux3|mux_joc:auto_generated|_~124            ; out0             ;
; |Lab5block|sseg2:inst2|lpm_mux:Mux3|mux_joc:auto_generated|_~126            ; |Lab5block|sseg2:inst2|lpm_mux:Mux3|mux_joc:auto_generated|_~126            ; out0             ;
; |Lab5block|sseg2:inst2|lpm_mux:Mux3|mux_joc:auto_generated|_~127            ; |Lab5block|sseg2:inst2|lpm_mux:Mux3|mux_joc:auto_generated|_~127            ; out0             ;
; |Lab5block|sseg2:inst2|lpm_mux:Mux3|mux_joc:auto_generated|_~128            ; |Lab5block|sseg2:inst2|lpm_mux:Mux3|mux_joc:auto_generated|_~128            ; out0             ;
; |Lab5block|sseg2:inst2|lpm_mux:Mux3|mux_joc:auto_generated|_~129            ; |Lab5block|sseg2:inst2|lpm_mux:Mux3|mux_joc:auto_generated|_~129            ; out0             ;
; |Lab5block|sseg2:inst2|lpm_mux:Mux3|mux_joc:auto_generated|_~131            ; |Lab5block|sseg2:inst2|lpm_mux:Mux3|mux_joc:auto_generated|_~131            ; out0             ;
; |Lab5block|sseg2:inst2|lpm_mux:Mux3|mux_joc:auto_generated|_~133            ; |Lab5block|sseg2:inst2|lpm_mux:Mux3|mux_joc:auto_generated|_~133            ; out0             ;
; |Lab5block|sseg2:inst2|lpm_mux:Mux3|mux_joc:auto_generated|_~135            ; |Lab5block|sseg2:inst2|lpm_mux:Mux3|mux_joc:auto_generated|_~135            ; out0             ;
; |Lab5block|sseg2:inst2|lpm_mux:Mux3|mux_joc:auto_generated|_~136            ; |Lab5block|sseg2:inst2|lpm_mux:Mux3|mux_joc:auto_generated|_~136            ; out0             ;
; |Lab5block|sseg2:inst2|lpm_mux:Mux3|mux_joc:auto_generated|_~137            ; |Lab5block|sseg2:inst2|lpm_mux:Mux3|mux_joc:auto_generated|_~137            ; out0             ;
; |Lab5block|sseg2:inst2|lpm_mux:Mux3|mux_joc:auto_generated|_~138            ; |Lab5block|sseg2:inst2|lpm_mux:Mux3|mux_joc:auto_generated|_~138            ; out0             ;
; |Lab5block|sseg2:inst2|lpm_mux:Mux3|mux_joc:auto_generated|_~140            ; |Lab5block|sseg2:inst2|lpm_mux:Mux3|mux_joc:auto_generated|_~140            ; out0             ;
; |Lab5block|sseg2:inst2|lpm_mux:Mux3|mux_joc:auto_generated|_~141            ; |Lab5block|sseg2:inst2|lpm_mux:Mux3|mux_joc:auto_generated|_~141            ; out0             ;
; |Lab5block|sseg2:inst2|lpm_mux:Mux3|mux_joc:auto_generated|_~142            ; |Lab5block|sseg2:inst2|lpm_mux:Mux3|mux_joc:auto_generated|_~142            ; out0             ;
; |Lab5block|sseg2:inst2|lpm_mux:Mux3|mux_joc:auto_generated|_~143            ; |Lab5block|sseg2:inst2|lpm_mux:Mux3|mux_joc:auto_generated|_~143            ; out0             ;
; |Lab5block|sseg2:inst2|lpm_mux:Mux3|mux_joc:auto_generated|result_node[0]~1 ; |Lab5block|sseg2:inst2|lpm_mux:Mux3|mux_joc:auto_generated|result_node[0]~1 ; out0             ;
; |Lab5block|sseg2:inst2|lpm_mux:Mux3|mux_joc:auto_generated|result_node[0]   ; |Lab5block|sseg2:inst2|lpm_mux:Mux3|mux_joc:auto_generated|result_node[0]   ; out0             ;
; |Lab5block|sseg2:inst2|lpm_mux:Mux2|mux_joc:auto_generated|_~1              ; |Lab5block|sseg2:inst2|lpm_mux:Mux2|mux_joc:auto_generated|_~1              ; out0             ;
; |Lab5block|sseg2:inst2|lpm_mux:Mux2|mux_joc:auto_generated|_~3              ; |Lab5block|sseg2:inst2|lpm_mux:Mux2|mux_joc:auto_generated|_~3              ; out0             ;
; |Lab5block|sseg2:inst2|lpm_mux:Mux2|mux_joc:auto_generated|_~5              ; |Lab5block|sseg2:inst2|lpm_mux:Mux2|mux_joc:auto_generated|_~5              ; out0             ;
; |Lab5block|sseg2:inst2|lpm_mux:Mux2|mux_joc:auto_generated|_~6              ; |Lab5block|sseg2:inst2|lpm_mux:Mux2|mux_joc:auto_generated|_~6              ; out0             ;
; |Lab5block|sseg2:inst2|lpm_mux:Mux2|mux_joc:auto_generated|_~7              ; |Lab5block|sseg2:inst2|lpm_mux:Mux2|mux_joc:auto_generated|_~7              ; out0             ;
; |Lab5block|sseg2:inst2|lpm_mux:Mux2|mux_joc:auto_generated|_~8              ; |Lab5block|sseg2:inst2|lpm_mux:Mux2|mux_joc:auto_generated|_~8              ; out0             ;
; |Lab5block|sseg2:inst2|lpm_mux:Mux2|mux_joc:auto_generated|_~10             ; |Lab5block|sseg2:inst2|lpm_mux:Mux2|mux_joc:auto_generated|_~10             ; out0             ;
; |Lab5block|sseg2:inst2|lpm_mux:Mux2|mux_joc:auto_generated|_~12             ; |Lab5block|sseg2:inst2|lpm_mux:Mux2|mux_joc:auto_generated|_~12             ; out0             ;
; |Lab5block|sseg2:inst2|lpm_mux:Mux2|mux_joc:auto_generated|_~14             ; |Lab5block|sseg2:inst2|lpm_mux:Mux2|mux_joc:auto_generated|_~14             ; out0             ;
; |Lab5block|sseg2:inst2|lpm_mux:Mux2|mux_joc:auto_generated|_~15             ; |Lab5block|sseg2:inst2|lpm_mux:Mux2|mux_joc:auto_generated|_~15             ; out0             ;
; |Lab5block|sseg2:inst2|lpm_mux:Mux2|mux_joc:auto_generated|_~16             ; |Lab5block|sseg2:inst2|lpm_mux:Mux2|mux_joc:auto_generated|_~16             ; out0             ;
; |Lab5block|sseg2:inst2|lpm_mux:Mux2|mux_joc:auto_generated|_~17             ; |Lab5block|sseg2:inst2|lpm_mux:Mux2|mux_joc:auto_generated|_~17             ; out0             ;
; |Lab5block|sseg2:inst2|lpm_mux:Mux2|mux_joc:auto_generated|_~18             ; |Lab5block|sseg2:inst2|lpm_mux:Mux2|mux_joc:auto_generated|_~18             ; out0             ;
; |Lab5block|sseg2:inst2|lpm_mux:Mux2|mux_joc:auto_generated|_~23             ; |Lab5block|sseg2:inst2|lpm_mux:Mux2|mux_joc:auto_generated|_~23             ; out0             ;
; |Lab5block|sseg2:inst2|lpm_mux:Mux2|mux_joc:auto_generated|_~25             ; |Lab5block|sseg2:inst2|lpm_mux:Mux2|mux_joc:auto_generated|_~25             ; out0             ;
; |Lab5block|sseg2:inst2|lpm_mux:Mux2|mux_joc:auto_generated|_~28             ; |Lab5block|sseg2:inst2|lpm_mux:Mux2|mux_joc:auto_generated|_~28             ; out0             ;
; |Lab5block|sseg2:inst2|lpm_mux:Mux2|mux_joc:auto_generated|_~29             ; |Lab5block|sseg2:inst2|lpm_mux:Mux2|mux_joc:auto_generated|_~29             ; out0             ;
; |Lab5block|sseg2:inst2|lpm_mux:Mux2|mux_joc:auto_generated|_~30             ; |Lab5block|sseg2:inst2|lpm_mux:Mux2|mux_joc:auto_generated|_~30             ; out0             ;
; |Lab5block|sseg2:inst2|lpm_mux:Mux2|mux_joc:auto_generated|_~32             ; |Lab5block|sseg2:inst2|lpm_mux:Mux2|mux_joc:auto_generated|_~32             ; out0             ;
; |Lab5block|sseg2:inst2|lpm_mux:Mux2|mux_joc:auto_generated|_~34             ; |Lab5block|sseg2:inst2|lpm_mux:Mux2|mux_joc:auto_generated|_~34             ; out0             ;
; |Lab5block|sseg2:inst2|lpm_mux:Mux2|mux_joc:auto_generated|_~37             ; |Lab5block|sseg2:inst2|lpm_mux:Mux2|mux_joc:auto_generated|_~37             ; out0             ;
; |Lab5block|sseg2:inst2|lpm_mux:Mux2|mux_joc:auto_generated|_~38             ; |Lab5block|sseg2:inst2|lpm_mux:Mux2|mux_joc:auto_generated|_~38             ; out0             ;
; |Lab5block|sseg2:inst2|lpm_mux:Mux2|mux_joc:auto_generated|_~39             ; |Lab5block|sseg2:inst2|lpm_mux:Mux2|mux_joc:auto_generated|_~39             ; out0             ;
; |Lab5block|sseg2:inst2|lpm_mux:Mux2|mux_joc:auto_generated|_~40             ; |Lab5block|sseg2:inst2|lpm_mux:Mux2|mux_joc:auto_generated|_~40             ; out0             ;
; |Lab5block|sseg2:inst2|lpm_mux:Mux2|mux_joc:auto_generated|_~41             ; |Lab5block|sseg2:inst2|lpm_mux:Mux2|mux_joc:auto_generated|_~41             ; out0             ;
; |Lab5block|sseg2:inst2|lpm_mux:Mux2|mux_joc:auto_generated|_~42             ; |Lab5block|sseg2:inst2|lpm_mux:Mux2|mux_joc:auto_generated|_~42             ; out0             ;
; |Lab5block|sseg2:inst2|lpm_mux:Mux2|mux_joc:auto_generated|_~43             ; |Lab5block|sseg2:inst2|lpm_mux:Mux2|mux_joc:auto_generated|_~43             ; out0             ;
; |Lab5block|sseg2:inst2|lpm_mux:Mux2|mux_joc:auto_generated|_~44             ; |Lab5block|sseg2:inst2|lpm_mux:Mux2|mux_joc:auto_generated|_~44             ; out0             ;
; |Lab5block|sseg2:inst2|lpm_mux:Mux2|mux_joc:auto_generated|_~45             ; |Lab5block|sseg2:inst2|lpm_mux:Mux2|mux_joc:auto_generated|_~45             ; out0             ;
; |Lab5block|sseg2:inst2|lpm_mux:Mux2|mux_joc:auto_generated|_~46             ; |Lab5block|sseg2:inst2|lpm_mux:Mux2|mux_joc:auto_generated|_~46             ; out0             ;
; |Lab5block|sseg2:inst2|lpm_mux:Mux2|mux_joc:auto_generated|_~48             ; |Lab5block|sseg2:inst2|lpm_mux:Mux2|mux_joc:auto_generated|_~48             ; out0             ;
; |Lab5block|sseg2:inst2|lpm_mux:Mux2|mux_joc:auto_generated|_~50             ; |Lab5block|sseg2:inst2|lpm_mux:Mux2|mux_joc:auto_generated|_~50             ; out0             ;
; |Lab5block|sseg2:inst2|lpm_mux:Mux2|mux_joc:auto_generated|_~52             ; |Lab5block|sseg2:inst2|lpm_mux:Mux2|mux_joc:auto_generated|_~52             ; out0             ;
; |Lab5block|sseg2:inst2|lpm_mux:Mux2|mux_joc:auto_generated|_~53             ; |Lab5block|sseg2:inst2|lpm_mux:Mux2|mux_joc:auto_generated|_~53             ; out0             ;
; |Lab5block|sseg2:inst2|lpm_mux:Mux2|mux_joc:auto_generated|_~54             ; |Lab5block|sseg2:inst2|lpm_mux:Mux2|mux_joc:auto_generated|_~54             ; out0             ;
; |Lab5block|sseg2:inst2|lpm_mux:Mux2|mux_joc:auto_generated|_~55             ; |Lab5block|sseg2:inst2|lpm_mux:Mux2|mux_joc:auto_generated|_~55             ; out0             ;
; |Lab5block|sseg2:inst2|lpm_mux:Mux2|mux_joc:auto_generated|_~57             ; |Lab5block|sseg2:inst2|lpm_mux:Mux2|mux_joc:auto_generated|_~57             ; out0             ;
; |Lab5block|sseg2:inst2|lpm_mux:Mux2|mux_joc:auto_generated|_~59             ; |Lab5block|sseg2:inst2|lpm_mux:Mux2|mux_joc:auto_generated|_~59             ; out0             ;
; |Lab5block|sseg2:inst2|lpm_mux:Mux2|mux_joc:auto_generated|_~61             ; |Lab5block|sseg2:inst2|lpm_mux:Mux2|mux_joc:auto_generated|_~61             ; out0             ;
; |Lab5block|sseg2:inst2|lpm_mux:Mux2|mux_joc:auto_generated|_~62             ; |Lab5block|sseg2:inst2|lpm_mux:Mux2|mux_joc:auto_generated|_~62             ; out0             ;
; |Lab5block|sseg2:inst2|lpm_mux:Mux2|mux_joc:auto_generated|_~63             ; |Lab5block|sseg2:inst2|lpm_mux:Mux2|mux_joc:auto_generated|_~63             ; out0             ;
; |Lab5block|sseg2:inst2|lpm_mux:Mux2|mux_joc:auto_generated|_~64             ; |Lab5block|sseg2:inst2|lpm_mux:Mux2|mux_joc:auto_generated|_~64             ; out0             ;
; |Lab5block|sseg2:inst2|lpm_mux:Mux2|mux_joc:auto_generated|_~65             ; |Lab5block|sseg2:inst2|lpm_mux:Mux2|mux_joc:auto_generated|_~65             ; out0             ;
; |Lab5block|sseg2:inst2|lpm_mux:Mux2|mux_joc:auto_generated|_~68             ; |Lab5block|sseg2:inst2|lpm_mux:Mux2|mux_joc:auto_generated|_~68             ; out0             ;
; |Lab5block|sseg2:inst2|lpm_mux:Mux2|mux_joc:auto_generated|_~70             ; |Lab5block|sseg2:inst2|lpm_mux:Mux2|mux_joc:auto_generated|_~70             ; out0             ;
; |Lab5block|sseg2:inst2|lpm_mux:Mux2|mux_joc:auto_generated|_~71             ; |Lab5block|sseg2:inst2|lpm_mux:Mux2|mux_joc:auto_generated|_~71             ; out0             ;
; |Lab5block|sseg2:inst2|lpm_mux:Mux2|mux_joc:auto_generated|_~73             ; |Lab5block|sseg2:inst2|lpm_mux:Mux2|mux_joc:auto_generated|_~73             ; out0             ;
; |Lab5block|sseg2:inst2|lpm_mux:Mux2|mux_joc:auto_generated|_~75             ; |Lab5block|sseg2:inst2|lpm_mux:Mux2|mux_joc:auto_generated|_~75             ; out0             ;
; |Lab5block|sseg2:inst2|lpm_mux:Mux2|mux_joc:auto_generated|_~78             ; |Lab5block|sseg2:inst2|lpm_mux:Mux2|mux_joc:auto_generated|_~78             ; out0             ;
; |Lab5block|sseg2:inst2|lpm_mux:Mux2|mux_joc:auto_generated|_~79             ; |Lab5block|sseg2:inst2|lpm_mux:Mux2|mux_joc:auto_generated|_~79             ; out0             ;
; |Lab5block|sseg2:inst2|lpm_mux:Mux2|mux_joc:auto_generated|_~80             ; |Lab5block|sseg2:inst2|lpm_mux:Mux2|mux_joc:auto_generated|_~80             ; out0             ;
; |Lab5block|sseg2:inst2|lpm_mux:Mux2|mux_joc:auto_generated|_~82             ; |Lab5block|sseg2:inst2|lpm_mux:Mux2|mux_joc:auto_generated|_~82             ; out0             ;
; |Lab5block|sseg2:inst2|lpm_mux:Mux2|mux_joc:auto_generated|_~84             ; |Lab5block|sseg2:inst2|lpm_mux:Mux2|mux_joc:auto_generated|_~84             ; out0             ;
; |Lab5block|sseg2:inst2|lpm_mux:Mux2|mux_joc:auto_generated|_~87             ; |Lab5block|sseg2:inst2|lpm_mux:Mux2|mux_joc:auto_generated|_~87             ; out0             ;
; |Lab5block|sseg2:inst2|lpm_mux:Mux2|mux_joc:auto_generated|_~88             ; |Lab5block|sseg2:inst2|lpm_mux:Mux2|mux_joc:auto_generated|_~88             ; out0             ;
; |Lab5block|sseg2:inst2|lpm_mux:Mux2|mux_joc:auto_generated|_~89             ; |Lab5block|sseg2:inst2|lpm_mux:Mux2|mux_joc:auto_generated|_~89             ; out0             ;
; |Lab5block|sseg2:inst2|lpm_mux:Mux2|mux_joc:auto_generated|_~90             ; |Lab5block|sseg2:inst2|lpm_mux:Mux2|mux_joc:auto_generated|_~90             ; out0             ;
; |Lab5block|sseg2:inst2|lpm_mux:Mux2|mux_joc:auto_generated|_~91             ; |Lab5block|sseg2:inst2|lpm_mux:Mux2|mux_joc:auto_generated|_~91             ; out0             ;
; |Lab5block|sseg2:inst2|lpm_mux:Mux2|mux_joc:auto_generated|_~92             ; |Lab5block|sseg2:inst2|lpm_mux:Mux2|mux_joc:auto_generated|_~92             ; out0             ;
; |Lab5block|sseg2:inst2|lpm_mux:Mux2|mux_joc:auto_generated|_~93             ; |Lab5block|sseg2:inst2|lpm_mux:Mux2|mux_joc:auto_generated|_~93             ; out0             ;
; |Lab5block|sseg2:inst2|lpm_mux:Mux2|mux_joc:auto_generated|_~94             ; |Lab5block|sseg2:inst2|lpm_mux:Mux2|mux_joc:auto_generated|_~94             ; out0             ;
; |Lab5block|sseg2:inst2|lpm_mux:Mux2|mux_joc:auto_generated|_~95             ; |Lab5block|sseg2:inst2|lpm_mux:Mux2|mux_joc:auto_generated|_~95             ; out0             ;
; |Lab5block|sseg2:inst2|lpm_mux:Mux2|mux_joc:auto_generated|_~96             ; |Lab5block|sseg2:inst2|lpm_mux:Mux2|mux_joc:auto_generated|_~96             ; out0             ;
; |Lab5block|sseg2:inst2|lpm_mux:Mux2|mux_joc:auto_generated|_~98             ; |Lab5block|sseg2:inst2|lpm_mux:Mux2|mux_joc:auto_generated|_~98             ; out0             ;
; |Lab5block|sseg2:inst2|lpm_mux:Mux2|mux_joc:auto_generated|_~100            ; |Lab5block|sseg2:inst2|lpm_mux:Mux2|mux_joc:auto_generated|_~100            ; out0             ;
; |Lab5block|sseg2:inst2|lpm_mux:Mux2|mux_joc:auto_generated|_~102            ; |Lab5block|sseg2:inst2|lpm_mux:Mux2|mux_joc:auto_generated|_~102            ; out0             ;
; |Lab5block|sseg2:inst2|lpm_mux:Mux2|mux_joc:auto_generated|_~103            ; |Lab5block|sseg2:inst2|lpm_mux:Mux2|mux_joc:auto_generated|_~103            ; out0             ;
; |Lab5block|sseg2:inst2|lpm_mux:Mux2|mux_joc:auto_generated|_~104            ; |Lab5block|sseg2:inst2|lpm_mux:Mux2|mux_joc:auto_generated|_~104            ; out0             ;
; |Lab5block|sseg2:inst2|lpm_mux:Mux2|mux_joc:auto_generated|_~105            ; |Lab5block|sseg2:inst2|lpm_mux:Mux2|mux_joc:auto_generated|_~105            ; out0             ;
; |Lab5block|sseg2:inst2|lpm_mux:Mux2|mux_joc:auto_generated|_~107            ; |Lab5block|sseg2:inst2|lpm_mux:Mux2|mux_joc:auto_generated|_~107            ; out0             ;
; |Lab5block|sseg2:inst2|lpm_mux:Mux2|mux_joc:auto_generated|_~109            ; |Lab5block|sseg2:inst2|lpm_mux:Mux2|mux_joc:auto_generated|_~109            ; out0             ;
; |Lab5block|sseg2:inst2|lpm_mux:Mux2|mux_joc:auto_generated|_~111            ; |Lab5block|sseg2:inst2|lpm_mux:Mux2|mux_joc:auto_generated|_~111            ; out0             ;
; |Lab5block|sseg2:inst2|lpm_mux:Mux2|mux_joc:auto_generated|_~112            ; |Lab5block|sseg2:inst2|lpm_mux:Mux2|mux_joc:auto_generated|_~112            ; out0             ;
; |Lab5block|sseg2:inst2|lpm_mux:Mux2|mux_joc:auto_generated|_~113            ; |Lab5block|sseg2:inst2|lpm_mux:Mux2|mux_joc:auto_generated|_~113            ; out0             ;
; |Lab5block|sseg2:inst2|lpm_mux:Mux2|mux_joc:auto_generated|_~114            ; |Lab5block|sseg2:inst2|lpm_mux:Mux2|mux_joc:auto_generated|_~114            ; out0             ;
; |Lab5block|sseg2:inst2|lpm_mux:Mux2|mux_joc:auto_generated|_~115            ; |Lab5block|sseg2:inst2|lpm_mux:Mux2|mux_joc:auto_generated|_~115            ; out0             ;
; |Lab5block|sseg2:inst2|lpm_mux:Mux2|mux_joc:auto_generated|_~118            ; |Lab5block|sseg2:inst2|lpm_mux:Mux2|mux_joc:auto_generated|_~118            ; out0             ;
; |Lab5block|sseg2:inst2|lpm_mux:Mux2|mux_joc:auto_generated|_~120            ; |Lab5block|sseg2:inst2|lpm_mux:Mux2|mux_joc:auto_generated|_~120            ; out0             ;
; |Lab5block|sseg2:inst2|lpm_mux:Mux2|mux_joc:auto_generated|_~122            ; |Lab5block|sseg2:inst2|lpm_mux:Mux2|mux_joc:auto_generated|_~122            ; out0             ;
; |Lab5block|sseg2:inst2|lpm_mux:Mux2|mux_joc:auto_generated|_~123            ; |Lab5block|sseg2:inst2|lpm_mux:Mux2|mux_joc:auto_generated|_~123            ; out0             ;
; |Lab5block|sseg2:inst2|lpm_mux:Mux2|mux_joc:auto_generated|_~124            ; |Lab5block|sseg2:inst2|lpm_mux:Mux2|mux_joc:auto_generated|_~124            ; out0             ;
; |Lab5block|sseg2:inst2|lpm_mux:Mux2|mux_joc:auto_generated|_~125            ; |Lab5block|sseg2:inst2|lpm_mux:Mux2|mux_joc:auto_generated|_~125            ; out0             ;
; |Lab5block|sseg2:inst2|lpm_mux:Mux2|mux_joc:auto_generated|_~127            ; |Lab5block|sseg2:inst2|lpm_mux:Mux2|mux_joc:auto_generated|_~127            ; out0             ;
; |Lab5block|sseg2:inst2|lpm_mux:Mux2|mux_joc:auto_generated|_~128            ; |Lab5block|sseg2:inst2|lpm_mux:Mux2|mux_joc:auto_generated|_~128            ; out0             ;
; |Lab5block|sseg2:inst2|lpm_mux:Mux2|mux_joc:auto_generated|_~129            ; |Lab5block|sseg2:inst2|lpm_mux:Mux2|mux_joc:auto_generated|_~129            ; out0             ;
; |Lab5block|sseg2:inst2|lpm_mux:Mux2|mux_joc:auto_generated|_~131            ; |Lab5block|sseg2:inst2|lpm_mux:Mux2|mux_joc:auto_generated|_~131            ; out0             ;
; |Lab5block|sseg2:inst2|lpm_mux:Mux2|mux_joc:auto_generated|_~132            ; |Lab5block|sseg2:inst2|lpm_mux:Mux2|mux_joc:auto_generated|_~132            ; out0             ;
; |Lab5block|sseg2:inst2|lpm_mux:Mux2|mux_joc:auto_generated|_~133            ; |Lab5block|sseg2:inst2|lpm_mux:Mux2|mux_joc:auto_generated|_~133            ; out0             ;
; |Lab5block|sseg2:inst2|lpm_mux:Mux2|mux_joc:auto_generated|_~134            ; |Lab5block|sseg2:inst2|lpm_mux:Mux2|mux_joc:auto_generated|_~134            ; out0             ;
; |Lab5block|sseg2:inst2|lpm_mux:Mux2|mux_joc:auto_generated|_~136            ; |Lab5block|sseg2:inst2|lpm_mux:Mux2|mux_joc:auto_generated|_~136            ; out0             ;
; |Lab5block|sseg2:inst2|lpm_mux:Mux2|mux_joc:auto_generated|_~137            ; |Lab5block|sseg2:inst2|lpm_mux:Mux2|mux_joc:auto_generated|_~137            ; out0             ;
; |Lab5block|sseg2:inst2|lpm_mux:Mux2|mux_joc:auto_generated|_~138            ; |Lab5block|sseg2:inst2|lpm_mux:Mux2|mux_joc:auto_generated|_~138            ; out0             ;
; |Lab5block|sseg2:inst2|lpm_mux:Mux2|mux_joc:auto_generated|_~139            ; |Lab5block|sseg2:inst2|lpm_mux:Mux2|mux_joc:auto_generated|_~139            ; out0             ;
; |Lab5block|sseg2:inst2|lpm_mux:Mux2|mux_joc:auto_generated|_~140            ; |Lab5block|sseg2:inst2|lpm_mux:Mux2|mux_joc:auto_generated|_~140            ; out0             ;
; |Lab5block|sseg2:inst2|lpm_mux:Mux2|mux_joc:auto_generated|_~141            ; |Lab5block|sseg2:inst2|lpm_mux:Mux2|mux_joc:auto_generated|_~141            ; out0             ;
; |Lab5block|sseg2:inst2|lpm_mux:Mux2|mux_joc:auto_generated|_~142            ; |Lab5block|sseg2:inst2|lpm_mux:Mux2|mux_joc:auto_generated|_~142            ; out0             ;
; |Lab5block|sseg2:inst2|lpm_mux:Mux2|mux_joc:auto_generated|_~143            ; |Lab5block|sseg2:inst2|lpm_mux:Mux2|mux_joc:auto_generated|_~143            ; out0             ;
; |Lab5block|sseg2:inst2|lpm_mux:Mux2|mux_joc:auto_generated|result_node[0]~1 ; |Lab5block|sseg2:inst2|lpm_mux:Mux2|mux_joc:auto_generated|result_node[0]~1 ; out0             ;
; |Lab5block|sseg2:inst2|lpm_mux:Mux2|mux_joc:auto_generated|result_node[0]   ; |Lab5block|sseg2:inst2|lpm_mux:Mux2|mux_joc:auto_generated|result_node[0]   ; out0             ;
; |Lab5block|sseg2:inst2|lpm_mux:Mux1|mux_joc:auto_generated|_~0              ; |Lab5block|sseg2:inst2|lpm_mux:Mux1|mux_joc:auto_generated|_~0              ; out0             ;
; |Lab5block|sseg2:inst2|lpm_mux:Mux1|mux_joc:auto_generated|_~1              ; |Lab5block|sseg2:inst2|lpm_mux:Mux1|mux_joc:auto_generated|_~1              ; out0             ;
; |Lab5block|sseg2:inst2|lpm_mux:Mux1|mux_joc:auto_generated|_~3              ; |Lab5block|sseg2:inst2|lpm_mux:Mux1|mux_joc:auto_generated|_~3              ; out0             ;
; |Lab5block|sseg2:inst2|lpm_mux:Mux1|mux_joc:auto_generated|_~6              ; |Lab5block|sseg2:inst2|lpm_mux:Mux1|mux_joc:auto_generated|_~6              ; out0             ;
; |Lab5block|sseg2:inst2|lpm_mux:Mux1|mux_joc:auto_generated|_~7              ; |Lab5block|sseg2:inst2|lpm_mux:Mux1|mux_joc:auto_generated|_~7              ; out0             ;
; |Lab5block|sseg2:inst2|lpm_mux:Mux1|mux_joc:auto_generated|_~8              ; |Lab5block|sseg2:inst2|lpm_mux:Mux1|mux_joc:auto_generated|_~8              ; out0             ;
; |Lab5block|sseg2:inst2|lpm_mux:Mux1|mux_joc:auto_generated|_~9              ; |Lab5block|sseg2:inst2|lpm_mux:Mux1|mux_joc:auto_generated|_~9              ; out0             ;
; |Lab5block|sseg2:inst2|lpm_mux:Mux1|mux_joc:auto_generated|_~10             ; |Lab5block|sseg2:inst2|lpm_mux:Mux1|mux_joc:auto_generated|_~10             ; out0             ;
; |Lab5block|sseg2:inst2|lpm_mux:Mux1|mux_joc:auto_generated|_~12             ; |Lab5block|sseg2:inst2|lpm_mux:Mux1|mux_joc:auto_generated|_~12             ; out0             ;
; |Lab5block|sseg2:inst2|lpm_mux:Mux1|mux_joc:auto_generated|_~15             ; |Lab5block|sseg2:inst2|lpm_mux:Mux1|mux_joc:auto_generated|_~15             ; out0             ;
; |Lab5block|sseg2:inst2|lpm_mux:Mux1|mux_joc:auto_generated|_~16             ; |Lab5block|sseg2:inst2|lpm_mux:Mux1|mux_joc:auto_generated|_~16             ; out0             ;
; |Lab5block|sseg2:inst2|lpm_mux:Mux1|mux_joc:auto_generated|_~17             ; |Lab5block|sseg2:inst2|lpm_mux:Mux1|mux_joc:auto_generated|_~17             ; out0             ;
; |Lab5block|sseg2:inst2|lpm_mux:Mux1|mux_joc:auto_generated|_~18             ; |Lab5block|sseg2:inst2|lpm_mux:Mux1|mux_joc:auto_generated|_~18             ; out0             ;
; |Lab5block|sseg2:inst2|lpm_mux:Mux1|mux_joc:auto_generated|_~19             ; |Lab5block|sseg2:inst2|lpm_mux:Mux1|mux_joc:auto_generated|_~19             ; out0             ;
; |Lab5block|sseg2:inst2|lpm_mux:Mux1|mux_joc:auto_generated|_~20             ; |Lab5block|sseg2:inst2|lpm_mux:Mux1|mux_joc:auto_generated|_~20             ; out0             ;
; |Lab5block|sseg2:inst2|lpm_mux:Mux1|mux_joc:auto_generated|_~21             ; |Lab5block|sseg2:inst2|lpm_mux:Mux1|mux_joc:auto_generated|_~21             ; out0             ;
; |Lab5block|sseg2:inst2|lpm_mux:Mux1|mux_joc:auto_generated|_~23             ; |Lab5block|sseg2:inst2|lpm_mux:Mux1|mux_joc:auto_generated|_~23             ; out0             ;
; |Lab5block|sseg2:inst2|lpm_mux:Mux1|mux_joc:auto_generated|_~25             ; |Lab5block|sseg2:inst2|lpm_mux:Mux1|mux_joc:auto_generated|_~25             ; out0             ;
; |Lab5block|sseg2:inst2|lpm_mux:Mux1|mux_joc:auto_generated|_~27             ; |Lab5block|sseg2:inst2|lpm_mux:Mux1|mux_joc:auto_generated|_~27             ; out0             ;
; |Lab5block|sseg2:inst2|lpm_mux:Mux1|mux_joc:auto_generated|_~28             ; |Lab5block|sseg2:inst2|lpm_mux:Mux1|mux_joc:auto_generated|_~28             ; out0             ;
; |Lab5block|sseg2:inst2|lpm_mux:Mux1|mux_joc:auto_generated|_~29             ; |Lab5block|sseg2:inst2|lpm_mux:Mux1|mux_joc:auto_generated|_~29             ; out0             ;
; |Lab5block|sseg2:inst2|lpm_mux:Mux1|mux_joc:auto_generated|_~30             ; |Lab5block|sseg2:inst2|lpm_mux:Mux1|mux_joc:auto_generated|_~30             ; out0             ;
; |Lab5block|sseg2:inst2|lpm_mux:Mux1|mux_joc:auto_generated|_~32             ; |Lab5block|sseg2:inst2|lpm_mux:Mux1|mux_joc:auto_generated|_~32             ; out0             ;
; |Lab5block|sseg2:inst2|lpm_mux:Mux1|mux_joc:auto_generated|_~34             ; |Lab5block|sseg2:inst2|lpm_mux:Mux1|mux_joc:auto_generated|_~34             ; out0             ;
; |Lab5block|sseg2:inst2|lpm_mux:Mux1|mux_joc:auto_generated|_~36             ; |Lab5block|sseg2:inst2|lpm_mux:Mux1|mux_joc:auto_generated|_~36             ; out0             ;
; |Lab5block|sseg2:inst2|lpm_mux:Mux1|mux_joc:auto_generated|_~37             ; |Lab5block|sseg2:inst2|lpm_mux:Mux1|mux_joc:auto_generated|_~37             ; out0             ;
; |Lab5block|sseg2:inst2|lpm_mux:Mux1|mux_joc:auto_generated|_~38             ; |Lab5block|sseg2:inst2|lpm_mux:Mux1|mux_joc:auto_generated|_~38             ; out0             ;
; |Lab5block|sseg2:inst2|lpm_mux:Mux1|mux_joc:auto_generated|_~39             ; |Lab5block|sseg2:inst2|lpm_mux:Mux1|mux_joc:auto_generated|_~39             ; out0             ;
; |Lab5block|sseg2:inst2|lpm_mux:Mux1|mux_joc:auto_generated|_~40             ; |Lab5block|sseg2:inst2|lpm_mux:Mux1|mux_joc:auto_generated|_~40             ; out0             ;
; |Lab5block|sseg2:inst2|lpm_mux:Mux1|mux_joc:auto_generated|_~43             ; |Lab5block|sseg2:inst2|lpm_mux:Mux1|mux_joc:auto_generated|_~43             ; out0             ;
; |Lab5block|sseg2:inst2|lpm_mux:Mux1|mux_joc:auto_generated|_~45             ; |Lab5block|sseg2:inst2|lpm_mux:Mux1|mux_joc:auto_generated|_~45             ; out0             ;
; |Lab5block|sseg2:inst2|lpm_mux:Mux1|mux_joc:auto_generated|_~48             ; |Lab5block|sseg2:inst2|lpm_mux:Mux1|mux_joc:auto_generated|_~48             ; out0             ;
; |Lab5block|sseg2:inst2|lpm_mux:Mux1|mux_joc:auto_generated|_~50             ; |Lab5block|sseg2:inst2|lpm_mux:Mux1|mux_joc:auto_generated|_~50             ; out0             ;
; |Lab5block|sseg2:inst2|lpm_mux:Mux1|mux_joc:auto_generated|_~52             ; |Lab5block|sseg2:inst2|lpm_mux:Mux1|mux_joc:auto_generated|_~52             ; out0             ;
; |Lab5block|sseg2:inst2|lpm_mux:Mux1|mux_joc:auto_generated|_~53             ; |Lab5block|sseg2:inst2|lpm_mux:Mux1|mux_joc:auto_generated|_~53             ; out0             ;
; |Lab5block|sseg2:inst2|lpm_mux:Mux1|mux_joc:auto_generated|_~54             ; |Lab5block|sseg2:inst2|lpm_mux:Mux1|mux_joc:auto_generated|_~54             ; out0             ;
; |Lab5block|sseg2:inst2|lpm_mux:Mux1|mux_joc:auto_generated|_~55             ; |Lab5block|sseg2:inst2|lpm_mux:Mux1|mux_joc:auto_generated|_~55             ; out0             ;
; |Lab5block|sseg2:inst2|lpm_mux:Mux1|mux_joc:auto_generated|_~57             ; |Lab5block|sseg2:inst2|lpm_mux:Mux1|mux_joc:auto_generated|_~57             ; out0             ;
; |Lab5block|sseg2:inst2|lpm_mux:Mux1|mux_joc:auto_generated|_~59             ; |Lab5block|sseg2:inst2|lpm_mux:Mux1|mux_joc:auto_generated|_~59             ; out0             ;
; |Lab5block|sseg2:inst2|lpm_mux:Mux1|mux_joc:auto_generated|_~61             ; |Lab5block|sseg2:inst2|lpm_mux:Mux1|mux_joc:auto_generated|_~61             ; out0             ;
; |Lab5block|sseg2:inst2|lpm_mux:Mux1|mux_joc:auto_generated|_~62             ; |Lab5block|sseg2:inst2|lpm_mux:Mux1|mux_joc:auto_generated|_~62             ; out0             ;
; |Lab5block|sseg2:inst2|lpm_mux:Mux1|mux_joc:auto_generated|_~63             ; |Lab5block|sseg2:inst2|lpm_mux:Mux1|mux_joc:auto_generated|_~63             ; out0             ;
; |Lab5block|sseg2:inst2|lpm_mux:Mux1|mux_joc:auto_generated|_~64             ; |Lab5block|sseg2:inst2|lpm_mux:Mux1|mux_joc:auto_generated|_~64             ; out0             ;
; |Lab5block|sseg2:inst2|lpm_mux:Mux1|mux_joc:auto_generated|_~66             ; |Lab5block|sseg2:inst2|lpm_mux:Mux1|mux_joc:auto_generated|_~66             ; out0             ;
; |Lab5block|sseg2:inst2|lpm_mux:Mux1|mux_joc:auto_generated|_~67             ; |Lab5block|sseg2:inst2|lpm_mux:Mux1|mux_joc:auto_generated|_~67             ; out0             ;
; |Lab5block|sseg2:inst2|lpm_mux:Mux1|mux_joc:auto_generated|_~68             ; |Lab5block|sseg2:inst2|lpm_mux:Mux1|mux_joc:auto_generated|_~68             ; out0             ;
; |Lab5block|sseg2:inst2|lpm_mux:Mux1|mux_joc:auto_generated|result_node[0]~0 ; |Lab5block|sseg2:inst2|lpm_mux:Mux1|mux_joc:auto_generated|result_node[0]~0 ; out0             ;
; |Lab5block|sseg2:inst2|lpm_mux:Mux1|mux_joc:auto_generated|_~73             ; |Lab5block|sseg2:inst2|lpm_mux:Mux1|mux_joc:auto_generated|_~73             ; out0             ;
; |Lab5block|sseg2:inst2|lpm_mux:Mux1|mux_joc:auto_generated|_~75             ; |Lab5block|sseg2:inst2|lpm_mux:Mux1|mux_joc:auto_generated|_~75             ; out0             ;
; |Lab5block|sseg2:inst2|lpm_mux:Mux1|mux_joc:auto_generated|_~77             ; |Lab5block|sseg2:inst2|lpm_mux:Mux1|mux_joc:auto_generated|_~77             ; out0             ;
; |Lab5block|sseg2:inst2|lpm_mux:Mux1|mux_joc:auto_generated|_~78             ; |Lab5block|sseg2:inst2|lpm_mux:Mux1|mux_joc:auto_generated|_~78             ; out0             ;
; |Lab5block|sseg2:inst2|lpm_mux:Mux1|mux_joc:auto_generated|_~79             ; |Lab5block|sseg2:inst2|lpm_mux:Mux1|mux_joc:auto_generated|_~79             ; out0             ;
; |Lab5block|sseg2:inst2|lpm_mux:Mux1|mux_joc:auto_generated|_~80             ; |Lab5block|sseg2:inst2|lpm_mux:Mux1|mux_joc:auto_generated|_~80             ; out0             ;
; |Lab5block|sseg2:inst2|lpm_mux:Mux1|mux_joc:auto_generated|_~82             ; |Lab5block|sseg2:inst2|lpm_mux:Mux1|mux_joc:auto_generated|_~82             ; out0             ;
; |Lab5block|sseg2:inst2|lpm_mux:Mux1|mux_joc:auto_generated|_~84             ; |Lab5block|sseg2:inst2|lpm_mux:Mux1|mux_joc:auto_generated|_~84             ; out0             ;
; |Lab5block|sseg2:inst2|lpm_mux:Mux1|mux_joc:auto_generated|_~86             ; |Lab5block|sseg2:inst2|lpm_mux:Mux1|mux_joc:auto_generated|_~86             ; out0             ;
; |Lab5block|sseg2:inst2|lpm_mux:Mux1|mux_joc:auto_generated|_~87             ; |Lab5block|sseg2:inst2|lpm_mux:Mux1|mux_joc:auto_generated|_~87             ; out0             ;
; |Lab5block|sseg2:inst2|lpm_mux:Mux1|mux_joc:auto_generated|_~88             ; |Lab5block|sseg2:inst2|lpm_mux:Mux1|mux_joc:auto_generated|_~88             ; out0             ;
; |Lab5block|sseg2:inst2|lpm_mux:Mux1|mux_joc:auto_generated|_~89             ; |Lab5block|sseg2:inst2|lpm_mux:Mux1|mux_joc:auto_generated|_~89             ; out0             ;
; |Lab5block|sseg2:inst2|lpm_mux:Mux1|mux_joc:auto_generated|_~90             ; |Lab5block|sseg2:inst2|lpm_mux:Mux1|mux_joc:auto_generated|_~90             ; out0             ;
; |Lab5block|sseg2:inst2|lpm_mux:Mux1|mux_joc:auto_generated|_~93             ; |Lab5block|sseg2:inst2|lpm_mux:Mux1|mux_joc:auto_generated|_~93             ; out0             ;
; |Lab5block|sseg2:inst2|lpm_mux:Mux1|mux_joc:auto_generated|_~95             ; |Lab5block|sseg2:inst2|lpm_mux:Mux1|mux_joc:auto_generated|_~95             ; out0             ;
; |Lab5block|sseg2:inst2|lpm_mux:Mux1|mux_joc:auto_generated|_~98             ; |Lab5block|sseg2:inst2|lpm_mux:Mux1|mux_joc:auto_generated|_~98             ; out0             ;
; |Lab5block|sseg2:inst2|lpm_mux:Mux1|mux_joc:auto_generated|_~100            ; |Lab5block|sseg2:inst2|lpm_mux:Mux1|mux_joc:auto_generated|_~100            ; out0             ;
; |Lab5block|sseg2:inst2|lpm_mux:Mux1|mux_joc:auto_generated|_~102            ; |Lab5block|sseg2:inst2|lpm_mux:Mux1|mux_joc:auto_generated|_~102            ; out0             ;
; |Lab5block|sseg2:inst2|lpm_mux:Mux1|mux_joc:auto_generated|_~103            ; |Lab5block|sseg2:inst2|lpm_mux:Mux1|mux_joc:auto_generated|_~103            ; out0             ;
; |Lab5block|sseg2:inst2|lpm_mux:Mux1|mux_joc:auto_generated|_~104            ; |Lab5block|sseg2:inst2|lpm_mux:Mux1|mux_joc:auto_generated|_~104            ; out0             ;
; |Lab5block|sseg2:inst2|lpm_mux:Mux1|mux_joc:auto_generated|_~105            ; |Lab5block|sseg2:inst2|lpm_mux:Mux1|mux_joc:auto_generated|_~105            ; out0             ;
; |Lab5block|sseg2:inst2|lpm_mux:Mux1|mux_joc:auto_generated|_~107            ; |Lab5block|sseg2:inst2|lpm_mux:Mux1|mux_joc:auto_generated|_~107            ; out0             ;
; |Lab5block|sseg2:inst2|lpm_mux:Mux1|mux_joc:auto_generated|_~109            ; |Lab5block|sseg2:inst2|lpm_mux:Mux1|mux_joc:auto_generated|_~109            ; out0             ;
; |Lab5block|sseg2:inst2|lpm_mux:Mux1|mux_joc:auto_generated|_~111            ; |Lab5block|sseg2:inst2|lpm_mux:Mux1|mux_joc:auto_generated|_~111            ; out0             ;
; |Lab5block|sseg2:inst2|lpm_mux:Mux1|mux_joc:auto_generated|_~112            ; |Lab5block|sseg2:inst2|lpm_mux:Mux1|mux_joc:auto_generated|_~112            ; out0             ;
; |Lab5block|sseg2:inst2|lpm_mux:Mux1|mux_joc:auto_generated|_~113            ; |Lab5block|sseg2:inst2|lpm_mux:Mux1|mux_joc:auto_generated|_~113            ; out0             ;
; |Lab5block|sseg2:inst2|lpm_mux:Mux1|mux_joc:auto_generated|_~114            ; |Lab5block|sseg2:inst2|lpm_mux:Mux1|mux_joc:auto_generated|_~114            ; out0             ;
; |Lab5block|sseg2:inst2|lpm_mux:Mux1|mux_joc:auto_generated|_~116            ; |Lab5block|sseg2:inst2|lpm_mux:Mux1|mux_joc:auto_generated|_~116            ; out0             ;
; |Lab5block|sseg2:inst2|lpm_mux:Mux1|mux_joc:auto_generated|_~117            ; |Lab5block|sseg2:inst2|lpm_mux:Mux1|mux_joc:auto_generated|_~117            ; out0             ;
; |Lab5block|sseg2:inst2|lpm_mux:Mux1|mux_joc:auto_generated|_~118            ; |Lab5block|sseg2:inst2|lpm_mux:Mux1|mux_joc:auto_generated|_~118            ; out0             ;
; |Lab5block|sseg2:inst2|lpm_mux:Mux1|mux_joc:auto_generated|_~122            ; |Lab5block|sseg2:inst2|lpm_mux:Mux1|mux_joc:auto_generated|_~122            ; out0             ;
; |Lab5block|sseg2:inst2|lpm_mux:Mux1|mux_joc:auto_generated|_~123            ; |Lab5block|sseg2:inst2|lpm_mux:Mux1|mux_joc:auto_generated|_~123            ; out0             ;
; |Lab5block|sseg2:inst2|lpm_mux:Mux1|mux_joc:auto_generated|_~124            ; |Lab5block|sseg2:inst2|lpm_mux:Mux1|mux_joc:auto_generated|_~124            ; out0             ;
; |Lab5block|sseg2:inst2|lpm_mux:Mux1|mux_joc:auto_generated|_~125            ; |Lab5block|sseg2:inst2|lpm_mux:Mux1|mux_joc:auto_generated|_~125            ; out0             ;
; |Lab5block|sseg2:inst2|lpm_mux:Mux1|mux_joc:auto_generated|_~127            ; |Lab5block|sseg2:inst2|lpm_mux:Mux1|mux_joc:auto_generated|_~127            ; out0             ;
; |Lab5block|sseg2:inst2|lpm_mux:Mux1|mux_joc:auto_generated|_~128            ; |Lab5block|sseg2:inst2|lpm_mux:Mux1|mux_joc:auto_generated|_~128            ; out0             ;
; |Lab5block|sseg2:inst2|lpm_mux:Mux1|mux_joc:auto_generated|_~129            ; |Lab5block|sseg2:inst2|lpm_mux:Mux1|mux_joc:auto_generated|_~129            ; out0             ;
; |Lab5block|sseg2:inst2|lpm_mux:Mux1|mux_joc:auto_generated|_~131            ; |Lab5block|sseg2:inst2|lpm_mux:Mux1|mux_joc:auto_generated|_~131            ; out0             ;
; |Lab5block|sseg2:inst2|lpm_mux:Mux1|mux_joc:auto_generated|_~132            ; |Lab5block|sseg2:inst2|lpm_mux:Mux1|mux_joc:auto_generated|_~132            ; out0             ;
; |Lab5block|sseg2:inst2|lpm_mux:Mux1|mux_joc:auto_generated|_~133            ; |Lab5block|sseg2:inst2|lpm_mux:Mux1|mux_joc:auto_generated|_~133            ; out0             ;
; |Lab5block|sseg2:inst2|lpm_mux:Mux1|mux_joc:auto_generated|_~134            ; |Lab5block|sseg2:inst2|lpm_mux:Mux1|mux_joc:auto_generated|_~134            ; out0             ;
; |Lab5block|sseg2:inst2|lpm_mux:Mux1|mux_joc:auto_generated|_~136            ; |Lab5block|sseg2:inst2|lpm_mux:Mux1|mux_joc:auto_generated|_~136            ; out0             ;
; |Lab5block|sseg2:inst2|lpm_mux:Mux1|mux_joc:auto_generated|_~137            ; |Lab5block|sseg2:inst2|lpm_mux:Mux1|mux_joc:auto_generated|_~137            ; out0             ;
; |Lab5block|sseg2:inst2|lpm_mux:Mux1|mux_joc:auto_generated|_~138            ; |Lab5block|sseg2:inst2|lpm_mux:Mux1|mux_joc:auto_generated|_~138            ; out0             ;
; |Lab5block|sseg2:inst2|lpm_mux:Mux1|mux_joc:auto_generated|_~139            ; |Lab5block|sseg2:inst2|lpm_mux:Mux1|mux_joc:auto_generated|_~139            ; out0             ;
; |Lab5block|sseg2:inst2|lpm_mux:Mux1|mux_joc:auto_generated|_~140            ; |Lab5block|sseg2:inst2|lpm_mux:Mux1|mux_joc:auto_generated|_~140            ; out0             ;
; |Lab5block|sseg2:inst2|lpm_mux:Mux1|mux_joc:auto_generated|_~141            ; |Lab5block|sseg2:inst2|lpm_mux:Mux1|mux_joc:auto_generated|_~141            ; out0             ;
; |Lab5block|sseg2:inst2|lpm_mux:Mux1|mux_joc:auto_generated|_~142            ; |Lab5block|sseg2:inst2|lpm_mux:Mux1|mux_joc:auto_generated|_~142            ; out0             ;
; |Lab5block|sseg2:inst2|lpm_mux:Mux1|mux_joc:auto_generated|_~143            ; |Lab5block|sseg2:inst2|lpm_mux:Mux1|mux_joc:auto_generated|_~143            ; out0             ;
; |Lab5block|sseg2:inst2|lpm_mux:Mux1|mux_joc:auto_generated|result_node[0]   ; |Lab5block|sseg2:inst2|lpm_mux:Mux1|mux_joc:auto_generated|result_node[0]   ; out0             ;
; |Lab5block|sseg2:inst2|lpm_mux:Mux0|mux_joc:auto_generated|_~1              ; |Lab5block|sseg2:inst2|lpm_mux:Mux0|mux_joc:auto_generated|_~1              ; out0             ;
; |Lab5block|sseg2:inst2|lpm_mux:Mux0|mux_joc:auto_generated|_~2              ; |Lab5block|sseg2:inst2|lpm_mux:Mux0|mux_joc:auto_generated|_~2              ; out0             ;
; |Lab5block|sseg2:inst2|lpm_mux:Mux0|mux_joc:auto_generated|_~3              ; |Lab5block|sseg2:inst2|lpm_mux:Mux0|mux_joc:auto_generated|_~3              ; out0             ;
; |Lab5block|sseg2:inst2|lpm_mux:Mux0|mux_joc:auto_generated|_~4              ; |Lab5block|sseg2:inst2|lpm_mux:Mux0|mux_joc:auto_generated|_~4              ; out0             ;
; |Lab5block|sseg2:inst2|lpm_mux:Mux0|mux_joc:auto_generated|_~5              ; |Lab5block|sseg2:inst2|lpm_mux:Mux0|mux_joc:auto_generated|_~5              ; out0             ;
; |Lab5block|sseg2:inst2|lpm_mux:Mux0|mux_joc:auto_generated|_~6              ; |Lab5block|sseg2:inst2|lpm_mux:Mux0|mux_joc:auto_generated|_~6              ; out0             ;
; |Lab5block|sseg2:inst2|lpm_mux:Mux0|mux_joc:auto_generated|_~7              ; |Lab5block|sseg2:inst2|lpm_mux:Mux0|mux_joc:auto_generated|_~7              ; out0             ;
; |Lab5block|sseg2:inst2|lpm_mux:Mux0|mux_joc:auto_generated|_~8              ; |Lab5block|sseg2:inst2|lpm_mux:Mux0|mux_joc:auto_generated|_~8              ; out0             ;
; |Lab5block|sseg2:inst2|lpm_mux:Mux0|mux_joc:auto_generated|_~10             ; |Lab5block|sseg2:inst2|lpm_mux:Mux0|mux_joc:auto_generated|_~10             ; out0             ;
; |Lab5block|sseg2:inst2|lpm_mux:Mux0|mux_joc:auto_generated|_~11             ; |Lab5block|sseg2:inst2|lpm_mux:Mux0|mux_joc:auto_generated|_~11             ; out0             ;
; |Lab5block|sseg2:inst2|lpm_mux:Mux0|mux_joc:auto_generated|_~12             ; |Lab5block|sseg2:inst2|lpm_mux:Mux0|mux_joc:auto_generated|_~12             ; out0             ;
; |Lab5block|sseg2:inst2|lpm_mux:Mux0|mux_joc:auto_generated|_~13             ; |Lab5block|sseg2:inst2|lpm_mux:Mux0|mux_joc:auto_generated|_~13             ; out0             ;
; |Lab5block|sseg2:inst2|lpm_mux:Mux0|mux_joc:auto_generated|_~14             ; |Lab5block|sseg2:inst2|lpm_mux:Mux0|mux_joc:auto_generated|_~14             ; out0             ;
; |Lab5block|sseg2:inst2|lpm_mux:Mux0|mux_joc:auto_generated|_~15             ; |Lab5block|sseg2:inst2|lpm_mux:Mux0|mux_joc:auto_generated|_~15             ; out0             ;
; |Lab5block|sseg2:inst2|lpm_mux:Mux0|mux_joc:auto_generated|_~16             ; |Lab5block|sseg2:inst2|lpm_mux:Mux0|mux_joc:auto_generated|_~16             ; out0             ;
; |Lab5block|sseg2:inst2|lpm_mux:Mux0|mux_joc:auto_generated|_~17             ; |Lab5block|sseg2:inst2|lpm_mux:Mux0|mux_joc:auto_generated|_~17             ; out0             ;
; |Lab5block|sseg2:inst2|lpm_mux:Mux0|mux_joc:auto_generated|_~18             ; |Lab5block|sseg2:inst2|lpm_mux:Mux0|mux_joc:auto_generated|_~18             ; out0             ;
; |Lab5block|sseg2:inst2|lpm_mux:Mux0|mux_joc:auto_generated|_~19             ; |Lab5block|sseg2:inst2|lpm_mux:Mux0|mux_joc:auto_generated|_~19             ; out0             ;
; |Lab5block|sseg2:inst2|lpm_mux:Mux0|mux_joc:auto_generated|_~20             ; |Lab5block|sseg2:inst2|lpm_mux:Mux0|mux_joc:auto_generated|_~20             ; out0             ;
; |Lab5block|sseg2:inst2|lpm_mux:Mux0|mux_joc:auto_generated|_~21             ; |Lab5block|sseg2:inst2|lpm_mux:Mux0|mux_joc:auto_generated|_~21             ; out0             ;
; |Lab5block|sseg2:inst2|lpm_mux:Mux0|mux_joc:auto_generated|_~22             ; |Lab5block|sseg2:inst2|lpm_mux:Mux0|mux_joc:auto_generated|_~22             ; out0             ;
; |Lab5block|sseg2:inst2|lpm_mux:Mux0|mux_joc:auto_generated|_~23             ; |Lab5block|sseg2:inst2|lpm_mux:Mux0|mux_joc:auto_generated|_~23             ; out0             ;
; |Lab5block|sseg2:inst2|lpm_mux:Mux0|mux_joc:auto_generated|_~25             ; |Lab5block|sseg2:inst2|lpm_mux:Mux0|mux_joc:auto_generated|_~25             ; out0             ;
; |Lab5block|sseg2:inst2|lpm_mux:Mux0|mux_joc:auto_generated|_~27             ; |Lab5block|sseg2:inst2|lpm_mux:Mux0|mux_joc:auto_generated|_~27             ; out0             ;
; |Lab5block|sseg2:inst2|lpm_mux:Mux0|mux_joc:auto_generated|_~28             ; |Lab5block|sseg2:inst2|lpm_mux:Mux0|mux_joc:auto_generated|_~28             ; out0             ;
; |Lab5block|sseg2:inst2|lpm_mux:Mux0|mux_joc:auto_generated|_~29             ; |Lab5block|sseg2:inst2|lpm_mux:Mux0|mux_joc:auto_generated|_~29             ; out0             ;
; |Lab5block|sseg2:inst2|lpm_mux:Mux0|mux_joc:auto_generated|_~30             ; |Lab5block|sseg2:inst2|lpm_mux:Mux0|mux_joc:auto_generated|_~30             ; out0             ;
; |Lab5block|sseg2:inst2|lpm_mux:Mux0|mux_joc:auto_generated|_~31             ; |Lab5block|sseg2:inst2|lpm_mux:Mux0|mux_joc:auto_generated|_~31             ; out0             ;
; |Lab5block|sseg2:inst2|lpm_mux:Mux0|mux_joc:auto_generated|_~32             ; |Lab5block|sseg2:inst2|lpm_mux:Mux0|mux_joc:auto_generated|_~32             ; out0             ;
; |Lab5block|sseg2:inst2|lpm_mux:Mux0|mux_joc:auto_generated|_~34             ; |Lab5block|sseg2:inst2|lpm_mux:Mux0|mux_joc:auto_generated|_~34             ; out0             ;
; |Lab5block|sseg2:inst2|lpm_mux:Mux0|mux_joc:auto_generated|_~36             ; |Lab5block|sseg2:inst2|lpm_mux:Mux0|mux_joc:auto_generated|_~36             ; out0             ;
; |Lab5block|sseg2:inst2|lpm_mux:Mux0|mux_joc:auto_generated|_~37             ; |Lab5block|sseg2:inst2|lpm_mux:Mux0|mux_joc:auto_generated|_~37             ; out0             ;
; |Lab5block|sseg2:inst2|lpm_mux:Mux0|mux_joc:auto_generated|_~38             ; |Lab5block|sseg2:inst2|lpm_mux:Mux0|mux_joc:auto_generated|_~38             ; out0             ;
; |Lab5block|sseg2:inst2|lpm_mux:Mux0|mux_joc:auto_generated|_~39             ; |Lab5block|sseg2:inst2|lpm_mux:Mux0|mux_joc:auto_generated|_~39             ; out0             ;
; |Lab5block|sseg2:inst2|lpm_mux:Mux0|mux_joc:auto_generated|_~40             ; |Lab5block|sseg2:inst2|lpm_mux:Mux0|mux_joc:auto_generated|_~40             ; out0             ;
; |Lab5block|sseg2:inst2|lpm_mux:Mux0|mux_joc:auto_generated|_~42             ; |Lab5block|sseg2:inst2|lpm_mux:Mux0|mux_joc:auto_generated|_~42             ; out0             ;
; |Lab5block|sseg2:inst2|lpm_mux:Mux0|mux_joc:auto_generated|_~43             ; |Lab5block|sseg2:inst2|lpm_mux:Mux0|mux_joc:auto_generated|_~43             ; out0             ;
; |Lab5block|sseg2:inst2|lpm_mux:Mux0|mux_joc:auto_generated|_~44             ; |Lab5block|sseg2:inst2|lpm_mux:Mux0|mux_joc:auto_generated|_~44             ; out0             ;
; |Lab5block|sseg2:inst2|lpm_mux:Mux0|mux_joc:auto_generated|_~45             ; |Lab5block|sseg2:inst2|lpm_mux:Mux0|mux_joc:auto_generated|_~45             ; out0             ;
; |Lab5block|sseg2:inst2|lpm_mux:Mux0|mux_joc:auto_generated|_~46             ; |Lab5block|sseg2:inst2|lpm_mux:Mux0|mux_joc:auto_generated|_~46             ; out0             ;
; |Lab5block|sseg2:inst2|lpm_mux:Mux0|mux_joc:auto_generated|_~48             ; |Lab5block|sseg2:inst2|lpm_mux:Mux0|mux_joc:auto_generated|_~48             ; out0             ;
; |Lab5block|sseg2:inst2|lpm_mux:Mux0|mux_joc:auto_generated|_~50             ; |Lab5block|sseg2:inst2|lpm_mux:Mux0|mux_joc:auto_generated|_~50             ; out0             ;
; |Lab5block|sseg2:inst2|lpm_mux:Mux0|mux_joc:auto_generated|_~52             ; |Lab5block|sseg2:inst2|lpm_mux:Mux0|mux_joc:auto_generated|_~52             ; out0             ;
; |Lab5block|sseg2:inst2|lpm_mux:Mux0|mux_joc:auto_generated|_~53             ; |Lab5block|sseg2:inst2|lpm_mux:Mux0|mux_joc:auto_generated|_~53             ; out0             ;
; |Lab5block|sseg2:inst2|lpm_mux:Mux0|mux_joc:auto_generated|_~54             ; |Lab5block|sseg2:inst2|lpm_mux:Mux0|mux_joc:auto_generated|_~54             ; out0             ;
; |Lab5block|sseg2:inst2|lpm_mux:Mux0|mux_joc:auto_generated|_~55             ; |Lab5block|sseg2:inst2|lpm_mux:Mux0|mux_joc:auto_generated|_~55             ; out0             ;
; |Lab5block|sseg2:inst2|lpm_mux:Mux0|mux_joc:auto_generated|_~57             ; |Lab5block|sseg2:inst2|lpm_mux:Mux0|mux_joc:auto_generated|_~57             ; out0             ;
; |Lab5block|sseg2:inst2|lpm_mux:Mux0|mux_joc:auto_generated|_~59             ; |Lab5block|sseg2:inst2|lpm_mux:Mux0|mux_joc:auto_generated|_~59             ; out0             ;
; |Lab5block|sseg2:inst2|lpm_mux:Mux0|mux_joc:auto_generated|_~61             ; |Lab5block|sseg2:inst2|lpm_mux:Mux0|mux_joc:auto_generated|_~61             ; out0             ;
; |Lab5block|sseg2:inst2|lpm_mux:Mux0|mux_joc:auto_generated|_~62             ; |Lab5block|sseg2:inst2|lpm_mux:Mux0|mux_joc:auto_generated|_~62             ; out0             ;
; |Lab5block|sseg2:inst2|lpm_mux:Mux0|mux_joc:auto_generated|_~63             ; |Lab5block|sseg2:inst2|lpm_mux:Mux0|mux_joc:auto_generated|_~63             ; out0             ;
; |Lab5block|sseg2:inst2|lpm_mux:Mux0|mux_joc:auto_generated|_~64             ; |Lab5block|sseg2:inst2|lpm_mux:Mux0|mux_joc:auto_generated|_~64             ; out0             ;
; |Lab5block|sseg2:inst2|lpm_mux:Mux0|mux_joc:auto_generated|_~66             ; |Lab5block|sseg2:inst2|lpm_mux:Mux0|mux_joc:auto_generated|_~66             ; out0             ;
; |Lab5block|sseg2:inst2|lpm_mux:Mux0|mux_joc:auto_generated|_~67             ; |Lab5block|sseg2:inst2|lpm_mux:Mux0|mux_joc:auto_generated|_~67             ; out0             ;
; |Lab5block|sseg2:inst2|lpm_mux:Mux0|mux_joc:auto_generated|_~68             ; |Lab5block|sseg2:inst2|lpm_mux:Mux0|mux_joc:auto_generated|_~68             ; out0             ;
; |Lab5block|sseg2:inst2|lpm_mux:Mux0|mux_joc:auto_generated|_~70             ; |Lab5block|sseg2:inst2|lpm_mux:Mux0|mux_joc:auto_generated|_~70             ; out0             ;
; |Lab5block|sseg2:inst2|lpm_mux:Mux0|mux_joc:auto_generated|_~71             ; |Lab5block|sseg2:inst2|lpm_mux:Mux0|mux_joc:auto_generated|_~71             ; out0             ;
; |Lab5block|sseg2:inst2|lpm_mux:Mux0|mux_joc:auto_generated|result_node[0]~0 ; |Lab5block|sseg2:inst2|lpm_mux:Mux0|mux_joc:auto_generated|result_node[0]~0 ; out0             ;
; |Lab5block|sseg2:inst2|lpm_mux:Mux0|mux_joc:auto_generated|_~72             ; |Lab5block|sseg2:inst2|lpm_mux:Mux0|mux_joc:auto_generated|_~72             ; out0             ;
; |Lab5block|sseg2:inst2|lpm_mux:Mux0|mux_joc:auto_generated|_~73             ; |Lab5block|sseg2:inst2|lpm_mux:Mux0|mux_joc:auto_generated|_~73             ; out0             ;
; |Lab5block|sseg2:inst2|lpm_mux:Mux0|mux_joc:auto_generated|_~75             ; |Lab5block|sseg2:inst2|lpm_mux:Mux0|mux_joc:auto_generated|_~75             ; out0             ;
; |Lab5block|sseg2:inst2|lpm_mux:Mux0|mux_joc:auto_generated|_~77             ; |Lab5block|sseg2:inst2|lpm_mux:Mux0|mux_joc:auto_generated|_~77             ; out0             ;
; |Lab5block|sseg2:inst2|lpm_mux:Mux0|mux_joc:auto_generated|_~78             ; |Lab5block|sseg2:inst2|lpm_mux:Mux0|mux_joc:auto_generated|_~78             ; out0             ;
; |Lab5block|sseg2:inst2|lpm_mux:Mux0|mux_joc:auto_generated|_~79             ; |Lab5block|sseg2:inst2|lpm_mux:Mux0|mux_joc:auto_generated|_~79             ; out0             ;
; |Lab5block|sseg2:inst2|lpm_mux:Mux0|mux_joc:auto_generated|_~80             ; |Lab5block|sseg2:inst2|lpm_mux:Mux0|mux_joc:auto_generated|_~80             ; out0             ;
; |Lab5block|sseg2:inst2|lpm_mux:Mux0|mux_joc:auto_generated|_~81             ; |Lab5block|sseg2:inst2|lpm_mux:Mux0|mux_joc:auto_generated|_~81             ; out0             ;
; |Lab5block|sseg2:inst2|lpm_mux:Mux0|mux_joc:auto_generated|_~82             ; |Lab5block|sseg2:inst2|lpm_mux:Mux0|mux_joc:auto_generated|_~82             ; out0             ;
; |Lab5block|sseg2:inst2|lpm_mux:Mux0|mux_joc:auto_generated|_~84             ; |Lab5block|sseg2:inst2|lpm_mux:Mux0|mux_joc:auto_generated|_~84             ; out0             ;
; |Lab5block|sseg2:inst2|lpm_mux:Mux0|mux_joc:auto_generated|_~86             ; |Lab5block|sseg2:inst2|lpm_mux:Mux0|mux_joc:auto_generated|_~86             ; out0             ;
; |Lab5block|sseg2:inst2|lpm_mux:Mux0|mux_joc:auto_generated|_~87             ; |Lab5block|sseg2:inst2|lpm_mux:Mux0|mux_joc:auto_generated|_~87             ; out0             ;
; |Lab5block|sseg2:inst2|lpm_mux:Mux0|mux_joc:auto_generated|_~88             ; |Lab5block|sseg2:inst2|lpm_mux:Mux0|mux_joc:auto_generated|_~88             ; out0             ;
; |Lab5block|sseg2:inst2|lpm_mux:Mux0|mux_joc:auto_generated|_~89             ; |Lab5block|sseg2:inst2|lpm_mux:Mux0|mux_joc:auto_generated|_~89             ; out0             ;
; |Lab5block|sseg2:inst2|lpm_mux:Mux0|mux_joc:auto_generated|_~90             ; |Lab5block|sseg2:inst2|lpm_mux:Mux0|mux_joc:auto_generated|_~90             ; out0             ;
; |Lab5block|sseg2:inst2|lpm_mux:Mux0|mux_joc:auto_generated|_~92             ; |Lab5block|sseg2:inst2|lpm_mux:Mux0|mux_joc:auto_generated|_~92             ; out0             ;
; |Lab5block|sseg2:inst2|lpm_mux:Mux0|mux_joc:auto_generated|_~93             ; |Lab5block|sseg2:inst2|lpm_mux:Mux0|mux_joc:auto_generated|_~93             ; out0             ;
; |Lab5block|sseg2:inst2|lpm_mux:Mux0|mux_joc:auto_generated|_~94             ; |Lab5block|sseg2:inst2|lpm_mux:Mux0|mux_joc:auto_generated|_~94             ; out0             ;
; |Lab5block|sseg2:inst2|lpm_mux:Mux0|mux_joc:auto_generated|_~95             ; |Lab5block|sseg2:inst2|lpm_mux:Mux0|mux_joc:auto_generated|_~95             ; out0             ;
; |Lab5block|sseg2:inst2|lpm_mux:Mux0|mux_joc:auto_generated|_~96             ; |Lab5block|sseg2:inst2|lpm_mux:Mux0|mux_joc:auto_generated|_~96             ; out0             ;
; |Lab5block|sseg2:inst2|lpm_mux:Mux0|mux_joc:auto_generated|_~98             ; |Lab5block|sseg2:inst2|lpm_mux:Mux0|mux_joc:auto_generated|_~98             ; out0             ;
; |Lab5block|sseg2:inst2|lpm_mux:Mux0|mux_joc:auto_generated|_~100            ; |Lab5block|sseg2:inst2|lpm_mux:Mux0|mux_joc:auto_generated|_~100            ; out0             ;
; |Lab5block|sseg2:inst2|lpm_mux:Mux0|mux_joc:auto_generated|_~102            ; |Lab5block|sseg2:inst2|lpm_mux:Mux0|mux_joc:auto_generated|_~102            ; out0             ;
; |Lab5block|sseg2:inst2|lpm_mux:Mux0|mux_joc:auto_generated|_~103            ; |Lab5block|sseg2:inst2|lpm_mux:Mux0|mux_joc:auto_generated|_~103            ; out0             ;
; |Lab5block|sseg2:inst2|lpm_mux:Mux0|mux_joc:auto_generated|_~104            ; |Lab5block|sseg2:inst2|lpm_mux:Mux0|mux_joc:auto_generated|_~104            ; out0             ;
; |Lab5block|sseg2:inst2|lpm_mux:Mux0|mux_joc:auto_generated|_~105            ; |Lab5block|sseg2:inst2|lpm_mux:Mux0|mux_joc:auto_generated|_~105            ; out0             ;
; |Lab5block|sseg2:inst2|lpm_mux:Mux0|mux_joc:auto_generated|_~107            ; |Lab5block|sseg2:inst2|lpm_mux:Mux0|mux_joc:auto_generated|_~107            ; out0             ;
; |Lab5block|sseg2:inst2|lpm_mux:Mux0|mux_joc:auto_generated|_~109            ; |Lab5block|sseg2:inst2|lpm_mux:Mux0|mux_joc:auto_generated|_~109            ; out0             ;
; |Lab5block|sseg2:inst2|lpm_mux:Mux0|mux_joc:auto_generated|_~111            ; |Lab5block|sseg2:inst2|lpm_mux:Mux0|mux_joc:auto_generated|_~111            ; out0             ;
; |Lab5block|sseg2:inst2|lpm_mux:Mux0|mux_joc:auto_generated|_~112            ; |Lab5block|sseg2:inst2|lpm_mux:Mux0|mux_joc:auto_generated|_~112            ; out0             ;
; |Lab5block|sseg2:inst2|lpm_mux:Mux0|mux_joc:auto_generated|_~113            ; |Lab5block|sseg2:inst2|lpm_mux:Mux0|mux_joc:auto_generated|_~113            ; out0             ;
; |Lab5block|sseg2:inst2|lpm_mux:Mux0|mux_joc:auto_generated|_~114            ; |Lab5block|sseg2:inst2|lpm_mux:Mux0|mux_joc:auto_generated|_~114            ; out0             ;
; |Lab5block|sseg2:inst2|lpm_mux:Mux0|mux_joc:auto_generated|_~116            ; |Lab5block|sseg2:inst2|lpm_mux:Mux0|mux_joc:auto_generated|_~116            ; out0             ;
; |Lab5block|sseg2:inst2|lpm_mux:Mux0|mux_joc:auto_generated|_~117            ; |Lab5block|sseg2:inst2|lpm_mux:Mux0|mux_joc:auto_generated|_~117            ; out0             ;
; |Lab5block|sseg2:inst2|lpm_mux:Mux0|mux_joc:auto_generated|_~118            ; |Lab5block|sseg2:inst2|lpm_mux:Mux0|mux_joc:auto_generated|_~118            ; out0             ;
; |Lab5block|sseg2:inst2|lpm_mux:Mux0|mux_joc:auto_generated|_~120            ; |Lab5block|sseg2:inst2|lpm_mux:Mux0|mux_joc:auto_generated|_~120            ; out0             ;
; |Lab5block|sseg2:inst2|lpm_mux:Mux0|mux_joc:auto_generated|_~121            ; |Lab5block|sseg2:inst2|lpm_mux:Mux0|mux_joc:auto_generated|_~121            ; out0             ;
; |Lab5block|sseg2:inst2|lpm_mux:Mux0|mux_joc:auto_generated|_~122            ; |Lab5block|sseg2:inst2|lpm_mux:Mux0|mux_joc:auto_generated|_~122            ; out0             ;
; |Lab5block|sseg2:inst2|lpm_mux:Mux0|mux_joc:auto_generated|_~124            ; |Lab5block|sseg2:inst2|lpm_mux:Mux0|mux_joc:auto_generated|_~124            ; out0             ;
; |Lab5block|sseg2:inst2|lpm_mux:Mux0|mux_joc:auto_generated|_~126            ; |Lab5block|sseg2:inst2|lpm_mux:Mux0|mux_joc:auto_generated|_~126            ; out0             ;
; |Lab5block|sseg2:inst2|lpm_mux:Mux0|mux_joc:auto_generated|_~127            ; |Lab5block|sseg2:inst2|lpm_mux:Mux0|mux_joc:auto_generated|_~127            ; out0             ;
; |Lab5block|sseg2:inst2|lpm_mux:Mux0|mux_joc:auto_generated|_~128            ; |Lab5block|sseg2:inst2|lpm_mux:Mux0|mux_joc:auto_generated|_~128            ; out0             ;
; |Lab5block|sseg2:inst2|lpm_mux:Mux0|mux_joc:auto_generated|_~129            ; |Lab5block|sseg2:inst2|lpm_mux:Mux0|mux_joc:auto_generated|_~129            ; out0             ;
; |Lab5block|sseg2:inst2|lpm_mux:Mux0|mux_joc:auto_generated|_~130            ; |Lab5block|sseg2:inst2|lpm_mux:Mux0|mux_joc:auto_generated|_~130            ; out0             ;
; |Lab5block|sseg2:inst2|lpm_mux:Mux0|mux_joc:auto_generated|_~131            ; |Lab5block|sseg2:inst2|lpm_mux:Mux0|mux_joc:auto_generated|_~131            ; out0             ;
; |Lab5block|sseg2:inst2|lpm_mux:Mux0|mux_joc:auto_generated|_~133            ; |Lab5block|sseg2:inst2|lpm_mux:Mux0|mux_joc:auto_generated|_~133            ; out0             ;
; |Lab5block|sseg2:inst2|lpm_mux:Mux0|mux_joc:auto_generated|_~135            ; |Lab5block|sseg2:inst2|lpm_mux:Mux0|mux_joc:auto_generated|_~135            ; out0             ;
; |Lab5block|sseg2:inst2|lpm_mux:Mux0|mux_joc:auto_generated|_~136            ; |Lab5block|sseg2:inst2|lpm_mux:Mux0|mux_joc:auto_generated|_~136            ; out0             ;
; |Lab5block|sseg2:inst2|lpm_mux:Mux0|mux_joc:auto_generated|_~137            ; |Lab5block|sseg2:inst2|lpm_mux:Mux0|mux_joc:auto_generated|_~137            ; out0             ;
; |Lab5block|sseg2:inst2|lpm_mux:Mux0|mux_joc:auto_generated|_~138            ; |Lab5block|sseg2:inst2|lpm_mux:Mux0|mux_joc:auto_generated|_~138            ; out0             ;
; |Lab5block|sseg2:inst2|lpm_mux:Mux0|mux_joc:auto_generated|_~139            ; |Lab5block|sseg2:inst2|lpm_mux:Mux0|mux_joc:auto_generated|_~139            ; out0             ;
; |Lab5block|sseg2:inst2|lpm_mux:Mux0|mux_joc:auto_generated|_~141            ; |Lab5block|sseg2:inst2|lpm_mux:Mux0|mux_joc:auto_generated|_~141            ; out0             ;
; |Lab5block|sseg2:inst2|lpm_mux:Mux0|mux_joc:auto_generated|_~142            ; |Lab5block|sseg2:inst2|lpm_mux:Mux0|mux_joc:auto_generated|_~142            ; out0             ;
; |Lab5block|sseg2:inst2|lpm_mux:Mux0|mux_joc:auto_generated|_~143            ; |Lab5block|sseg2:inst2|lpm_mux:Mux0|mux_joc:auto_generated|_~143            ; out0             ;
; |Lab5block|sseg2:inst2|lpm_mux:Mux0|mux_joc:auto_generated|result_node[0]~1 ; |Lab5block|sseg2:inst2|lpm_mux:Mux0|mux_joc:auto_generated|result_node[0]~1 ; out0             ;
; |Lab5block|sseg2:inst2|lpm_mux:Mux0|mux_joc:auto_generated|result_node[0]   ; |Lab5block|sseg2:inst2|lpm_mux:Mux0|mux_joc:auto_generated|result_node[0]   ; out0             ;
+-----------------------------------------------------------------------------+-----------------------------------------------------------------------------+------------------+


The following table displays output ports that do not toggle to 1 during simulation.
+------------------------------------------------------------------------------------------------------------------------------------------------------------------------------+
; Missing 1-Value Coverage                                                                                                                                                     ;
+-----------------------------------------------------------------------------+-----------------------------------------------------------------------------+------------------+
; Node Name                                                                   ; Output Port Name                                                            ; Output Port Type ;
+-----------------------------------------------------------------------------+-----------------------------------------------------------------------------+------------------+
; |Lab5block|leds1[2]                                                         ; |Lab5block|leds1[2]                                                         ; pin_out          ;
; |Lab5block|data_in                                                          ; |Lab5block|data_in                                                          ; out              ;
; |Lab5block|reset                                                            ; |Lab5block|reset                                                            ; out              ;
; |Lab5block|leds2[0]                                                         ; |Lab5block|leds2[0]                                                         ; pin_out          ;
; |Lab5block|leds2[1]                                                         ; |Lab5block|leds2[1]                                                         ; pin_out          ;
; |Lab5block|leds2[2]                                                         ; |Lab5block|leds2[2]                                                         ; pin_out          ;
; |Lab5block|leds2[3]                                                         ; |Lab5block|leds2[3]                                                         ; pin_out          ;
; |Lab5block|leds2[4]                                                         ; |Lab5block|leds2[4]                                                         ; pin_out          ;
; |Lab5block|leds2[5]                                                         ; |Lab5block|leds2[5]                                                         ; pin_out          ;
; |Lab5block|leds2[6]                                                         ; |Lab5block|leds2[6]                                                         ; pin_out          ;
; |Lab5block|state_neg[0]                                                     ; |Lab5block|state_neg[0]                                                     ; pin_out          ;
; |Lab5block|state_neg[1]                                                     ; |Lab5block|state_neg[1]                                                     ; pin_out          ;
; |Lab5block|state_neg[2]                                                     ; |Lab5block|state_neg[2]                                                     ; pin_out          ;
; |Lab5block|state_neg[3]                                                     ; |Lab5block|state_neg[3]                                                     ; pin_out          ;
; |Lab5block|state_neg[4]                                                     ; |Lab5block|state_neg[4]                                                     ; pin_out          ;
; |Lab5block|state_neg[5]                                                     ; |Lab5block|state_neg[5]                                                     ; pin_out          ;
; |Lab5block|state_neg[6]                                                     ; |Lab5block|state_neg[6]                                                     ; pin_out          ;
; |Lab5block|lab5:inst|yfsm~1                                                 ; |Lab5block|lab5:inst|yfsm~1                                                 ; out0             ;
; |Lab5block|lab5:inst|yfsm~9                                                 ; |Lab5block|lab5:inst|yfsm~9                                                 ; out0             ;
; |Lab5block|lab5:inst|Selector0~4                                            ; |Lab5block|lab5:inst|Selector0~4                                            ; out0             ;
; |Lab5block|lab5:inst|Selector1~2                                            ; |Lab5block|lab5:inst|Selector1~2                                            ; out0             ;
; |Lab5block|lab5:inst|Selector2~2                                            ; |Lab5block|lab5:inst|Selector2~2                                            ; out0             ;
; |Lab5block|lab5:inst|Selector3~2                                            ; |Lab5block|lab5:inst|Selector3~2                                            ; out0             ;
; |Lab5block|lab5:inst|Selector4~1                                            ; |Lab5block|lab5:inst|Selector4~1                                            ; out0             ;
; |Lab5block|lab5:inst|Selector5~2                                            ; |Lab5block|lab5:inst|Selector5~2                                            ; out0             ;
; |Lab5block|lab5:inst|Selector6~2                                            ; |Lab5block|lab5:inst|Selector6~2                                            ; out0             ;
; |Lab5block|lab5:inst|Selector7~2                                            ; |Lab5block|lab5:inst|Selector7~2                                            ; out0             ;
; |Lab5block|lab5:inst|Selector8~1                                            ; |Lab5block|lab5:inst|Selector8~1                                            ; out0             ;
; |Lab5block|sseg1:inst1|lpm_mux:Mux6|mux_joc:auto_generated|_~0              ; |Lab5block|sseg1:inst1|lpm_mux:Mux6|mux_joc:auto_generated|_~0              ; out0             ;
; |Lab5block|sseg1:inst1|lpm_mux:Mux6|mux_joc:auto_generated|_~2              ; |Lab5block|sseg1:inst1|lpm_mux:Mux6|mux_joc:auto_generated|_~2              ; out0             ;
; |Lab5block|sseg1:inst1|lpm_mux:Mux6|mux_joc:auto_generated|_~4              ; |Lab5block|sseg1:inst1|lpm_mux:Mux6|mux_joc:auto_generated|_~4              ; out0             ;
; |Lab5block|sseg1:inst1|lpm_mux:Mux6|mux_joc:auto_generated|_~5              ; |Lab5block|sseg1:inst1|lpm_mux:Mux6|mux_joc:auto_generated|_~5              ; out0             ;
; |Lab5block|sseg1:inst1|lpm_mux:Mux6|mux_joc:auto_generated|_~9              ; |Lab5block|sseg1:inst1|lpm_mux:Mux6|mux_joc:auto_generated|_~9              ; out0             ;
; |Lab5block|sseg1:inst1|lpm_mux:Mux6|mux_joc:auto_generated|_~11             ; |Lab5block|sseg1:inst1|lpm_mux:Mux6|mux_joc:auto_generated|_~11             ; out0             ;
; |Lab5block|sseg1:inst1|lpm_mux:Mux6|mux_joc:auto_generated|_~13             ; |Lab5block|sseg1:inst1|lpm_mux:Mux6|mux_joc:auto_generated|_~13             ; out0             ;
; |Lab5block|sseg1:inst1|lpm_mux:Mux6|mux_joc:auto_generated|_~14             ; |Lab5block|sseg1:inst1|lpm_mux:Mux6|mux_joc:auto_generated|_~14             ; out0             ;
; |Lab5block|sseg1:inst1|lpm_mux:Mux6|mux_joc:auto_generated|_~21             ; |Lab5block|sseg1:inst1|lpm_mux:Mux6|mux_joc:auto_generated|_~21             ; out0             ;
; |Lab5block|sseg1:inst1|lpm_mux:Mux6|mux_joc:auto_generated|_~28             ; |Lab5block|sseg1:inst1|lpm_mux:Mux6|mux_joc:auto_generated|_~28             ; out0             ;
; |Lab5block|sseg1:inst1|lpm_mux:Mux6|mux_joc:auto_generated|_~37             ; |Lab5block|sseg1:inst1|lpm_mux:Mux6|mux_joc:auto_generated|_~37             ; out0             ;
; |Lab5block|sseg1:inst1|lpm_mux:Mux6|mux_joc:auto_generated|_~47             ; |Lab5block|sseg1:inst1|lpm_mux:Mux6|mux_joc:auto_generated|_~47             ; out0             ;
; |Lab5block|sseg1:inst1|lpm_mux:Mux6|mux_joc:auto_generated|_~49             ; |Lab5block|sseg1:inst1|lpm_mux:Mux6|mux_joc:auto_generated|_~49             ; out0             ;
; |Lab5block|sseg1:inst1|lpm_mux:Mux6|mux_joc:auto_generated|_~51             ; |Lab5block|sseg1:inst1|lpm_mux:Mux6|mux_joc:auto_generated|_~51             ; out0             ;
; |Lab5block|sseg1:inst1|lpm_mux:Mux6|mux_joc:auto_generated|_~53             ; |Lab5block|sseg1:inst1|lpm_mux:Mux6|mux_joc:auto_generated|_~53             ; out0             ;
; |Lab5block|sseg1:inst1|lpm_mux:Mux6|mux_joc:auto_generated|_~54             ; |Lab5block|sseg1:inst1|lpm_mux:Mux6|mux_joc:auto_generated|_~54             ; out0             ;
; |Lab5block|sseg1:inst1|lpm_mux:Mux6|mux_joc:auto_generated|_~55             ; |Lab5block|sseg1:inst1|lpm_mux:Mux6|mux_joc:auto_generated|_~55             ; out0             ;
; |Lab5block|sseg1:inst1|lpm_mux:Mux6|mux_joc:auto_generated|_~56             ; |Lab5block|sseg1:inst1|lpm_mux:Mux6|mux_joc:auto_generated|_~56             ; out0             ;
; |Lab5block|sseg1:inst1|lpm_mux:Mux6|mux_joc:auto_generated|_~58             ; |Lab5block|sseg1:inst1|lpm_mux:Mux6|mux_joc:auto_generated|_~58             ; out0             ;
; |Lab5block|sseg1:inst1|lpm_mux:Mux6|mux_joc:auto_generated|_~60             ; |Lab5block|sseg1:inst1|lpm_mux:Mux6|mux_joc:auto_generated|_~60             ; out0             ;
; |Lab5block|sseg1:inst1|lpm_mux:Mux6|mux_joc:auto_generated|_~62             ; |Lab5block|sseg1:inst1|lpm_mux:Mux6|mux_joc:auto_generated|_~62             ; out0             ;
; |Lab5block|sseg1:inst1|lpm_mux:Mux6|mux_joc:auto_generated|_~63             ; |Lab5block|sseg1:inst1|lpm_mux:Mux6|mux_joc:auto_generated|_~63             ; out0             ;
; |Lab5block|sseg1:inst1|lpm_mux:Mux6|mux_joc:auto_generated|_~66             ; |Lab5block|sseg1:inst1|lpm_mux:Mux6|mux_joc:auto_generated|_~66             ; out0             ;
; |Lab5block|sseg1:inst1|lpm_mux:Mux6|mux_joc:auto_generated|_~67             ; |Lab5block|sseg1:inst1|lpm_mux:Mux6|mux_joc:auto_generated|_~67             ; out0             ;
; |Lab5block|sseg1:inst1|lpm_mux:Mux6|mux_joc:auto_generated|result_node[0]~0 ; |Lab5block|sseg1:inst1|lpm_mux:Mux6|mux_joc:auto_generated|result_node[0]~0 ; out0             ;
; |Lab5block|sseg1:inst1|lpm_mux:Mux6|mux_joc:auto_generated|_~78             ; |Lab5block|sseg1:inst1|lpm_mux:Mux6|mux_joc:auto_generated|_~78             ; out0             ;
; |Lab5block|sseg1:inst1|lpm_mux:Mux6|mux_joc:auto_generated|_~87             ; |Lab5block|sseg1:inst1|lpm_mux:Mux6|mux_joc:auto_generated|_~87             ; out0             ;
; |Lab5block|sseg1:inst1|lpm_mux:Mux6|mux_joc:auto_generated|_~97             ; |Lab5block|sseg1:inst1|lpm_mux:Mux6|mux_joc:auto_generated|_~97             ; out0             ;
; |Lab5block|sseg1:inst1|lpm_mux:Mux6|mux_joc:auto_generated|_~99             ; |Lab5block|sseg1:inst1|lpm_mux:Mux6|mux_joc:auto_generated|_~99             ; out0             ;
; |Lab5block|sseg1:inst1|lpm_mux:Mux6|mux_joc:auto_generated|_~101            ; |Lab5block|sseg1:inst1|lpm_mux:Mux6|mux_joc:auto_generated|_~101            ; out0             ;
; |Lab5block|sseg1:inst1|lpm_mux:Mux6|mux_joc:auto_generated|_~103            ; |Lab5block|sseg1:inst1|lpm_mux:Mux6|mux_joc:auto_generated|_~103            ; out0             ;
; |Lab5block|sseg1:inst1|lpm_mux:Mux6|mux_joc:auto_generated|_~104            ; |Lab5block|sseg1:inst1|lpm_mux:Mux6|mux_joc:auto_generated|_~104            ; out0             ;
; |Lab5block|sseg1:inst1|lpm_mux:Mux6|mux_joc:auto_generated|_~105            ; |Lab5block|sseg1:inst1|lpm_mux:Mux6|mux_joc:auto_generated|_~105            ; out0             ;
; |Lab5block|sseg1:inst1|lpm_mux:Mux6|mux_joc:auto_generated|_~106            ; |Lab5block|sseg1:inst1|lpm_mux:Mux6|mux_joc:auto_generated|_~106            ; out0             ;
; |Lab5block|sseg1:inst1|lpm_mux:Mux6|mux_joc:auto_generated|_~108            ; |Lab5block|sseg1:inst1|lpm_mux:Mux6|mux_joc:auto_generated|_~108            ; out0             ;
; |Lab5block|sseg1:inst1|lpm_mux:Mux6|mux_joc:auto_generated|_~110            ; |Lab5block|sseg1:inst1|lpm_mux:Mux6|mux_joc:auto_generated|_~110            ; out0             ;
; |Lab5block|sseg1:inst1|lpm_mux:Mux6|mux_joc:auto_generated|_~112            ; |Lab5block|sseg1:inst1|lpm_mux:Mux6|mux_joc:auto_generated|_~112            ; out0             ;
; |Lab5block|sseg1:inst1|lpm_mux:Mux6|mux_joc:auto_generated|_~113            ; |Lab5block|sseg1:inst1|lpm_mux:Mux6|mux_joc:auto_generated|_~113            ; out0             ;
; |Lab5block|sseg1:inst1|lpm_mux:Mux6|mux_joc:auto_generated|_~116            ; |Lab5block|sseg1:inst1|lpm_mux:Mux6|mux_joc:auto_generated|_~116            ; out0             ;
; |Lab5block|sseg1:inst1|lpm_mux:Mux6|mux_joc:auto_generated|_~117            ; |Lab5block|sseg1:inst1|lpm_mux:Mux6|mux_joc:auto_generated|_~117            ; out0             ;
; |Lab5block|sseg1:inst1|lpm_mux:Mux6|mux_joc:auto_generated|_~123            ; |Lab5block|sseg1:inst1|lpm_mux:Mux6|mux_joc:auto_generated|_~123            ; out0             ;
; |Lab5block|sseg1:inst1|lpm_mux:Mux6|mux_joc:auto_generated|_~125            ; |Lab5block|sseg1:inst1|lpm_mux:Mux6|mux_joc:auto_generated|_~125            ; out0             ;
; |Lab5block|sseg1:inst1|lpm_mux:Mux6|mux_joc:auto_generated|_~126            ; |Lab5block|sseg1:inst1|lpm_mux:Mux6|mux_joc:auto_generated|_~126            ; out0             ;
; |Lab5block|sseg1:inst1|lpm_mux:Mux6|mux_joc:auto_generated|_~132            ; |Lab5block|sseg1:inst1|lpm_mux:Mux6|mux_joc:auto_generated|_~132            ; out0             ;
; |Lab5block|sseg1:inst1|lpm_mux:Mux6|mux_joc:auto_generated|_~134            ; |Lab5block|sseg1:inst1|lpm_mux:Mux6|mux_joc:auto_generated|_~134            ; out0             ;
; |Lab5block|sseg1:inst1|lpm_mux:Mux6|mux_joc:auto_generated|_~135            ; |Lab5block|sseg1:inst1|lpm_mux:Mux6|mux_joc:auto_generated|_~135            ; out0             ;
; |Lab5block|sseg1:inst1|lpm_mux:Mux5|mux_joc:auto_generated|_~0              ; |Lab5block|sseg1:inst1|lpm_mux:Mux5|mux_joc:auto_generated|_~0              ; out0             ;
; |Lab5block|sseg1:inst1|lpm_mux:Mux5|mux_joc:auto_generated|_~2              ; |Lab5block|sseg1:inst1|lpm_mux:Mux5|mux_joc:auto_generated|_~2              ; out0             ;
; |Lab5block|sseg1:inst1|lpm_mux:Mux5|mux_joc:auto_generated|_~4              ; |Lab5block|sseg1:inst1|lpm_mux:Mux5|mux_joc:auto_generated|_~4              ; out0             ;
; |Lab5block|sseg1:inst1|lpm_mux:Mux5|mux_joc:auto_generated|_~5              ; |Lab5block|sseg1:inst1|lpm_mux:Mux5|mux_joc:auto_generated|_~5              ; out0             ;
; |Lab5block|sseg1:inst1|lpm_mux:Mux5|mux_joc:auto_generated|_~9              ; |Lab5block|sseg1:inst1|lpm_mux:Mux5|mux_joc:auto_generated|_~9              ; out0             ;
; |Lab5block|sseg1:inst1|lpm_mux:Mux5|mux_joc:auto_generated|_~11             ; |Lab5block|sseg1:inst1|lpm_mux:Mux5|mux_joc:auto_generated|_~11             ; out0             ;
; |Lab5block|sseg1:inst1|lpm_mux:Mux5|mux_joc:auto_generated|_~13             ; |Lab5block|sseg1:inst1|lpm_mux:Mux5|mux_joc:auto_generated|_~13             ; out0             ;
; |Lab5block|sseg1:inst1|lpm_mux:Mux5|mux_joc:auto_generated|_~14             ; |Lab5block|sseg1:inst1|lpm_mux:Mux5|mux_joc:auto_generated|_~14             ; out0             ;
; |Lab5block|sseg1:inst1|lpm_mux:Mux5|mux_joc:auto_generated|_~21             ; |Lab5block|sseg1:inst1|lpm_mux:Mux5|mux_joc:auto_generated|_~21             ; out0             ;
; |Lab5block|sseg1:inst1|lpm_mux:Mux5|mux_joc:auto_generated|_~22             ; |Lab5block|sseg1:inst1|lpm_mux:Mux5|mux_joc:auto_generated|_~22             ; out0             ;
; |Lab5block|sseg1:inst1|lpm_mux:Mux5|mux_joc:auto_generated|_~27             ; |Lab5block|sseg1:inst1|lpm_mux:Mux5|mux_joc:auto_generated|_~27             ; out0             ;
; |Lab5block|sseg1:inst1|lpm_mux:Mux5|mux_joc:auto_generated|_~31             ; |Lab5block|sseg1:inst1|lpm_mux:Mux5|mux_joc:auto_generated|_~31             ; out0             ;
; |Lab5block|sseg1:inst1|lpm_mux:Mux5|mux_joc:auto_generated|_~36             ; |Lab5block|sseg1:inst1|lpm_mux:Mux5|mux_joc:auto_generated|_~36             ; out0             ;
; |Lab5block|sseg1:inst1|lpm_mux:Mux5|mux_joc:auto_generated|_~40             ; |Lab5block|sseg1:inst1|lpm_mux:Mux5|mux_joc:auto_generated|_~40             ; out0             ;
; |Lab5block|sseg1:inst1|lpm_mux:Mux5|mux_joc:auto_generated|_~47             ; |Lab5block|sseg1:inst1|lpm_mux:Mux5|mux_joc:auto_generated|_~47             ; out0             ;
; |Lab5block|sseg1:inst1|lpm_mux:Mux5|mux_joc:auto_generated|_~49             ; |Lab5block|sseg1:inst1|lpm_mux:Mux5|mux_joc:auto_generated|_~49             ; out0             ;
; |Lab5block|sseg1:inst1|lpm_mux:Mux5|mux_joc:auto_generated|_~51             ; |Lab5block|sseg1:inst1|lpm_mux:Mux5|mux_joc:auto_generated|_~51             ; out0             ;
; |Lab5block|sseg1:inst1|lpm_mux:Mux5|mux_joc:auto_generated|_~53             ; |Lab5block|sseg1:inst1|lpm_mux:Mux5|mux_joc:auto_generated|_~53             ; out0             ;
; |Lab5block|sseg1:inst1|lpm_mux:Mux5|mux_joc:auto_generated|_~54             ; |Lab5block|sseg1:inst1|lpm_mux:Mux5|mux_joc:auto_generated|_~54             ; out0             ;
; |Lab5block|sseg1:inst1|lpm_mux:Mux5|mux_joc:auto_generated|_~55             ; |Lab5block|sseg1:inst1|lpm_mux:Mux5|mux_joc:auto_generated|_~55             ; out0             ;
; |Lab5block|sseg1:inst1|lpm_mux:Mux5|mux_joc:auto_generated|_~56             ; |Lab5block|sseg1:inst1|lpm_mux:Mux5|mux_joc:auto_generated|_~56             ; out0             ;
; |Lab5block|sseg1:inst1|lpm_mux:Mux5|mux_joc:auto_generated|_~58             ; |Lab5block|sseg1:inst1|lpm_mux:Mux5|mux_joc:auto_generated|_~58             ; out0             ;
; |Lab5block|sseg1:inst1|lpm_mux:Mux5|mux_joc:auto_generated|_~60             ; |Lab5block|sseg1:inst1|lpm_mux:Mux5|mux_joc:auto_generated|_~60             ; out0             ;
; |Lab5block|sseg1:inst1|lpm_mux:Mux5|mux_joc:auto_generated|_~62             ; |Lab5block|sseg1:inst1|lpm_mux:Mux5|mux_joc:auto_generated|_~62             ; out0             ;
; |Lab5block|sseg1:inst1|lpm_mux:Mux5|mux_joc:auto_generated|_~63             ; |Lab5block|sseg1:inst1|lpm_mux:Mux5|mux_joc:auto_generated|_~63             ; out0             ;
; |Lab5block|sseg1:inst1|lpm_mux:Mux5|mux_joc:auto_generated|_~66             ; |Lab5block|sseg1:inst1|lpm_mux:Mux5|mux_joc:auto_generated|_~66             ; out0             ;
; |Lab5block|sseg1:inst1|lpm_mux:Mux5|mux_joc:auto_generated|_~67             ; |Lab5block|sseg1:inst1|lpm_mux:Mux5|mux_joc:auto_generated|_~67             ; out0             ;
; |Lab5block|sseg1:inst1|lpm_mux:Mux5|mux_joc:auto_generated|result_node[0]~0 ; |Lab5block|sseg1:inst1|lpm_mux:Mux5|mux_joc:auto_generated|result_node[0]~0 ; out0             ;
; |Lab5block|sseg1:inst1|lpm_mux:Mux5|mux_joc:auto_generated|_~72             ; |Lab5block|sseg1:inst1|lpm_mux:Mux5|mux_joc:auto_generated|_~72             ; out0             ;
; |Lab5block|sseg1:inst1|lpm_mux:Mux5|mux_joc:auto_generated|_~77             ; |Lab5block|sseg1:inst1|lpm_mux:Mux5|mux_joc:auto_generated|_~77             ; out0             ;
; |Lab5block|sseg1:inst1|lpm_mux:Mux5|mux_joc:auto_generated|_~81             ; |Lab5block|sseg1:inst1|lpm_mux:Mux5|mux_joc:auto_generated|_~81             ; out0             ;
; |Lab5block|sseg1:inst1|lpm_mux:Mux5|mux_joc:auto_generated|_~86             ; |Lab5block|sseg1:inst1|lpm_mux:Mux5|mux_joc:auto_generated|_~86             ; out0             ;
; |Lab5block|sseg1:inst1|lpm_mux:Mux5|mux_joc:auto_generated|_~90             ; |Lab5block|sseg1:inst1|lpm_mux:Mux5|mux_joc:auto_generated|_~90             ; out0             ;
; |Lab5block|sseg1:inst1|lpm_mux:Mux5|mux_joc:auto_generated|_~97             ; |Lab5block|sseg1:inst1|lpm_mux:Mux5|mux_joc:auto_generated|_~97             ; out0             ;
; |Lab5block|sseg1:inst1|lpm_mux:Mux5|mux_joc:auto_generated|_~99             ; |Lab5block|sseg1:inst1|lpm_mux:Mux5|mux_joc:auto_generated|_~99             ; out0             ;
; |Lab5block|sseg1:inst1|lpm_mux:Mux5|mux_joc:auto_generated|_~101            ; |Lab5block|sseg1:inst1|lpm_mux:Mux5|mux_joc:auto_generated|_~101            ; out0             ;
; |Lab5block|sseg1:inst1|lpm_mux:Mux5|mux_joc:auto_generated|_~103            ; |Lab5block|sseg1:inst1|lpm_mux:Mux5|mux_joc:auto_generated|_~103            ; out0             ;
; |Lab5block|sseg1:inst1|lpm_mux:Mux5|mux_joc:auto_generated|_~104            ; |Lab5block|sseg1:inst1|lpm_mux:Mux5|mux_joc:auto_generated|_~104            ; out0             ;
; |Lab5block|sseg1:inst1|lpm_mux:Mux5|mux_joc:auto_generated|_~105            ; |Lab5block|sseg1:inst1|lpm_mux:Mux5|mux_joc:auto_generated|_~105            ; out0             ;
; |Lab5block|sseg1:inst1|lpm_mux:Mux5|mux_joc:auto_generated|_~106            ; |Lab5block|sseg1:inst1|lpm_mux:Mux5|mux_joc:auto_generated|_~106            ; out0             ;
; |Lab5block|sseg1:inst1|lpm_mux:Mux5|mux_joc:auto_generated|_~108            ; |Lab5block|sseg1:inst1|lpm_mux:Mux5|mux_joc:auto_generated|_~108            ; out0             ;
; |Lab5block|sseg1:inst1|lpm_mux:Mux5|mux_joc:auto_generated|_~110            ; |Lab5block|sseg1:inst1|lpm_mux:Mux5|mux_joc:auto_generated|_~110            ; out0             ;
; |Lab5block|sseg1:inst1|lpm_mux:Mux5|mux_joc:auto_generated|_~112            ; |Lab5block|sseg1:inst1|lpm_mux:Mux5|mux_joc:auto_generated|_~112            ; out0             ;
; |Lab5block|sseg1:inst1|lpm_mux:Mux5|mux_joc:auto_generated|_~113            ; |Lab5block|sseg1:inst1|lpm_mux:Mux5|mux_joc:auto_generated|_~113            ; out0             ;
; |Lab5block|sseg1:inst1|lpm_mux:Mux5|mux_joc:auto_generated|_~116            ; |Lab5block|sseg1:inst1|lpm_mux:Mux5|mux_joc:auto_generated|_~116            ; out0             ;
; |Lab5block|sseg1:inst1|lpm_mux:Mux5|mux_joc:auto_generated|_~117            ; |Lab5block|sseg1:inst1|lpm_mux:Mux5|mux_joc:auto_generated|_~117            ; out0             ;
; |Lab5block|sseg1:inst1|lpm_mux:Mux5|mux_joc:auto_generated|_~121            ; |Lab5block|sseg1:inst1|lpm_mux:Mux5|mux_joc:auto_generated|_~121            ; out0             ;
; |Lab5block|sseg1:inst1|lpm_mux:Mux5|mux_joc:auto_generated|_~126            ; |Lab5block|sseg1:inst1|lpm_mux:Mux5|mux_joc:auto_generated|_~126            ; out0             ;
; |Lab5block|sseg1:inst1|lpm_mux:Mux5|mux_joc:auto_generated|_~130            ; |Lab5block|sseg1:inst1|lpm_mux:Mux5|mux_joc:auto_generated|_~130            ; out0             ;
; |Lab5block|sseg1:inst1|lpm_mux:Mux5|mux_joc:auto_generated|_~135            ; |Lab5block|sseg1:inst1|lpm_mux:Mux5|mux_joc:auto_generated|_~135            ; out0             ;
; |Lab5block|sseg1:inst1|lpm_mux:Mux5|mux_joc:auto_generated|_~143            ; |Lab5block|sseg1:inst1|lpm_mux:Mux5|mux_joc:auto_generated|_~143            ; out0             ;
; |Lab5block|sseg1:inst1|lpm_mux:Mux4|mux_joc:auto_generated|_~5              ; |Lab5block|sseg1:inst1|lpm_mux:Mux4|mux_joc:auto_generated|_~5              ; out0             ;
; |Lab5block|sseg1:inst1|lpm_mux:Mux4|mux_joc:auto_generated|_~14             ; |Lab5block|sseg1:inst1|lpm_mux:Mux4|mux_joc:auto_generated|_~14             ; out0             ;
; |Lab5block|sseg1:inst1|lpm_mux:Mux4|mux_joc:auto_generated|_~22             ; |Lab5block|sseg1:inst1|lpm_mux:Mux4|mux_joc:auto_generated|_~22             ; out0             ;
; |Lab5block|sseg1:inst1|lpm_mux:Mux4|mux_joc:auto_generated|_~27             ; |Lab5block|sseg1:inst1|lpm_mux:Mux4|mux_joc:auto_generated|_~27             ; out0             ;
; |Lab5block|sseg1:inst1|lpm_mux:Mux4|mux_joc:auto_generated|_~31             ; |Lab5block|sseg1:inst1|lpm_mux:Mux4|mux_joc:auto_generated|_~31             ; out0             ;
; |Lab5block|sseg1:inst1|lpm_mux:Mux4|mux_joc:auto_generated|_~36             ; |Lab5block|sseg1:inst1|lpm_mux:Mux4|mux_joc:auto_generated|_~36             ; out0             ;
; |Lab5block|sseg1:inst1|lpm_mux:Mux4|mux_joc:auto_generated|_~47             ; |Lab5block|sseg1:inst1|lpm_mux:Mux4|mux_joc:auto_generated|_~47             ; out0             ;
; |Lab5block|sseg1:inst1|lpm_mux:Mux4|mux_joc:auto_generated|_~53             ; |Lab5block|sseg1:inst1|lpm_mux:Mux4|mux_joc:auto_generated|_~53             ; out0             ;
; |Lab5block|sseg1:inst1|lpm_mux:Mux4|mux_joc:auto_generated|_~56             ; |Lab5block|sseg1:inst1|lpm_mux:Mux4|mux_joc:auto_generated|_~56             ; out0             ;
; |Lab5block|sseg1:inst1|lpm_mux:Mux4|mux_joc:auto_generated|_~62             ; |Lab5block|sseg1:inst1|lpm_mux:Mux4|mux_joc:auto_generated|_~62             ; out0             ;
; |Lab5block|sseg1:inst1|lpm_mux:Mux4|mux_joc:auto_generated|_~72             ; |Lab5block|sseg1:inst1|lpm_mux:Mux4|mux_joc:auto_generated|_~72             ; out0             ;
; |Lab5block|sseg1:inst1|lpm_mux:Mux4|mux_joc:auto_generated|_~77             ; |Lab5block|sseg1:inst1|lpm_mux:Mux4|mux_joc:auto_generated|_~77             ; out0             ;
; |Lab5block|sseg1:inst1|lpm_mux:Mux4|mux_joc:auto_generated|_~81             ; |Lab5block|sseg1:inst1|lpm_mux:Mux4|mux_joc:auto_generated|_~81             ; out0             ;
; |Lab5block|sseg1:inst1|lpm_mux:Mux4|mux_joc:auto_generated|_~86             ; |Lab5block|sseg1:inst1|lpm_mux:Mux4|mux_joc:auto_generated|_~86             ; out0             ;
; |Lab5block|sseg1:inst1|lpm_mux:Mux4|mux_joc:auto_generated|_~97             ; |Lab5block|sseg1:inst1|lpm_mux:Mux4|mux_joc:auto_generated|_~97             ; out0             ;
; |Lab5block|sseg1:inst1|lpm_mux:Mux4|mux_joc:auto_generated|_~103            ; |Lab5block|sseg1:inst1|lpm_mux:Mux4|mux_joc:auto_generated|_~103            ; out0             ;
; |Lab5block|sseg1:inst1|lpm_mux:Mux4|mux_joc:auto_generated|_~106            ; |Lab5block|sseg1:inst1|lpm_mux:Mux4|mux_joc:auto_generated|_~106            ; out0             ;
; |Lab5block|sseg1:inst1|lpm_mux:Mux4|mux_joc:auto_generated|_~112            ; |Lab5block|sseg1:inst1|lpm_mux:Mux4|mux_joc:auto_generated|_~112            ; out0             ;
; |Lab5block|sseg1:inst1|lpm_mux:Mux4|mux_joc:auto_generated|_~121            ; |Lab5block|sseg1:inst1|lpm_mux:Mux4|mux_joc:auto_generated|_~121            ; out0             ;
; |Lab5block|sseg1:inst1|lpm_mux:Mux4|mux_joc:auto_generated|_~123            ; |Lab5block|sseg1:inst1|lpm_mux:Mux4|mux_joc:auto_generated|_~123            ; out0             ;
; |Lab5block|sseg1:inst1|lpm_mux:Mux4|mux_joc:auto_generated|_~125            ; |Lab5block|sseg1:inst1|lpm_mux:Mux4|mux_joc:auto_generated|_~125            ; out0             ;
; |Lab5block|sseg1:inst1|lpm_mux:Mux4|mux_joc:auto_generated|_~126            ; |Lab5block|sseg1:inst1|lpm_mux:Mux4|mux_joc:auto_generated|_~126            ; out0             ;
; |Lab5block|sseg1:inst1|lpm_mux:Mux4|mux_joc:auto_generated|_~130            ; |Lab5block|sseg1:inst1|lpm_mux:Mux4|mux_joc:auto_generated|_~130            ; out0             ;
; |Lab5block|sseg1:inst1|lpm_mux:Mux4|mux_joc:auto_generated|_~132            ; |Lab5block|sseg1:inst1|lpm_mux:Mux4|mux_joc:auto_generated|_~132            ; out0             ;
; |Lab5block|sseg1:inst1|lpm_mux:Mux4|mux_joc:auto_generated|_~134            ; |Lab5block|sseg1:inst1|lpm_mux:Mux4|mux_joc:auto_generated|_~134            ; out0             ;
; |Lab5block|sseg1:inst1|lpm_mux:Mux4|mux_joc:auto_generated|_~135            ; |Lab5block|sseg1:inst1|lpm_mux:Mux4|mux_joc:auto_generated|_~135            ; out0             ;
; |Lab5block|sseg1:inst1|lpm_mux:Mux3|mux_joc:auto_generated|_~2              ; |Lab5block|sseg1:inst1|lpm_mux:Mux3|mux_joc:auto_generated|_~2              ; out0             ;
; |Lab5block|sseg1:inst1|lpm_mux:Mux3|mux_joc:auto_generated|_~4              ; |Lab5block|sseg1:inst1|lpm_mux:Mux3|mux_joc:auto_generated|_~4              ; out0             ;
; |Lab5block|sseg1:inst1|lpm_mux:Mux3|mux_joc:auto_generated|_~5              ; |Lab5block|sseg1:inst1|lpm_mux:Mux3|mux_joc:auto_generated|_~5              ; out0             ;
; |Lab5block|sseg1:inst1|lpm_mux:Mux3|mux_joc:auto_generated|_~11             ; |Lab5block|sseg1:inst1|lpm_mux:Mux3|mux_joc:auto_generated|_~11             ; out0             ;
; |Lab5block|sseg1:inst1|lpm_mux:Mux3|mux_joc:auto_generated|_~13             ; |Lab5block|sseg1:inst1|lpm_mux:Mux3|mux_joc:auto_generated|_~13             ; out0             ;
; |Lab5block|sseg1:inst1|lpm_mux:Mux3|mux_joc:auto_generated|_~14             ; |Lab5block|sseg1:inst1|lpm_mux:Mux3|mux_joc:auto_generated|_~14             ; out0             ;
; |Lab5block|sseg1:inst1|lpm_mux:Mux3|mux_joc:auto_generated|_~21             ; |Lab5block|sseg1:inst1|lpm_mux:Mux3|mux_joc:auto_generated|_~21             ; out0             ;
; |Lab5block|sseg1:inst1|lpm_mux:Mux3|mux_joc:auto_generated|_~22             ; |Lab5block|sseg1:inst1|lpm_mux:Mux3|mux_joc:auto_generated|_~22             ; out0             ;
; |Lab5block|sseg1:inst1|lpm_mux:Mux3|mux_joc:auto_generated|_~28             ; |Lab5block|sseg1:inst1|lpm_mux:Mux3|mux_joc:auto_generated|_~28             ; out0             ;
; |Lab5block|sseg1:inst1|lpm_mux:Mux3|mux_joc:auto_generated|_~31             ; |Lab5block|sseg1:inst1|lpm_mux:Mux3|mux_joc:auto_generated|_~31             ; out0             ;
; |Lab5block|sseg1:inst1|lpm_mux:Mux3|mux_joc:auto_generated|_~37             ; |Lab5block|sseg1:inst1|lpm_mux:Mux3|mux_joc:auto_generated|_~37             ; out0             ;
; |Lab5block|sseg1:inst1|lpm_mux:Mux3|mux_joc:auto_generated|_~47             ; |Lab5block|sseg1:inst1|lpm_mux:Mux3|mux_joc:auto_generated|_~47             ; out0             ;
; |Lab5block|sseg1:inst1|lpm_mux:Mux3|mux_joc:auto_generated|_~49             ; |Lab5block|sseg1:inst1|lpm_mux:Mux3|mux_joc:auto_generated|_~49             ; out0             ;
; |Lab5block|sseg1:inst1|lpm_mux:Mux3|mux_joc:auto_generated|_~51             ; |Lab5block|sseg1:inst1|lpm_mux:Mux3|mux_joc:auto_generated|_~51             ; out0             ;
; |Lab5block|sseg1:inst1|lpm_mux:Mux3|mux_joc:auto_generated|_~53             ; |Lab5block|sseg1:inst1|lpm_mux:Mux3|mux_joc:auto_generated|_~53             ; out0             ;
; |Lab5block|sseg1:inst1|lpm_mux:Mux3|mux_joc:auto_generated|_~54             ; |Lab5block|sseg1:inst1|lpm_mux:Mux3|mux_joc:auto_generated|_~54             ; out0             ;
; |Lab5block|sseg1:inst1|lpm_mux:Mux3|mux_joc:auto_generated|_~55             ; |Lab5block|sseg1:inst1|lpm_mux:Mux3|mux_joc:auto_generated|_~55             ; out0             ;
; |Lab5block|sseg1:inst1|lpm_mux:Mux3|mux_joc:auto_generated|_~56             ; |Lab5block|sseg1:inst1|lpm_mux:Mux3|mux_joc:auto_generated|_~56             ; out0             ;
; |Lab5block|sseg1:inst1|lpm_mux:Mux3|mux_joc:auto_generated|_~58             ; |Lab5block|sseg1:inst1|lpm_mux:Mux3|mux_joc:auto_generated|_~58             ; out0             ;
; |Lab5block|sseg1:inst1|lpm_mux:Mux3|mux_joc:auto_generated|_~60             ; |Lab5block|sseg1:inst1|lpm_mux:Mux3|mux_joc:auto_generated|_~60             ; out0             ;
; |Lab5block|sseg1:inst1|lpm_mux:Mux3|mux_joc:auto_generated|_~62             ; |Lab5block|sseg1:inst1|lpm_mux:Mux3|mux_joc:auto_generated|_~62             ; out0             ;
; |Lab5block|sseg1:inst1|lpm_mux:Mux3|mux_joc:auto_generated|_~63             ; |Lab5block|sseg1:inst1|lpm_mux:Mux3|mux_joc:auto_generated|_~63             ; out0             ;
; |Lab5block|sseg1:inst1|lpm_mux:Mux3|mux_joc:auto_generated|_~65             ; |Lab5block|sseg1:inst1|lpm_mux:Mux3|mux_joc:auto_generated|_~65             ; out0             ;
; |Lab5block|sseg1:inst1|lpm_mux:Mux3|mux_joc:auto_generated|_~66             ; |Lab5block|sseg1:inst1|lpm_mux:Mux3|mux_joc:auto_generated|_~66             ; out0             ;
; |Lab5block|sseg1:inst1|lpm_mux:Mux3|mux_joc:auto_generated|_~67             ; |Lab5block|sseg1:inst1|lpm_mux:Mux3|mux_joc:auto_generated|_~67             ; out0             ;
; |Lab5block|sseg1:inst1|lpm_mux:Mux3|mux_joc:auto_generated|result_node[0]~0 ; |Lab5block|sseg1:inst1|lpm_mux:Mux3|mux_joc:auto_generated|result_node[0]~0 ; out0             ;
; |Lab5block|sseg1:inst1|lpm_mux:Mux3|mux_joc:auto_generated|_~72             ; |Lab5block|sseg1:inst1|lpm_mux:Mux3|mux_joc:auto_generated|_~72             ; out0             ;
; |Lab5block|sseg1:inst1|lpm_mux:Mux3|mux_joc:auto_generated|_~78             ; |Lab5block|sseg1:inst1|lpm_mux:Mux3|mux_joc:auto_generated|_~78             ; out0             ;
; |Lab5block|sseg1:inst1|lpm_mux:Mux3|mux_joc:auto_generated|_~81             ; |Lab5block|sseg1:inst1|lpm_mux:Mux3|mux_joc:auto_generated|_~81             ; out0             ;
; |Lab5block|sseg1:inst1|lpm_mux:Mux3|mux_joc:auto_generated|_~87             ; |Lab5block|sseg1:inst1|lpm_mux:Mux3|mux_joc:auto_generated|_~87             ; out0             ;
; |Lab5block|sseg1:inst1|lpm_mux:Mux3|mux_joc:auto_generated|_~97             ; |Lab5block|sseg1:inst1|lpm_mux:Mux3|mux_joc:auto_generated|_~97             ; out0             ;
; |Lab5block|sseg1:inst1|lpm_mux:Mux3|mux_joc:auto_generated|_~99             ; |Lab5block|sseg1:inst1|lpm_mux:Mux3|mux_joc:auto_generated|_~99             ; out0             ;
; |Lab5block|sseg1:inst1|lpm_mux:Mux3|mux_joc:auto_generated|_~101            ; |Lab5block|sseg1:inst1|lpm_mux:Mux3|mux_joc:auto_generated|_~101            ; out0             ;
; |Lab5block|sseg1:inst1|lpm_mux:Mux3|mux_joc:auto_generated|_~103            ; |Lab5block|sseg1:inst1|lpm_mux:Mux3|mux_joc:auto_generated|_~103            ; out0             ;
; |Lab5block|sseg1:inst1|lpm_mux:Mux3|mux_joc:auto_generated|_~104            ; |Lab5block|sseg1:inst1|lpm_mux:Mux3|mux_joc:auto_generated|_~104            ; out0             ;
; |Lab5block|sseg1:inst1|lpm_mux:Mux3|mux_joc:auto_generated|_~105            ; |Lab5block|sseg1:inst1|lpm_mux:Mux3|mux_joc:auto_generated|_~105            ; out0             ;
; |Lab5block|sseg1:inst1|lpm_mux:Mux3|mux_joc:auto_generated|_~106            ; |Lab5block|sseg1:inst1|lpm_mux:Mux3|mux_joc:auto_generated|_~106            ; out0             ;
; |Lab5block|sseg1:inst1|lpm_mux:Mux3|mux_joc:auto_generated|_~108            ; |Lab5block|sseg1:inst1|lpm_mux:Mux3|mux_joc:auto_generated|_~108            ; out0             ;
; |Lab5block|sseg1:inst1|lpm_mux:Mux3|mux_joc:auto_generated|_~110            ; |Lab5block|sseg1:inst1|lpm_mux:Mux3|mux_joc:auto_generated|_~110            ; out0             ;
; |Lab5block|sseg1:inst1|lpm_mux:Mux3|mux_joc:auto_generated|_~112            ; |Lab5block|sseg1:inst1|lpm_mux:Mux3|mux_joc:auto_generated|_~112            ; out0             ;
; |Lab5block|sseg1:inst1|lpm_mux:Mux3|mux_joc:auto_generated|_~113            ; |Lab5block|sseg1:inst1|lpm_mux:Mux3|mux_joc:auto_generated|_~113            ; out0             ;
; |Lab5block|sseg1:inst1|lpm_mux:Mux3|mux_joc:auto_generated|_~115            ; |Lab5block|sseg1:inst1|lpm_mux:Mux3|mux_joc:auto_generated|_~115            ; out0             ;
; |Lab5block|sseg1:inst1|lpm_mux:Mux3|mux_joc:auto_generated|_~116            ; |Lab5block|sseg1:inst1|lpm_mux:Mux3|mux_joc:auto_generated|_~116            ; out0             ;
; |Lab5block|sseg1:inst1|lpm_mux:Mux3|mux_joc:auto_generated|_~117            ; |Lab5block|sseg1:inst1|lpm_mux:Mux3|mux_joc:auto_generated|_~117            ; out0             ;
; |Lab5block|sseg1:inst1|lpm_mux:Mux3|mux_joc:auto_generated|_~121            ; |Lab5block|sseg1:inst1|lpm_mux:Mux3|mux_joc:auto_generated|_~121            ; out0             ;
; |Lab5block|sseg1:inst1|lpm_mux:Mux3|mux_joc:auto_generated|_~123            ; |Lab5block|sseg1:inst1|lpm_mux:Mux3|mux_joc:auto_generated|_~123            ; out0             ;
; |Lab5block|sseg1:inst1|lpm_mux:Mux3|mux_joc:auto_generated|_~125            ; |Lab5block|sseg1:inst1|lpm_mux:Mux3|mux_joc:auto_generated|_~125            ; out0             ;
; |Lab5block|sseg1:inst1|lpm_mux:Mux3|mux_joc:auto_generated|_~126            ; |Lab5block|sseg1:inst1|lpm_mux:Mux3|mux_joc:auto_generated|_~126            ; out0             ;
; |Lab5block|sseg1:inst1|lpm_mux:Mux3|mux_joc:auto_generated|_~130            ; |Lab5block|sseg1:inst1|lpm_mux:Mux3|mux_joc:auto_generated|_~130            ; out0             ;
; |Lab5block|sseg1:inst1|lpm_mux:Mux3|mux_joc:auto_generated|_~132            ; |Lab5block|sseg1:inst1|lpm_mux:Mux3|mux_joc:auto_generated|_~132            ; out0             ;
; |Lab5block|sseg1:inst1|lpm_mux:Mux3|mux_joc:auto_generated|_~134            ; |Lab5block|sseg1:inst1|lpm_mux:Mux3|mux_joc:auto_generated|_~134            ; out0             ;
; |Lab5block|sseg1:inst1|lpm_mux:Mux3|mux_joc:auto_generated|_~135            ; |Lab5block|sseg1:inst1|lpm_mux:Mux3|mux_joc:auto_generated|_~135            ; out0             ;
; |Lab5block|sseg1:inst1|lpm_mux:Mux2|mux_joc:auto_generated|_~0              ; |Lab5block|sseg1:inst1|lpm_mux:Mux2|mux_joc:auto_generated|_~0              ; out0             ;
; |Lab5block|sseg1:inst1|lpm_mux:Mux2|mux_joc:auto_generated|_~2              ; |Lab5block|sseg1:inst1|lpm_mux:Mux2|mux_joc:auto_generated|_~2              ; out0             ;
; |Lab5block|sseg1:inst1|lpm_mux:Mux2|mux_joc:auto_generated|_~4              ; |Lab5block|sseg1:inst1|lpm_mux:Mux2|mux_joc:auto_generated|_~4              ; out0             ;
; |Lab5block|sseg1:inst1|lpm_mux:Mux2|mux_joc:auto_generated|_~6              ; |Lab5block|sseg1:inst1|lpm_mux:Mux2|mux_joc:auto_generated|_~6              ; out0             ;
; |Lab5block|sseg1:inst1|lpm_mux:Mux2|mux_joc:auto_generated|_~7              ; |Lab5block|sseg1:inst1|lpm_mux:Mux2|mux_joc:auto_generated|_~7              ; out0             ;
; |Lab5block|sseg1:inst1|lpm_mux:Mux2|mux_joc:auto_generated|_~8              ; |Lab5block|sseg1:inst1|lpm_mux:Mux2|mux_joc:auto_generated|_~8              ; out0             ;
; |Lab5block|sseg1:inst1|lpm_mux:Mux2|mux_joc:auto_generated|_~9              ; |Lab5block|sseg1:inst1|lpm_mux:Mux2|mux_joc:auto_generated|_~9              ; out0             ;
; |Lab5block|sseg1:inst1|lpm_mux:Mux2|mux_joc:auto_generated|_~11             ; |Lab5block|sseg1:inst1|lpm_mux:Mux2|mux_joc:auto_generated|_~11             ; out0             ;
; |Lab5block|sseg1:inst1|lpm_mux:Mux2|mux_joc:auto_generated|_~13             ; |Lab5block|sseg1:inst1|lpm_mux:Mux2|mux_joc:auto_generated|_~13             ; out0             ;
; |Lab5block|sseg1:inst1|lpm_mux:Mux2|mux_joc:auto_generated|_~15             ; |Lab5block|sseg1:inst1|lpm_mux:Mux2|mux_joc:auto_generated|_~15             ; out0             ;
; |Lab5block|sseg1:inst1|lpm_mux:Mux2|mux_joc:auto_generated|_~16             ; |Lab5block|sseg1:inst1|lpm_mux:Mux2|mux_joc:auto_generated|_~16             ; out0             ;
; |Lab5block|sseg1:inst1|lpm_mux:Mux2|mux_joc:auto_generated|_~19             ; |Lab5block|sseg1:inst1|lpm_mux:Mux2|mux_joc:auto_generated|_~19             ; out0             ;
; |Lab5block|sseg1:inst1|lpm_mux:Mux2|mux_joc:auto_generated|_~20             ; |Lab5block|sseg1:inst1|lpm_mux:Mux2|mux_joc:auto_generated|_~20             ; out0             ;
; |Lab5block|sseg1:inst1|lpm_mux:Mux2|mux_joc:auto_generated|_~21             ; |Lab5block|sseg1:inst1|lpm_mux:Mux2|mux_joc:auto_generated|_~21             ; out0             ;
; |Lab5block|sseg1:inst1|lpm_mux:Mux2|mux_joc:auto_generated|_~22             ; |Lab5block|sseg1:inst1|lpm_mux:Mux2|mux_joc:auto_generated|_~22             ; out0             ;
; |Lab5block|sseg1:inst1|lpm_mux:Mux2|mux_joc:auto_generated|_~24             ; |Lab5block|sseg1:inst1|lpm_mux:Mux2|mux_joc:auto_generated|_~24             ; out0             ;
; |Lab5block|sseg1:inst1|lpm_mux:Mux2|mux_joc:auto_generated|_~26             ; |Lab5block|sseg1:inst1|lpm_mux:Mux2|mux_joc:auto_generated|_~26             ; out0             ;
; |Lab5block|sseg1:inst1|lpm_mux:Mux2|mux_joc:auto_generated|_~28             ; |Lab5block|sseg1:inst1|lpm_mux:Mux2|mux_joc:auto_generated|_~28             ; out0             ;
; |Lab5block|sseg1:inst1|lpm_mux:Mux2|mux_joc:auto_generated|_~29             ; |Lab5block|sseg1:inst1|lpm_mux:Mux2|mux_joc:auto_generated|_~29             ; out0             ;
; |Lab5block|sseg1:inst1|lpm_mux:Mux2|mux_joc:auto_generated|_~30             ; |Lab5block|sseg1:inst1|lpm_mux:Mux2|mux_joc:auto_generated|_~30             ; out0             ;
; |Lab5block|sseg1:inst1|lpm_mux:Mux2|mux_joc:auto_generated|_~31             ; |Lab5block|sseg1:inst1|lpm_mux:Mux2|mux_joc:auto_generated|_~31             ; out0             ;
; |Lab5block|sseg1:inst1|lpm_mux:Mux2|mux_joc:auto_generated|_~33             ; |Lab5block|sseg1:inst1|lpm_mux:Mux2|mux_joc:auto_generated|_~33             ; out0             ;
; |Lab5block|sseg1:inst1|lpm_mux:Mux2|mux_joc:auto_generated|_~35             ; |Lab5block|sseg1:inst1|lpm_mux:Mux2|mux_joc:auto_generated|_~35             ; out0             ;
; |Lab5block|sseg1:inst1|lpm_mux:Mux2|mux_joc:auto_generated|_~37             ; |Lab5block|sseg1:inst1|lpm_mux:Mux2|mux_joc:auto_generated|_~37             ; out0             ;
; |Lab5block|sseg1:inst1|lpm_mux:Mux2|mux_joc:auto_generated|_~38             ; |Lab5block|sseg1:inst1|lpm_mux:Mux2|mux_joc:auto_generated|_~38             ; out0             ;
; |Lab5block|sseg1:inst1|lpm_mux:Mux2|mux_joc:auto_generated|_~40             ; |Lab5block|sseg1:inst1|lpm_mux:Mux2|mux_joc:auto_generated|_~40             ; out0             ;
; |Lab5block|sseg1:inst1|lpm_mux:Mux2|mux_joc:auto_generated|_~41             ; |Lab5block|sseg1:inst1|lpm_mux:Mux2|mux_joc:auto_generated|_~41             ; out0             ;
; |Lab5block|sseg1:inst1|lpm_mux:Mux2|mux_joc:auto_generated|_~42             ; |Lab5block|sseg1:inst1|lpm_mux:Mux2|mux_joc:auto_generated|_~42             ; out0             ;
; |Lab5block|sseg1:inst1|lpm_mux:Mux2|mux_joc:auto_generated|_~44             ; |Lab5block|sseg1:inst1|lpm_mux:Mux2|mux_joc:auto_generated|_~44             ; out0             ;
; |Lab5block|sseg1:inst1|lpm_mux:Mux2|mux_joc:auto_generated|_~46             ; |Lab5block|sseg1:inst1|lpm_mux:Mux2|mux_joc:auto_generated|_~46             ; out0             ;
; |Lab5block|sseg1:inst1|lpm_mux:Mux2|mux_joc:auto_generated|_~47             ; |Lab5block|sseg1:inst1|lpm_mux:Mux2|mux_joc:auto_generated|_~47             ; out0             ;
; |Lab5block|sseg1:inst1|lpm_mux:Mux2|mux_joc:auto_generated|_~49             ; |Lab5block|sseg1:inst1|lpm_mux:Mux2|mux_joc:auto_generated|_~49             ; out0             ;
; |Lab5block|sseg1:inst1|lpm_mux:Mux2|mux_joc:auto_generated|_~51             ; |Lab5block|sseg1:inst1|lpm_mux:Mux2|mux_joc:auto_generated|_~51             ; out0             ;
; |Lab5block|sseg1:inst1|lpm_mux:Mux2|mux_joc:auto_generated|_~53             ; |Lab5block|sseg1:inst1|lpm_mux:Mux2|mux_joc:auto_generated|_~53             ; out0             ;
; |Lab5block|sseg1:inst1|lpm_mux:Mux2|mux_joc:auto_generated|_~54             ; |Lab5block|sseg1:inst1|lpm_mux:Mux2|mux_joc:auto_generated|_~54             ; out0             ;
; |Lab5block|sseg1:inst1|lpm_mux:Mux2|mux_joc:auto_generated|_~55             ; |Lab5block|sseg1:inst1|lpm_mux:Mux2|mux_joc:auto_generated|_~55             ; out0             ;
; |Lab5block|sseg1:inst1|lpm_mux:Mux2|mux_joc:auto_generated|_~56             ; |Lab5block|sseg1:inst1|lpm_mux:Mux2|mux_joc:auto_generated|_~56             ; out0             ;
; |Lab5block|sseg1:inst1|lpm_mux:Mux2|mux_joc:auto_generated|_~58             ; |Lab5block|sseg1:inst1|lpm_mux:Mux2|mux_joc:auto_generated|_~58             ; out0             ;
; |Lab5block|sseg1:inst1|lpm_mux:Mux2|mux_joc:auto_generated|_~60             ; |Lab5block|sseg1:inst1|lpm_mux:Mux2|mux_joc:auto_generated|_~60             ; out0             ;
; |Lab5block|sseg1:inst1|lpm_mux:Mux2|mux_joc:auto_generated|_~62             ; |Lab5block|sseg1:inst1|lpm_mux:Mux2|mux_joc:auto_generated|_~62             ; out0             ;
; |Lab5block|sseg1:inst1|lpm_mux:Mux2|mux_joc:auto_generated|_~63             ; |Lab5block|sseg1:inst1|lpm_mux:Mux2|mux_joc:auto_generated|_~63             ; out0             ;
; |Lab5block|sseg1:inst1|lpm_mux:Mux2|mux_joc:auto_generated|_~66             ; |Lab5block|sseg1:inst1|lpm_mux:Mux2|mux_joc:auto_generated|_~66             ; out0             ;
; |Lab5block|sseg1:inst1|lpm_mux:Mux2|mux_joc:auto_generated|_~67             ; |Lab5block|sseg1:inst1|lpm_mux:Mux2|mux_joc:auto_generated|_~67             ; out0             ;
; |Lab5block|sseg1:inst1|lpm_mux:Mux2|mux_joc:auto_generated|result_node[0]~0 ; |Lab5block|sseg1:inst1|lpm_mux:Mux2|mux_joc:auto_generated|result_node[0]~0 ; out0             ;
; |Lab5block|sseg1:inst1|lpm_mux:Mux2|mux_joc:auto_generated|_~72             ; |Lab5block|sseg1:inst1|lpm_mux:Mux2|mux_joc:auto_generated|_~72             ; out0             ;
; |Lab5block|sseg1:inst1|lpm_mux:Mux2|mux_joc:auto_generated|_~74             ; |Lab5block|sseg1:inst1|lpm_mux:Mux2|mux_joc:auto_generated|_~74             ; out0             ;
; |Lab5block|sseg1:inst1|lpm_mux:Mux2|mux_joc:auto_generated|_~76             ; |Lab5block|sseg1:inst1|lpm_mux:Mux2|mux_joc:auto_generated|_~76             ; out0             ;
; |Lab5block|sseg1:inst1|lpm_mux:Mux2|mux_joc:auto_generated|_~78             ; |Lab5block|sseg1:inst1|lpm_mux:Mux2|mux_joc:auto_generated|_~78             ; out0             ;
; |Lab5block|sseg1:inst1|lpm_mux:Mux2|mux_joc:auto_generated|_~79             ; |Lab5block|sseg1:inst1|lpm_mux:Mux2|mux_joc:auto_generated|_~79             ; out0             ;
; |Lab5block|sseg1:inst1|lpm_mux:Mux2|mux_joc:auto_generated|_~80             ; |Lab5block|sseg1:inst1|lpm_mux:Mux2|mux_joc:auto_generated|_~80             ; out0             ;
; |Lab5block|sseg1:inst1|lpm_mux:Mux2|mux_joc:auto_generated|_~81             ; |Lab5block|sseg1:inst1|lpm_mux:Mux2|mux_joc:auto_generated|_~81             ; out0             ;
; |Lab5block|sseg1:inst1|lpm_mux:Mux2|mux_joc:auto_generated|_~83             ; |Lab5block|sseg1:inst1|lpm_mux:Mux2|mux_joc:auto_generated|_~83             ; out0             ;
; |Lab5block|sseg1:inst1|lpm_mux:Mux2|mux_joc:auto_generated|_~85             ; |Lab5block|sseg1:inst1|lpm_mux:Mux2|mux_joc:auto_generated|_~85             ; out0             ;
; |Lab5block|sseg1:inst1|lpm_mux:Mux2|mux_joc:auto_generated|_~87             ; |Lab5block|sseg1:inst1|lpm_mux:Mux2|mux_joc:auto_generated|_~87             ; out0             ;
; |Lab5block|sseg1:inst1|lpm_mux:Mux2|mux_joc:auto_generated|_~88             ; |Lab5block|sseg1:inst1|lpm_mux:Mux2|mux_joc:auto_generated|_~88             ; out0             ;
; |Lab5block|sseg1:inst1|lpm_mux:Mux2|mux_joc:auto_generated|_~90             ; |Lab5block|sseg1:inst1|lpm_mux:Mux2|mux_joc:auto_generated|_~90             ; out0             ;
; |Lab5block|sseg1:inst1|lpm_mux:Mux2|mux_joc:auto_generated|_~91             ; |Lab5block|sseg1:inst1|lpm_mux:Mux2|mux_joc:auto_generated|_~91             ; out0             ;
; |Lab5block|sseg1:inst1|lpm_mux:Mux2|mux_joc:auto_generated|_~92             ; |Lab5block|sseg1:inst1|lpm_mux:Mux2|mux_joc:auto_generated|_~92             ; out0             ;
; |Lab5block|sseg1:inst1|lpm_mux:Mux2|mux_joc:auto_generated|_~94             ; |Lab5block|sseg1:inst1|lpm_mux:Mux2|mux_joc:auto_generated|_~94             ; out0             ;
; |Lab5block|sseg1:inst1|lpm_mux:Mux2|mux_joc:auto_generated|_~96             ; |Lab5block|sseg1:inst1|lpm_mux:Mux2|mux_joc:auto_generated|_~96             ; out0             ;
; |Lab5block|sseg1:inst1|lpm_mux:Mux2|mux_joc:auto_generated|_~97             ; |Lab5block|sseg1:inst1|lpm_mux:Mux2|mux_joc:auto_generated|_~97             ; out0             ;
; |Lab5block|sseg1:inst1|lpm_mux:Mux2|mux_joc:auto_generated|_~99             ; |Lab5block|sseg1:inst1|lpm_mux:Mux2|mux_joc:auto_generated|_~99             ; out0             ;
; |Lab5block|sseg1:inst1|lpm_mux:Mux2|mux_joc:auto_generated|_~101            ; |Lab5block|sseg1:inst1|lpm_mux:Mux2|mux_joc:auto_generated|_~101            ; out0             ;
; |Lab5block|sseg1:inst1|lpm_mux:Mux2|mux_joc:auto_generated|_~103            ; |Lab5block|sseg1:inst1|lpm_mux:Mux2|mux_joc:auto_generated|_~103            ; out0             ;
; |Lab5block|sseg1:inst1|lpm_mux:Mux2|mux_joc:auto_generated|_~104            ; |Lab5block|sseg1:inst1|lpm_mux:Mux2|mux_joc:auto_generated|_~104            ; out0             ;
; |Lab5block|sseg1:inst1|lpm_mux:Mux2|mux_joc:auto_generated|_~105            ; |Lab5block|sseg1:inst1|lpm_mux:Mux2|mux_joc:auto_generated|_~105            ; out0             ;
; |Lab5block|sseg1:inst1|lpm_mux:Mux2|mux_joc:auto_generated|_~106            ; |Lab5block|sseg1:inst1|lpm_mux:Mux2|mux_joc:auto_generated|_~106            ; out0             ;
; |Lab5block|sseg1:inst1|lpm_mux:Mux2|mux_joc:auto_generated|_~108            ; |Lab5block|sseg1:inst1|lpm_mux:Mux2|mux_joc:auto_generated|_~108            ; out0             ;
; |Lab5block|sseg1:inst1|lpm_mux:Mux2|mux_joc:auto_generated|_~110            ; |Lab5block|sseg1:inst1|lpm_mux:Mux2|mux_joc:auto_generated|_~110            ; out0             ;
; |Lab5block|sseg1:inst1|lpm_mux:Mux2|mux_joc:auto_generated|_~112            ; |Lab5block|sseg1:inst1|lpm_mux:Mux2|mux_joc:auto_generated|_~112            ; out0             ;
; |Lab5block|sseg1:inst1|lpm_mux:Mux2|mux_joc:auto_generated|_~113            ; |Lab5block|sseg1:inst1|lpm_mux:Mux2|mux_joc:auto_generated|_~113            ; out0             ;
; |Lab5block|sseg1:inst1|lpm_mux:Mux2|mux_joc:auto_generated|_~116            ; |Lab5block|sseg1:inst1|lpm_mux:Mux2|mux_joc:auto_generated|_~116            ; out0             ;
; |Lab5block|sseg1:inst1|lpm_mux:Mux2|mux_joc:auto_generated|_~117            ; |Lab5block|sseg1:inst1|lpm_mux:Mux2|mux_joc:auto_generated|_~117            ; out0             ;
; |Lab5block|sseg1:inst1|lpm_mux:Mux2|mux_joc:auto_generated|_~123            ; |Lab5block|sseg1:inst1|lpm_mux:Mux2|mux_joc:auto_generated|_~123            ; out0             ;
; |Lab5block|sseg1:inst1|lpm_mux:Mux2|mux_joc:auto_generated|_~125            ; |Lab5block|sseg1:inst1|lpm_mux:Mux2|mux_joc:auto_generated|_~125            ; out0             ;
; |Lab5block|sseg1:inst1|lpm_mux:Mux2|mux_joc:auto_generated|_~127            ; |Lab5block|sseg1:inst1|lpm_mux:Mux2|mux_joc:auto_generated|_~127            ; out0             ;
; |Lab5block|sseg1:inst1|lpm_mux:Mux2|mux_joc:auto_generated|_~128            ; |Lab5block|sseg1:inst1|lpm_mux:Mux2|mux_joc:auto_generated|_~128            ; out0             ;
; |Lab5block|sseg1:inst1|lpm_mux:Mux2|mux_joc:auto_generated|_~129            ; |Lab5block|sseg1:inst1|lpm_mux:Mux2|mux_joc:auto_generated|_~129            ; out0             ;
; |Lab5block|sseg1:inst1|lpm_mux:Mux2|mux_joc:auto_generated|_~132            ; |Lab5block|sseg1:inst1|lpm_mux:Mux2|mux_joc:auto_generated|_~132            ; out0             ;
; |Lab5block|sseg1:inst1|lpm_mux:Mux2|mux_joc:auto_generated|_~134            ; |Lab5block|sseg1:inst1|lpm_mux:Mux2|mux_joc:auto_generated|_~134            ; out0             ;
; |Lab5block|sseg1:inst1|lpm_mux:Mux2|mux_joc:auto_generated|_~136            ; |Lab5block|sseg1:inst1|lpm_mux:Mux2|mux_joc:auto_generated|_~136            ; out0             ;
; |Lab5block|sseg1:inst1|lpm_mux:Mux2|mux_joc:auto_generated|_~137            ; |Lab5block|sseg1:inst1|lpm_mux:Mux2|mux_joc:auto_generated|_~137            ; out0             ;
; |Lab5block|sseg1:inst1|lpm_mux:Mux2|mux_joc:auto_generated|_~139            ; |Lab5block|sseg1:inst1|lpm_mux:Mux2|mux_joc:auto_generated|_~139            ; out0             ;
; |Lab5block|sseg1:inst1|lpm_mux:Mux2|mux_joc:auto_generated|_~140            ; |Lab5block|sseg1:inst1|lpm_mux:Mux2|mux_joc:auto_generated|_~140            ; out0             ;
; |Lab5block|sseg1:inst1|lpm_mux:Mux2|mux_joc:auto_generated|result_node[0]~1 ; |Lab5block|sseg1:inst1|lpm_mux:Mux2|mux_joc:auto_generated|result_node[0]~1 ; out0             ;
; |Lab5block|sseg1:inst1|lpm_mux:Mux2|mux_joc:auto_generated|result_node[0]   ; |Lab5block|sseg1:inst1|lpm_mux:Mux2|mux_joc:auto_generated|result_node[0]   ; out0             ;
; |Lab5block|sseg1:inst1|lpm_mux:Mux1|mux_joc:auto_generated|_~0              ; |Lab5block|sseg1:inst1|lpm_mux:Mux1|mux_joc:auto_generated|_~0              ; out0             ;
; |Lab5block|sseg1:inst1|lpm_mux:Mux1|mux_joc:auto_generated|_~6              ; |Lab5block|sseg1:inst1|lpm_mux:Mux1|mux_joc:auto_generated|_~6              ; out0             ;
; |Lab5block|sseg1:inst1|lpm_mux:Mux1|mux_joc:auto_generated|_~9              ; |Lab5block|sseg1:inst1|lpm_mux:Mux1|mux_joc:auto_generated|_~9              ; out0             ;
; |Lab5block|sseg1:inst1|lpm_mux:Mux1|mux_joc:auto_generated|_~15             ; |Lab5block|sseg1:inst1|lpm_mux:Mux1|mux_joc:auto_generated|_~15             ; out0             ;
; |Lab5block|sseg1:inst1|lpm_mux:Mux1|mux_joc:auto_generated|_~18             ; |Lab5block|sseg1:inst1|lpm_mux:Mux1|mux_joc:auto_generated|_~18             ; out0             ;
; |Lab5block|sseg1:inst1|lpm_mux:Mux1|mux_joc:auto_generated|_~22             ; |Lab5block|sseg1:inst1|lpm_mux:Mux1|mux_joc:auto_generated|_~22             ; out0             ;
; |Lab5block|sseg1:inst1|lpm_mux:Mux1|mux_joc:auto_generated|_~24             ; |Lab5block|sseg1:inst1|lpm_mux:Mux1|mux_joc:auto_generated|_~24             ; out0             ;
; |Lab5block|sseg1:inst1|lpm_mux:Mux1|mux_joc:auto_generated|_~26             ; |Lab5block|sseg1:inst1|lpm_mux:Mux1|mux_joc:auto_generated|_~26             ; out0             ;
; |Lab5block|sseg1:inst1|lpm_mux:Mux1|mux_joc:auto_generated|_~28             ; |Lab5block|sseg1:inst1|lpm_mux:Mux1|mux_joc:auto_generated|_~28             ; out0             ;
; |Lab5block|sseg1:inst1|lpm_mux:Mux1|mux_joc:auto_generated|_~29             ; |Lab5block|sseg1:inst1|lpm_mux:Mux1|mux_joc:auto_generated|_~29             ; out0             ;
; |Lab5block|sseg1:inst1|lpm_mux:Mux1|mux_joc:auto_generated|_~30             ; |Lab5block|sseg1:inst1|lpm_mux:Mux1|mux_joc:auto_generated|_~30             ; out0             ;
; |Lab5block|sseg1:inst1|lpm_mux:Mux1|mux_joc:auto_generated|_~31             ; |Lab5block|sseg1:inst1|lpm_mux:Mux1|mux_joc:auto_generated|_~31             ; out0             ;
; |Lab5block|sseg1:inst1|lpm_mux:Mux1|mux_joc:auto_generated|_~33             ; |Lab5block|sseg1:inst1|lpm_mux:Mux1|mux_joc:auto_generated|_~33             ; out0             ;
; |Lab5block|sseg1:inst1|lpm_mux:Mux1|mux_joc:auto_generated|_~35             ; |Lab5block|sseg1:inst1|lpm_mux:Mux1|mux_joc:auto_generated|_~35             ; out0             ;
; |Lab5block|sseg1:inst1|lpm_mux:Mux1|mux_joc:auto_generated|_~37             ; |Lab5block|sseg1:inst1|lpm_mux:Mux1|mux_joc:auto_generated|_~37             ; out0             ;
; |Lab5block|sseg1:inst1|lpm_mux:Mux1|mux_joc:auto_generated|_~38             ; |Lab5block|sseg1:inst1|lpm_mux:Mux1|mux_joc:auto_generated|_~38             ; out0             ;
; |Lab5block|sseg1:inst1|lpm_mux:Mux1|mux_joc:auto_generated|_~41             ; |Lab5block|sseg1:inst1|lpm_mux:Mux1|mux_joc:auto_generated|_~41             ; out0             ;
; |Lab5block|sseg1:inst1|lpm_mux:Mux1|mux_joc:auto_generated|_~42             ; |Lab5block|sseg1:inst1|lpm_mux:Mux1|mux_joc:auto_generated|_~42             ; out0             ;
; |Lab5block|sseg1:inst1|lpm_mux:Mux1|mux_joc:auto_generated|_~44             ; |Lab5block|sseg1:inst1|lpm_mux:Mux1|mux_joc:auto_generated|_~44             ; out0             ;
; |Lab5block|sseg1:inst1|lpm_mux:Mux1|mux_joc:auto_generated|_~46             ; |Lab5block|sseg1:inst1|lpm_mux:Mux1|mux_joc:auto_generated|_~46             ; out0             ;
; |Lab5block|sseg1:inst1|lpm_mux:Mux1|mux_joc:auto_generated|_~47             ; |Lab5block|sseg1:inst1|lpm_mux:Mux1|mux_joc:auto_generated|_~47             ; out0             ;
; |Lab5block|sseg1:inst1|lpm_mux:Mux1|mux_joc:auto_generated|_~49             ; |Lab5block|sseg1:inst1|lpm_mux:Mux1|mux_joc:auto_generated|_~49             ; out0             ;
; |Lab5block|sseg1:inst1|lpm_mux:Mux1|mux_joc:auto_generated|_~51             ; |Lab5block|sseg1:inst1|lpm_mux:Mux1|mux_joc:auto_generated|_~51             ; out0             ;
; |Lab5block|sseg1:inst1|lpm_mux:Mux1|mux_joc:auto_generated|_~52             ; |Lab5block|sseg1:inst1|lpm_mux:Mux1|mux_joc:auto_generated|_~52             ; out0             ;
; |Lab5block|sseg1:inst1|lpm_mux:Mux1|mux_joc:auto_generated|_~56             ; |Lab5block|sseg1:inst1|lpm_mux:Mux1|mux_joc:auto_generated|_~56             ; out0             ;
; |Lab5block|sseg1:inst1|lpm_mux:Mux1|mux_joc:auto_generated|_~58             ; |Lab5block|sseg1:inst1|lpm_mux:Mux1|mux_joc:auto_generated|_~58             ; out0             ;
; |Lab5block|sseg1:inst1|lpm_mux:Mux1|mux_joc:auto_generated|_~60             ; |Lab5block|sseg1:inst1|lpm_mux:Mux1|mux_joc:auto_generated|_~60             ; out0             ;
; |Lab5block|sseg1:inst1|lpm_mux:Mux1|mux_joc:auto_generated|_~61             ; |Lab5block|sseg1:inst1|lpm_mux:Mux1|mux_joc:auto_generated|_~61             ; out0             ;
; |Lab5block|sseg1:inst1|lpm_mux:Mux1|mux_joc:auto_generated|_~72             ; |Lab5block|sseg1:inst1|lpm_mux:Mux1|mux_joc:auto_generated|_~72             ; out0             ;
; |Lab5block|sseg1:inst1|lpm_mux:Mux1|mux_joc:auto_generated|_~74             ; |Lab5block|sseg1:inst1|lpm_mux:Mux1|mux_joc:auto_generated|_~74             ; out0             ;
; |Lab5block|sseg1:inst1|lpm_mux:Mux1|mux_joc:auto_generated|_~76             ; |Lab5block|sseg1:inst1|lpm_mux:Mux1|mux_joc:auto_generated|_~76             ; out0             ;
; |Lab5block|sseg1:inst1|lpm_mux:Mux1|mux_joc:auto_generated|_~78             ; |Lab5block|sseg1:inst1|lpm_mux:Mux1|mux_joc:auto_generated|_~78             ; out0             ;
; |Lab5block|sseg1:inst1|lpm_mux:Mux1|mux_joc:auto_generated|_~79             ; |Lab5block|sseg1:inst1|lpm_mux:Mux1|mux_joc:auto_generated|_~79             ; out0             ;
; |Lab5block|sseg1:inst1|lpm_mux:Mux1|mux_joc:auto_generated|_~80             ; |Lab5block|sseg1:inst1|lpm_mux:Mux1|mux_joc:auto_generated|_~80             ; out0             ;
; |Lab5block|sseg1:inst1|lpm_mux:Mux1|mux_joc:auto_generated|_~81             ; |Lab5block|sseg1:inst1|lpm_mux:Mux1|mux_joc:auto_generated|_~81             ; out0             ;
; |Lab5block|sseg1:inst1|lpm_mux:Mux1|mux_joc:auto_generated|_~83             ; |Lab5block|sseg1:inst1|lpm_mux:Mux1|mux_joc:auto_generated|_~83             ; out0             ;
; |Lab5block|sseg1:inst1|lpm_mux:Mux1|mux_joc:auto_generated|_~85             ; |Lab5block|sseg1:inst1|lpm_mux:Mux1|mux_joc:auto_generated|_~85             ; out0             ;
; |Lab5block|sseg1:inst1|lpm_mux:Mux1|mux_joc:auto_generated|_~87             ; |Lab5block|sseg1:inst1|lpm_mux:Mux1|mux_joc:auto_generated|_~87             ; out0             ;
; |Lab5block|sseg1:inst1|lpm_mux:Mux1|mux_joc:auto_generated|_~88             ; |Lab5block|sseg1:inst1|lpm_mux:Mux1|mux_joc:auto_generated|_~88             ; out0             ;
; |Lab5block|sseg1:inst1|lpm_mux:Mux1|mux_joc:auto_generated|_~91             ; |Lab5block|sseg1:inst1|lpm_mux:Mux1|mux_joc:auto_generated|_~91             ; out0             ;
; |Lab5block|sseg1:inst1|lpm_mux:Mux1|mux_joc:auto_generated|_~92             ; |Lab5block|sseg1:inst1|lpm_mux:Mux1|mux_joc:auto_generated|_~92             ; out0             ;
; |Lab5block|sseg1:inst1|lpm_mux:Mux1|mux_joc:auto_generated|_~94             ; |Lab5block|sseg1:inst1|lpm_mux:Mux1|mux_joc:auto_generated|_~94             ; out0             ;
; |Lab5block|sseg1:inst1|lpm_mux:Mux1|mux_joc:auto_generated|_~96             ; |Lab5block|sseg1:inst1|lpm_mux:Mux1|mux_joc:auto_generated|_~96             ; out0             ;
; |Lab5block|sseg1:inst1|lpm_mux:Mux1|mux_joc:auto_generated|_~97             ; |Lab5block|sseg1:inst1|lpm_mux:Mux1|mux_joc:auto_generated|_~97             ; out0             ;
; |Lab5block|sseg1:inst1|lpm_mux:Mux1|mux_joc:auto_generated|_~99             ; |Lab5block|sseg1:inst1|lpm_mux:Mux1|mux_joc:auto_generated|_~99             ; out0             ;
; |Lab5block|sseg1:inst1|lpm_mux:Mux1|mux_joc:auto_generated|_~101            ; |Lab5block|sseg1:inst1|lpm_mux:Mux1|mux_joc:auto_generated|_~101            ; out0             ;
; |Lab5block|sseg1:inst1|lpm_mux:Mux1|mux_joc:auto_generated|_~102            ; |Lab5block|sseg1:inst1|lpm_mux:Mux1|mux_joc:auto_generated|_~102            ; out0             ;
; |Lab5block|sseg1:inst1|lpm_mux:Mux1|mux_joc:auto_generated|_~106            ; |Lab5block|sseg1:inst1|lpm_mux:Mux1|mux_joc:auto_generated|_~106            ; out0             ;
; |Lab5block|sseg1:inst1|lpm_mux:Mux1|mux_joc:auto_generated|_~108            ; |Lab5block|sseg1:inst1|lpm_mux:Mux1|mux_joc:auto_generated|_~108            ; out0             ;
; |Lab5block|sseg1:inst1|lpm_mux:Mux1|mux_joc:auto_generated|_~110            ; |Lab5block|sseg1:inst1|lpm_mux:Mux1|mux_joc:auto_generated|_~110            ; out0             ;
; |Lab5block|sseg1:inst1|lpm_mux:Mux1|mux_joc:auto_generated|_~111            ; |Lab5block|sseg1:inst1|lpm_mux:Mux1|mux_joc:auto_generated|_~111            ; out0             ;
; |Lab5block|sseg1:inst1|lpm_mux:Mux1|mux_joc:auto_generated|_~123            ; |Lab5block|sseg1:inst1|lpm_mux:Mux1|mux_joc:auto_generated|_~123            ; out0             ;
; |Lab5block|sseg1:inst1|lpm_mux:Mux1|mux_joc:auto_generated|_~125            ; |Lab5block|sseg1:inst1|lpm_mux:Mux1|mux_joc:auto_generated|_~125            ; out0             ;
; |Lab5block|sseg1:inst1|lpm_mux:Mux1|mux_joc:auto_generated|_~127            ; |Lab5block|sseg1:inst1|lpm_mux:Mux1|mux_joc:auto_generated|_~127            ; out0             ;
; |Lab5block|sseg1:inst1|lpm_mux:Mux1|mux_joc:auto_generated|_~128            ; |Lab5block|sseg1:inst1|lpm_mux:Mux1|mux_joc:auto_generated|_~128            ; out0             ;
; |Lab5block|sseg1:inst1|lpm_mux:Mux1|mux_joc:auto_generated|_~129            ; |Lab5block|sseg1:inst1|lpm_mux:Mux1|mux_joc:auto_generated|_~129            ; out0             ;
; |Lab5block|sseg1:inst1|lpm_mux:Mux1|mux_joc:auto_generated|_~132            ; |Lab5block|sseg1:inst1|lpm_mux:Mux1|mux_joc:auto_generated|_~132            ; out0             ;
; |Lab5block|sseg1:inst1|lpm_mux:Mux1|mux_joc:auto_generated|_~134            ; |Lab5block|sseg1:inst1|lpm_mux:Mux1|mux_joc:auto_generated|_~134            ; out0             ;
; |Lab5block|sseg1:inst1|lpm_mux:Mux1|mux_joc:auto_generated|_~136            ; |Lab5block|sseg1:inst1|lpm_mux:Mux1|mux_joc:auto_generated|_~136            ; out0             ;
; |Lab5block|sseg1:inst1|lpm_mux:Mux1|mux_joc:auto_generated|_~137            ; |Lab5block|sseg1:inst1|lpm_mux:Mux1|mux_joc:auto_generated|_~137            ; out0             ;
; |Lab5block|sseg1:inst1|lpm_mux:Mux1|mux_joc:auto_generated|_~139            ; |Lab5block|sseg1:inst1|lpm_mux:Mux1|mux_joc:auto_generated|_~139            ; out0             ;
; |Lab5block|sseg1:inst1|lpm_mux:Mux1|mux_joc:auto_generated|_~140            ; |Lab5block|sseg1:inst1|lpm_mux:Mux1|mux_joc:auto_generated|_~140            ; out0             ;
; |Lab5block|sseg1:inst1|lpm_mux:Mux1|mux_joc:auto_generated|result_node[0]~1 ; |Lab5block|sseg1:inst1|lpm_mux:Mux1|mux_joc:auto_generated|result_node[0]~1 ; out0             ;
; |Lab5block|sseg1:inst1|lpm_mux:Mux0|mux_joc:auto_generated|_~2              ; |Lab5block|sseg1:inst1|lpm_mux:Mux0|mux_joc:auto_generated|_~2              ; out0             ;
; |Lab5block|sseg1:inst1|lpm_mux:Mux0|mux_joc:auto_generated|_~4              ; |Lab5block|sseg1:inst1|lpm_mux:Mux0|mux_joc:auto_generated|_~4              ; out0             ;
; |Lab5block|sseg1:inst1|lpm_mux:Mux0|mux_joc:auto_generated|_~6              ; |Lab5block|sseg1:inst1|lpm_mux:Mux0|mux_joc:auto_generated|_~6              ; out0             ;
; |Lab5block|sseg1:inst1|lpm_mux:Mux0|mux_joc:auto_generated|_~7              ; |Lab5block|sseg1:inst1|lpm_mux:Mux0|mux_joc:auto_generated|_~7              ; out0             ;
; |Lab5block|sseg1:inst1|lpm_mux:Mux0|mux_joc:auto_generated|_~8              ; |Lab5block|sseg1:inst1|lpm_mux:Mux0|mux_joc:auto_generated|_~8              ; out0             ;
; |Lab5block|sseg1:inst1|lpm_mux:Mux0|mux_joc:auto_generated|_~11             ; |Lab5block|sseg1:inst1|lpm_mux:Mux0|mux_joc:auto_generated|_~11             ; out0             ;
; |Lab5block|sseg1:inst1|lpm_mux:Mux0|mux_joc:auto_generated|_~13             ; |Lab5block|sseg1:inst1|lpm_mux:Mux0|mux_joc:auto_generated|_~13             ; out0             ;
; |Lab5block|sseg1:inst1|lpm_mux:Mux0|mux_joc:auto_generated|_~15             ; |Lab5block|sseg1:inst1|lpm_mux:Mux0|mux_joc:auto_generated|_~15             ; out0             ;
; |Lab5block|sseg1:inst1|lpm_mux:Mux0|mux_joc:auto_generated|_~16             ; |Lab5block|sseg1:inst1|lpm_mux:Mux0|mux_joc:auto_generated|_~16             ; out0             ;
; |Lab5block|sseg1:inst1|lpm_mux:Mux0|mux_joc:auto_generated|_~19             ; |Lab5block|sseg1:inst1|lpm_mux:Mux0|mux_joc:auto_generated|_~19             ; out0             ;
; |Lab5block|sseg1:inst1|lpm_mux:Mux0|mux_joc:auto_generated|_~21             ; |Lab5block|sseg1:inst1|lpm_mux:Mux0|mux_joc:auto_generated|_~21             ; out0             ;
; |Lab5block|sseg1:inst1|lpm_mux:Mux0|mux_joc:auto_generated|_~22             ; |Lab5block|sseg1:inst1|lpm_mux:Mux0|mux_joc:auto_generated|_~22             ; out0             ;
; |Lab5block|sseg1:inst1|lpm_mux:Mux0|mux_joc:auto_generated|_~28             ; |Lab5block|sseg1:inst1|lpm_mux:Mux0|mux_joc:auto_generated|_~28             ; out0             ;
; |Lab5block|sseg1:inst1|lpm_mux:Mux0|mux_joc:auto_generated|_~31             ; |Lab5block|sseg1:inst1|lpm_mux:Mux0|mux_joc:auto_generated|_~31             ; out0             ;
; |Lab5block|sseg1:inst1|lpm_mux:Mux0|mux_joc:auto_generated|_~37             ; |Lab5block|sseg1:inst1|lpm_mux:Mux0|mux_joc:auto_generated|_~37             ; out0             ;
; |Lab5block|sseg1:inst1|lpm_mux:Mux0|mux_joc:auto_generated|_~47             ; |Lab5block|sseg1:inst1|lpm_mux:Mux0|mux_joc:auto_generated|_~47             ; out0             ;
; |Lab5block|sseg1:inst1|lpm_mux:Mux0|mux_joc:auto_generated|_~49             ; |Lab5block|sseg1:inst1|lpm_mux:Mux0|mux_joc:auto_generated|_~49             ; out0             ;
; |Lab5block|sseg1:inst1|lpm_mux:Mux0|mux_joc:auto_generated|_~51             ; |Lab5block|sseg1:inst1|lpm_mux:Mux0|mux_joc:auto_generated|_~51             ; out0             ;
; |Lab5block|sseg1:inst1|lpm_mux:Mux0|mux_joc:auto_generated|_~52             ; |Lab5block|sseg1:inst1|lpm_mux:Mux0|mux_joc:auto_generated|_~52             ; out0             ;
; |Lab5block|sseg1:inst1|lpm_mux:Mux0|mux_joc:auto_generated|_~56             ; |Lab5block|sseg1:inst1|lpm_mux:Mux0|mux_joc:auto_generated|_~56             ; out0             ;
; |Lab5block|sseg1:inst1|lpm_mux:Mux0|mux_joc:auto_generated|_~58             ; |Lab5block|sseg1:inst1|lpm_mux:Mux0|mux_joc:auto_generated|_~58             ; out0             ;
; |Lab5block|sseg1:inst1|lpm_mux:Mux0|mux_joc:auto_generated|_~60             ; |Lab5block|sseg1:inst1|lpm_mux:Mux0|mux_joc:auto_generated|_~60             ; out0             ;
; |Lab5block|sseg1:inst1|lpm_mux:Mux0|mux_joc:auto_generated|_~61             ; |Lab5block|sseg1:inst1|lpm_mux:Mux0|mux_joc:auto_generated|_~61             ; out0             ;
; |Lab5block|sseg1:inst1|lpm_mux:Mux0|mux_joc:auto_generated|result_node[0]~0 ; |Lab5block|sseg1:inst1|lpm_mux:Mux0|mux_joc:auto_generated|result_node[0]~0 ; out0             ;
; |Lab5block|sseg1:inst1|lpm_mux:Mux0|mux_joc:auto_generated|_~72             ; |Lab5block|sseg1:inst1|lpm_mux:Mux0|mux_joc:auto_generated|_~72             ; out0             ;
; |Lab5block|sseg1:inst1|lpm_mux:Mux0|mux_joc:auto_generated|_~78             ; |Lab5block|sseg1:inst1|lpm_mux:Mux0|mux_joc:auto_generated|_~78             ; out0             ;
; |Lab5block|sseg1:inst1|lpm_mux:Mux0|mux_joc:auto_generated|_~81             ; |Lab5block|sseg1:inst1|lpm_mux:Mux0|mux_joc:auto_generated|_~81             ; out0             ;
; |Lab5block|sseg1:inst1|lpm_mux:Mux0|mux_joc:auto_generated|_~87             ; |Lab5block|sseg1:inst1|lpm_mux:Mux0|mux_joc:auto_generated|_~87             ; out0             ;
; |Lab5block|sseg1:inst1|lpm_mux:Mux0|mux_joc:auto_generated|_~97             ; |Lab5block|sseg1:inst1|lpm_mux:Mux0|mux_joc:auto_generated|_~97             ; out0             ;
; |Lab5block|sseg1:inst1|lpm_mux:Mux0|mux_joc:auto_generated|_~99             ; |Lab5block|sseg1:inst1|lpm_mux:Mux0|mux_joc:auto_generated|_~99             ; out0             ;
; |Lab5block|sseg1:inst1|lpm_mux:Mux0|mux_joc:auto_generated|_~101            ; |Lab5block|sseg1:inst1|lpm_mux:Mux0|mux_joc:auto_generated|_~101            ; out0             ;
; |Lab5block|sseg1:inst1|lpm_mux:Mux0|mux_joc:auto_generated|_~102            ; |Lab5block|sseg1:inst1|lpm_mux:Mux0|mux_joc:auto_generated|_~102            ; out0             ;
; |Lab5block|sseg1:inst1|lpm_mux:Mux0|mux_joc:auto_generated|_~106            ; |Lab5block|sseg1:inst1|lpm_mux:Mux0|mux_joc:auto_generated|_~106            ; out0             ;
; |Lab5block|sseg1:inst1|lpm_mux:Mux0|mux_joc:auto_generated|_~108            ; |Lab5block|sseg1:inst1|lpm_mux:Mux0|mux_joc:auto_generated|_~108            ; out0             ;
; |Lab5block|sseg1:inst1|lpm_mux:Mux0|mux_joc:auto_generated|_~110            ; |Lab5block|sseg1:inst1|lpm_mux:Mux0|mux_joc:auto_generated|_~110            ; out0             ;
; |Lab5block|sseg1:inst1|lpm_mux:Mux0|mux_joc:auto_generated|_~111            ; |Lab5block|sseg1:inst1|lpm_mux:Mux0|mux_joc:auto_generated|_~111            ; out0             ;
; |Lab5block|sseg1:inst1|lpm_mux:Mux0|mux_joc:auto_generated|_~121            ; |Lab5block|sseg1:inst1|lpm_mux:Mux0|mux_joc:auto_generated|_~121            ; out0             ;
; |Lab5block|sseg1:inst1|lpm_mux:Mux0|mux_joc:auto_generated|_~127            ; |Lab5block|sseg1:inst1|lpm_mux:Mux0|mux_joc:auto_generated|_~127            ; out0             ;
; |Lab5block|sseg1:inst1|lpm_mux:Mux0|mux_joc:auto_generated|_~130            ; |Lab5block|sseg1:inst1|lpm_mux:Mux0|mux_joc:auto_generated|_~130            ; out0             ;
; |Lab5block|sseg1:inst1|lpm_mux:Mux0|mux_joc:auto_generated|_~136            ; |Lab5block|sseg1:inst1|lpm_mux:Mux0|mux_joc:auto_generated|_~136            ; out0             ;
; |Lab5block|sseg1:inst1|lpm_mux:Mux0|mux_joc:auto_generated|_~143            ; |Lab5block|sseg1:inst1|lpm_mux:Mux0|mux_joc:auto_generated|_~143            ; out0             ;
; |Lab5block|sseg2:inst2|lpm_mux:Mux6|mux_joc:auto_generated|_~0              ; |Lab5block|sseg2:inst2|lpm_mux:Mux6|mux_joc:auto_generated|_~0              ; out0             ;
; |Lab5block|sseg2:inst2|lpm_mux:Mux6|mux_joc:auto_generated|_~2              ; |Lab5block|sseg2:inst2|lpm_mux:Mux6|mux_joc:auto_generated|_~2              ; out0             ;
; |Lab5block|sseg2:inst2|lpm_mux:Mux6|mux_joc:auto_generated|_~4              ; |Lab5block|sseg2:inst2|lpm_mux:Mux6|mux_joc:auto_generated|_~4              ; out0             ;
; |Lab5block|sseg2:inst2|lpm_mux:Mux6|mux_joc:auto_generated|_~9              ; |Lab5block|sseg2:inst2|lpm_mux:Mux6|mux_joc:auto_generated|_~9              ; out0             ;
; |Lab5block|sseg2:inst2|lpm_mux:Mux6|mux_joc:auto_generated|_~11             ; |Lab5block|sseg2:inst2|lpm_mux:Mux6|mux_joc:auto_generated|_~11             ; out0             ;
; |Lab5block|sseg2:inst2|lpm_mux:Mux6|mux_joc:auto_generated|_~13             ; |Lab5block|sseg2:inst2|lpm_mux:Mux6|mux_joc:auto_generated|_~13             ; out0             ;
; |Lab5block|sseg2:inst2|lpm_mux:Mux6|mux_joc:auto_generated|_~18             ; |Lab5block|sseg2:inst2|lpm_mux:Mux6|mux_joc:auto_generated|_~18             ; out0             ;
; |Lab5block|sseg2:inst2|lpm_mux:Mux6|mux_joc:auto_generated|_~47             ; |Lab5block|sseg2:inst2|lpm_mux:Mux6|mux_joc:auto_generated|_~47             ; out0             ;
; |Lab5block|sseg2:inst2|lpm_mux:Mux6|mux_joc:auto_generated|_~49             ; |Lab5block|sseg2:inst2|lpm_mux:Mux6|mux_joc:auto_generated|_~49             ; out0             ;
; |Lab5block|sseg2:inst2|lpm_mux:Mux6|mux_joc:auto_generated|_~51             ; |Lab5block|sseg2:inst2|lpm_mux:Mux6|mux_joc:auto_generated|_~51             ; out0             ;
; |Lab5block|sseg2:inst2|lpm_mux:Mux6|mux_joc:auto_generated|_~56             ; |Lab5block|sseg2:inst2|lpm_mux:Mux6|mux_joc:auto_generated|_~56             ; out0             ;
; |Lab5block|sseg2:inst2|lpm_mux:Mux6|mux_joc:auto_generated|_~58             ; |Lab5block|sseg2:inst2|lpm_mux:Mux6|mux_joc:auto_generated|_~58             ; out0             ;
; |Lab5block|sseg2:inst2|lpm_mux:Mux6|mux_joc:auto_generated|_~60             ; |Lab5block|sseg2:inst2|lpm_mux:Mux6|mux_joc:auto_generated|_~60             ; out0             ;
; |Lab5block|sseg2:inst2|lpm_mux:Mux6|mux_joc:auto_generated|_~66             ; |Lab5block|sseg2:inst2|lpm_mux:Mux6|mux_joc:auto_generated|_~66             ; out0             ;
; |Lab5block|sseg2:inst2|lpm_mux:Mux6|mux_joc:auto_generated|_~67             ; |Lab5block|sseg2:inst2|lpm_mux:Mux6|mux_joc:auto_generated|_~67             ; out0             ;
; |Lab5block|sseg2:inst2|lpm_mux:Mux6|mux_joc:auto_generated|_~69             ; |Lab5block|sseg2:inst2|lpm_mux:Mux6|mux_joc:auto_generated|_~69             ; out0             ;
; |Lab5block|sseg2:inst2|lpm_mux:Mux6|mux_joc:auto_generated|_~97             ; |Lab5block|sseg2:inst2|lpm_mux:Mux6|mux_joc:auto_generated|_~97             ; out0             ;
; |Lab5block|sseg2:inst2|lpm_mux:Mux6|mux_joc:auto_generated|_~99             ; |Lab5block|sseg2:inst2|lpm_mux:Mux6|mux_joc:auto_generated|_~99             ; out0             ;
; |Lab5block|sseg2:inst2|lpm_mux:Mux6|mux_joc:auto_generated|_~101            ; |Lab5block|sseg2:inst2|lpm_mux:Mux6|mux_joc:auto_generated|_~101            ; out0             ;
; |Lab5block|sseg2:inst2|lpm_mux:Mux6|mux_joc:auto_generated|_~106            ; |Lab5block|sseg2:inst2|lpm_mux:Mux6|mux_joc:auto_generated|_~106            ; out0             ;
; |Lab5block|sseg2:inst2|lpm_mux:Mux6|mux_joc:auto_generated|_~108            ; |Lab5block|sseg2:inst2|lpm_mux:Mux6|mux_joc:auto_generated|_~108            ; out0             ;
; |Lab5block|sseg2:inst2|lpm_mux:Mux6|mux_joc:auto_generated|_~110            ; |Lab5block|sseg2:inst2|lpm_mux:Mux6|mux_joc:auto_generated|_~110            ; out0             ;
; |Lab5block|sseg2:inst2|lpm_mux:Mux6|mux_joc:auto_generated|_~116            ; |Lab5block|sseg2:inst2|lpm_mux:Mux6|mux_joc:auto_generated|_~116            ; out0             ;
; |Lab5block|sseg2:inst2|lpm_mux:Mux6|mux_joc:auto_generated|_~117            ; |Lab5block|sseg2:inst2|lpm_mux:Mux6|mux_joc:auto_generated|_~117            ; out0             ;
; |Lab5block|sseg2:inst2|lpm_mux:Mux6|mux_joc:auto_generated|_~119            ; |Lab5block|sseg2:inst2|lpm_mux:Mux6|mux_joc:auto_generated|_~119            ; out0             ;
; |Lab5block|sseg2:inst2|lpm_mux:Mux6|mux_joc:auto_generated|_~121            ; |Lab5block|sseg2:inst2|lpm_mux:Mux6|mux_joc:auto_generated|_~121            ; out0             ;
; |Lab5block|sseg2:inst2|lpm_mux:Mux6|mux_joc:auto_generated|_~130            ; |Lab5block|sseg2:inst2|lpm_mux:Mux6|mux_joc:auto_generated|_~130            ; out0             ;
; |Lab5block|sseg2:inst2|lpm_mux:Mux6|mux_joc:auto_generated|_~139            ; |Lab5block|sseg2:inst2|lpm_mux:Mux6|mux_joc:auto_generated|_~139            ; out0             ;
; |Lab5block|sseg2:inst2|lpm_mux:Mux5|mux_joc:auto_generated|_~0              ; |Lab5block|sseg2:inst2|lpm_mux:Mux5|mux_joc:auto_generated|_~0              ; out0             ;
; |Lab5block|sseg2:inst2|lpm_mux:Mux5|mux_joc:auto_generated|_~2              ; |Lab5block|sseg2:inst2|lpm_mux:Mux5|mux_joc:auto_generated|_~2              ; out0             ;
; |Lab5block|sseg2:inst2|lpm_mux:Mux5|mux_joc:auto_generated|_~4              ; |Lab5block|sseg2:inst2|lpm_mux:Mux5|mux_joc:auto_generated|_~4              ; out0             ;
; |Lab5block|sseg2:inst2|lpm_mux:Mux5|mux_joc:auto_generated|_~9              ; |Lab5block|sseg2:inst2|lpm_mux:Mux5|mux_joc:auto_generated|_~9              ; out0             ;
; |Lab5block|sseg2:inst2|lpm_mux:Mux5|mux_joc:auto_generated|_~11             ; |Lab5block|sseg2:inst2|lpm_mux:Mux5|mux_joc:auto_generated|_~11             ; out0             ;
; |Lab5block|sseg2:inst2|lpm_mux:Mux5|mux_joc:auto_generated|_~13             ; |Lab5block|sseg2:inst2|lpm_mux:Mux5|mux_joc:auto_generated|_~13             ; out0             ;
; |Lab5block|sseg2:inst2|lpm_mux:Mux5|mux_joc:auto_generated|_~18             ; |Lab5block|sseg2:inst2|lpm_mux:Mux5|mux_joc:auto_generated|_~18             ; out0             ;
; |Lab5block|sseg2:inst2|lpm_mux:Mux5|mux_joc:auto_generated|_~24             ; |Lab5block|sseg2:inst2|lpm_mux:Mux5|mux_joc:auto_generated|_~24             ; out0             ;
; |Lab5block|sseg2:inst2|lpm_mux:Mux5|mux_joc:auto_generated|_~26             ; |Lab5block|sseg2:inst2|lpm_mux:Mux5|mux_joc:auto_generated|_~26             ; out0             ;
; |Lab5block|sseg2:inst2|lpm_mux:Mux5|mux_joc:auto_generated|_~27             ; |Lab5block|sseg2:inst2|lpm_mux:Mux5|mux_joc:auto_generated|_~27             ; out0             ;
; |Lab5block|sseg2:inst2|lpm_mux:Mux5|mux_joc:auto_generated|_~33             ; |Lab5block|sseg2:inst2|lpm_mux:Mux5|mux_joc:auto_generated|_~33             ; out0             ;
; |Lab5block|sseg2:inst2|lpm_mux:Mux5|mux_joc:auto_generated|_~35             ; |Lab5block|sseg2:inst2|lpm_mux:Mux5|mux_joc:auto_generated|_~35             ; out0             ;
; |Lab5block|sseg2:inst2|lpm_mux:Mux5|mux_joc:auto_generated|_~36             ; |Lab5block|sseg2:inst2|lpm_mux:Mux5|mux_joc:auto_generated|_~36             ; out0             ;
; |Lab5block|sseg2:inst2|lpm_mux:Mux5|mux_joc:auto_generated|_~40             ; |Lab5block|sseg2:inst2|lpm_mux:Mux5|mux_joc:auto_generated|_~40             ; out0             ;
; |Lab5block|sseg2:inst2|lpm_mux:Mux5|mux_joc:auto_generated|_~47             ; |Lab5block|sseg2:inst2|lpm_mux:Mux5|mux_joc:auto_generated|_~47             ; out0             ;
; |Lab5block|sseg2:inst2|lpm_mux:Mux5|mux_joc:auto_generated|_~49             ; |Lab5block|sseg2:inst2|lpm_mux:Mux5|mux_joc:auto_generated|_~49             ; out0             ;
; |Lab5block|sseg2:inst2|lpm_mux:Mux5|mux_joc:auto_generated|_~51             ; |Lab5block|sseg2:inst2|lpm_mux:Mux5|mux_joc:auto_generated|_~51             ; out0             ;
; |Lab5block|sseg2:inst2|lpm_mux:Mux5|mux_joc:auto_generated|_~56             ; |Lab5block|sseg2:inst2|lpm_mux:Mux5|mux_joc:auto_generated|_~56             ; out0             ;
; |Lab5block|sseg2:inst2|lpm_mux:Mux5|mux_joc:auto_generated|_~58             ; |Lab5block|sseg2:inst2|lpm_mux:Mux5|mux_joc:auto_generated|_~58             ; out0             ;
; |Lab5block|sseg2:inst2|lpm_mux:Mux5|mux_joc:auto_generated|_~60             ; |Lab5block|sseg2:inst2|lpm_mux:Mux5|mux_joc:auto_generated|_~60             ; out0             ;
; |Lab5block|sseg2:inst2|lpm_mux:Mux5|mux_joc:auto_generated|_~66             ; |Lab5block|sseg2:inst2|lpm_mux:Mux5|mux_joc:auto_generated|_~66             ; out0             ;
; |Lab5block|sseg2:inst2|lpm_mux:Mux5|mux_joc:auto_generated|_~67             ; |Lab5block|sseg2:inst2|lpm_mux:Mux5|mux_joc:auto_generated|_~67             ; out0             ;
; |Lab5block|sseg2:inst2|lpm_mux:Mux5|mux_joc:auto_generated|_~69             ; |Lab5block|sseg2:inst2|lpm_mux:Mux5|mux_joc:auto_generated|_~69             ; out0             ;
; |Lab5block|sseg2:inst2|lpm_mux:Mux5|mux_joc:auto_generated|_~74             ; |Lab5block|sseg2:inst2|lpm_mux:Mux5|mux_joc:auto_generated|_~74             ; out0             ;
; |Lab5block|sseg2:inst2|lpm_mux:Mux5|mux_joc:auto_generated|_~76             ; |Lab5block|sseg2:inst2|lpm_mux:Mux5|mux_joc:auto_generated|_~76             ; out0             ;
; |Lab5block|sseg2:inst2|lpm_mux:Mux5|mux_joc:auto_generated|_~77             ; |Lab5block|sseg2:inst2|lpm_mux:Mux5|mux_joc:auto_generated|_~77             ; out0             ;
; |Lab5block|sseg2:inst2|lpm_mux:Mux5|mux_joc:auto_generated|_~83             ; |Lab5block|sseg2:inst2|lpm_mux:Mux5|mux_joc:auto_generated|_~83             ; out0             ;
; |Lab5block|sseg2:inst2|lpm_mux:Mux5|mux_joc:auto_generated|_~85             ; |Lab5block|sseg2:inst2|lpm_mux:Mux5|mux_joc:auto_generated|_~85             ; out0             ;
; |Lab5block|sseg2:inst2|lpm_mux:Mux5|mux_joc:auto_generated|_~86             ; |Lab5block|sseg2:inst2|lpm_mux:Mux5|mux_joc:auto_generated|_~86             ; out0             ;
; |Lab5block|sseg2:inst2|lpm_mux:Mux5|mux_joc:auto_generated|_~90             ; |Lab5block|sseg2:inst2|lpm_mux:Mux5|mux_joc:auto_generated|_~90             ; out0             ;
; |Lab5block|sseg2:inst2|lpm_mux:Mux5|mux_joc:auto_generated|_~97             ; |Lab5block|sseg2:inst2|lpm_mux:Mux5|mux_joc:auto_generated|_~97             ; out0             ;
; |Lab5block|sseg2:inst2|lpm_mux:Mux5|mux_joc:auto_generated|_~99             ; |Lab5block|sseg2:inst2|lpm_mux:Mux5|mux_joc:auto_generated|_~99             ; out0             ;
; |Lab5block|sseg2:inst2|lpm_mux:Mux5|mux_joc:auto_generated|_~101            ; |Lab5block|sseg2:inst2|lpm_mux:Mux5|mux_joc:auto_generated|_~101            ; out0             ;
; |Lab5block|sseg2:inst2|lpm_mux:Mux5|mux_joc:auto_generated|_~106            ; |Lab5block|sseg2:inst2|lpm_mux:Mux5|mux_joc:auto_generated|_~106            ; out0             ;
; |Lab5block|sseg2:inst2|lpm_mux:Mux5|mux_joc:auto_generated|_~108            ; |Lab5block|sseg2:inst2|lpm_mux:Mux5|mux_joc:auto_generated|_~108            ; out0             ;
; |Lab5block|sseg2:inst2|lpm_mux:Mux5|mux_joc:auto_generated|_~110            ; |Lab5block|sseg2:inst2|lpm_mux:Mux5|mux_joc:auto_generated|_~110            ; out0             ;
; |Lab5block|sseg2:inst2|lpm_mux:Mux5|mux_joc:auto_generated|_~116            ; |Lab5block|sseg2:inst2|lpm_mux:Mux5|mux_joc:auto_generated|_~116            ; out0             ;
; |Lab5block|sseg2:inst2|lpm_mux:Mux5|mux_joc:auto_generated|_~117            ; |Lab5block|sseg2:inst2|lpm_mux:Mux5|mux_joc:auto_generated|_~117            ; out0             ;
; |Lab5block|sseg2:inst2|lpm_mux:Mux5|mux_joc:auto_generated|_~119            ; |Lab5block|sseg2:inst2|lpm_mux:Mux5|mux_joc:auto_generated|_~119            ; out0             ;
; |Lab5block|sseg2:inst2|lpm_mux:Mux5|mux_joc:auto_generated|_~123            ; |Lab5block|sseg2:inst2|lpm_mux:Mux5|mux_joc:auto_generated|_~123            ; out0             ;
; |Lab5block|sseg2:inst2|lpm_mux:Mux5|mux_joc:auto_generated|_~125            ; |Lab5block|sseg2:inst2|lpm_mux:Mux5|mux_joc:auto_generated|_~125            ; out0             ;
; |Lab5block|sseg2:inst2|lpm_mux:Mux5|mux_joc:auto_generated|_~132            ; |Lab5block|sseg2:inst2|lpm_mux:Mux5|mux_joc:auto_generated|_~132            ; out0             ;
; |Lab5block|sseg2:inst2|lpm_mux:Mux5|mux_joc:auto_generated|_~134            ; |Lab5block|sseg2:inst2|lpm_mux:Mux5|mux_joc:auto_generated|_~134            ; out0             ;
; |Lab5block|sseg2:inst2|lpm_mux:Mux5|mux_joc:auto_generated|_~139            ; |Lab5block|sseg2:inst2|lpm_mux:Mux5|mux_joc:auto_generated|_~139            ; out0             ;
; |Lab5block|sseg2:inst2|lpm_mux:Mux4|mux_joc:auto_generated|_~18             ; |Lab5block|sseg2:inst2|lpm_mux:Mux4|mux_joc:auto_generated|_~18             ; out0             ;
; |Lab5block|sseg2:inst2|lpm_mux:Mux4|mux_joc:auto_generated|_~24             ; |Lab5block|sseg2:inst2|lpm_mux:Mux4|mux_joc:auto_generated|_~24             ; out0             ;
; |Lab5block|sseg2:inst2|lpm_mux:Mux4|mux_joc:auto_generated|_~26             ; |Lab5block|sseg2:inst2|lpm_mux:Mux4|mux_joc:auto_generated|_~26             ; out0             ;
; |Lab5block|sseg2:inst2|lpm_mux:Mux4|mux_joc:auto_generated|_~33             ; |Lab5block|sseg2:inst2|lpm_mux:Mux4|mux_joc:auto_generated|_~33             ; out0             ;
; |Lab5block|sseg2:inst2|lpm_mux:Mux4|mux_joc:auto_generated|_~35             ; |Lab5block|sseg2:inst2|lpm_mux:Mux4|mux_joc:auto_generated|_~35             ; out0             ;
; |Lab5block|sseg2:inst2|lpm_mux:Mux4|mux_joc:auto_generated|_~40             ; |Lab5block|sseg2:inst2|lpm_mux:Mux4|mux_joc:auto_generated|_~40             ; out0             ;
; |Lab5block|sseg2:inst2|lpm_mux:Mux4|mux_joc:auto_generated|_~49             ; |Lab5block|sseg2:inst2|lpm_mux:Mux4|mux_joc:auto_generated|_~49             ; out0             ;
; |Lab5block|sseg2:inst2|lpm_mux:Mux4|mux_joc:auto_generated|_~51             ; |Lab5block|sseg2:inst2|lpm_mux:Mux4|mux_joc:auto_generated|_~51             ; out0             ;
; |Lab5block|sseg2:inst2|lpm_mux:Mux4|mux_joc:auto_generated|_~58             ; |Lab5block|sseg2:inst2|lpm_mux:Mux4|mux_joc:auto_generated|_~58             ; out0             ;
; |Lab5block|sseg2:inst2|lpm_mux:Mux4|mux_joc:auto_generated|_~60             ; |Lab5block|sseg2:inst2|lpm_mux:Mux4|mux_joc:auto_generated|_~60             ; out0             ;
; |Lab5block|sseg2:inst2|lpm_mux:Mux4|mux_joc:auto_generated|_~66             ; |Lab5block|sseg2:inst2|lpm_mux:Mux4|mux_joc:auto_generated|_~66             ; out0             ;
; |Lab5block|sseg2:inst2|lpm_mux:Mux4|mux_joc:auto_generated|_~74             ; |Lab5block|sseg2:inst2|lpm_mux:Mux4|mux_joc:auto_generated|_~74             ; out0             ;
; |Lab5block|sseg2:inst2|lpm_mux:Mux4|mux_joc:auto_generated|_~76             ; |Lab5block|sseg2:inst2|lpm_mux:Mux4|mux_joc:auto_generated|_~76             ; out0             ;
; |Lab5block|sseg2:inst2|lpm_mux:Mux4|mux_joc:auto_generated|_~83             ; |Lab5block|sseg2:inst2|lpm_mux:Mux4|mux_joc:auto_generated|_~83             ; out0             ;
; |Lab5block|sseg2:inst2|lpm_mux:Mux4|mux_joc:auto_generated|_~85             ; |Lab5block|sseg2:inst2|lpm_mux:Mux4|mux_joc:auto_generated|_~85             ; out0             ;
; |Lab5block|sseg2:inst2|lpm_mux:Mux4|mux_joc:auto_generated|_~90             ; |Lab5block|sseg2:inst2|lpm_mux:Mux4|mux_joc:auto_generated|_~90             ; out0             ;
; |Lab5block|sseg2:inst2|lpm_mux:Mux4|mux_joc:auto_generated|_~99             ; |Lab5block|sseg2:inst2|lpm_mux:Mux4|mux_joc:auto_generated|_~99             ; out0             ;
; |Lab5block|sseg2:inst2|lpm_mux:Mux4|mux_joc:auto_generated|_~101            ; |Lab5block|sseg2:inst2|lpm_mux:Mux4|mux_joc:auto_generated|_~101            ; out0             ;
; |Lab5block|sseg2:inst2|lpm_mux:Mux4|mux_joc:auto_generated|_~108            ; |Lab5block|sseg2:inst2|lpm_mux:Mux4|mux_joc:auto_generated|_~108            ; out0             ;
; |Lab5block|sseg2:inst2|lpm_mux:Mux4|mux_joc:auto_generated|_~110            ; |Lab5block|sseg2:inst2|lpm_mux:Mux4|mux_joc:auto_generated|_~110            ; out0             ;
; |Lab5block|sseg2:inst2|lpm_mux:Mux4|mux_joc:auto_generated|_~116            ; |Lab5block|sseg2:inst2|lpm_mux:Mux4|mux_joc:auto_generated|_~116            ; out0             ;
; |Lab5block|sseg2:inst2|lpm_mux:Mux4|mux_joc:auto_generated|_~121            ; |Lab5block|sseg2:inst2|lpm_mux:Mux4|mux_joc:auto_generated|_~121            ; out0             ;
; |Lab5block|sseg2:inst2|lpm_mux:Mux4|mux_joc:auto_generated|_~123            ; |Lab5block|sseg2:inst2|lpm_mux:Mux4|mux_joc:auto_generated|_~123            ; out0             ;
; |Lab5block|sseg2:inst2|lpm_mux:Mux4|mux_joc:auto_generated|_~125            ; |Lab5block|sseg2:inst2|lpm_mux:Mux4|mux_joc:auto_generated|_~125            ; out0             ;
; |Lab5block|sseg2:inst2|lpm_mux:Mux4|mux_joc:auto_generated|_~130            ; |Lab5block|sseg2:inst2|lpm_mux:Mux4|mux_joc:auto_generated|_~130            ; out0             ;
; |Lab5block|sseg2:inst2|lpm_mux:Mux4|mux_joc:auto_generated|_~132            ; |Lab5block|sseg2:inst2|lpm_mux:Mux4|mux_joc:auto_generated|_~132            ; out0             ;
; |Lab5block|sseg2:inst2|lpm_mux:Mux4|mux_joc:auto_generated|_~134            ; |Lab5block|sseg2:inst2|lpm_mux:Mux4|mux_joc:auto_generated|_~134            ; out0             ;
; |Lab5block|sseg2:inst2|lpm_mux:Mux4|mux_joc:auto_generated|_~139            ; |Lab5block|sseg2:inst2|lpm_mux:Mux4|mux_joc:auto_generated|_~139            ; out0             ;
; |Lab5block|sseg2:inst2|lpm_mux:Mux3|mux_joc:auto_generated|_~0              ; |Lab5block|sseg2:inst2|lpm_mux:Mux3|mux_joc:auto_generated|_~0              ; out0             ;
; |Lab5block|sseg2:inst2|lpm_mux:Mux3|mux_joc:auto_generated|_~9              ; |Lab5block|sseg2:inst2|lpm_mux:Mux3|mux_joc:auto_generated|_~9              ; out0             ;
; |Lab5block|sseg2:inst2|lpm_mux:Mux3|mux_joc:auto_generated|_~18             ; |Lab5block|sseg2:inst2|lpm_mux:Mux3|mux_joc:auto_generated|_~18             ; out0             ;
; |Lab5block|sseg2:inst2|lpm_mux:Mux3|mux_joc:auto_generated|_~24             ; |Lab5block|sseg2:inst2|lpm_mux:Mux3|mux_joc:auto_generated|_~24             ; out0             ;
; |Lab5block|sseg2:inst2|lpm_mux:Mux3|mux_joc:auto_generated|_~26             ; |Lab5block|sseg2:inst2|lpm_mux:Mux3|mux_joc:auto_generated|_~26             ; out0             ;
; |Lab5block|sseg2:inst2|lpm_mux:Mux3|mux_joc:auto_generated|_~33             ; |Lab5block|sseg2:inst2|lpm_mux:Mux3|mux_joc:auto_generated|_~33             ; out0             ;
; |Lab5block|sseg2:inst2|lpm_mux:Mux3|mux_joc:auto_generated|_~35             ; |Lab5block|sseg2:inst2|lpm_mux:Mux3|mux_joc:auto_generated|_~35             ; out0             ;
; |Lab5block|sseg2:inst2|lpm_mux:Mux3|mux_joc:auto_generated|_~41             ; |Lab5block|sseg2:inst2|lpm_mux:Mux3|mux_joc:auto_generated|_~41             ; out0             ;
; |Lab5block|sseg2:inst2|lpm_mux:Mux3|mux_joc:auto_generated|_~47             ; |Lab5block|sseg2:inst2|lpm_mux:Mux3|mux_joc:auto_generated|_~47             ; out0             ;
; |Lab5block|sseg2:inst2|lpm_mux:Mux3|mux_joc:auto_generated|_~49             ; |Lab5block|sseg2:inst2|lpm_mux:Mux3|mux_joc:auto_generated|_~49             ; out0             ;
; |Lab5block|sseg2:inst2|lpm_mux:Mux3|mux_joc:auto_generated|_~51             ; |Lab5block|sseg2:inst2|lpm_mux:Mux3|mux_joc:auto_generated|_~51             ; out0             ;
; |Lab5block|sseg2:inst2|lpm_mux:Mux3|mux_joc:auto_generated|_~52             ; |Lab5block|sseg2:inst2|lpm_mux:Mux3|mux_joc:auto_generated|_~52             ; out0             ;
; |Lab5block|sseg2:inst2|lpm_mux:Mux3|mux_joc:auto_generated|_~56             ; |Lab5block|sseg2:inst2|lpm_mux:Mux3|mux_joc:auto_generated|_~56             ; out0             ;
; |Lab5block|sseg2:inst2|lpm_mux:Mux3|mux_joc:auto_generated|_~58             ; |Lab5block|sseg2:inst2|lpm_mux:Mux3|mux_joc:auto_generated|_~58             ; out0             ;
; |Lab5block|sseg2:inst2|lpm_mux:Mux3|mux_joc:auto_generated|_~60             ; |Lab5block|sseg2:inst2|lpm_mux:Mux3|mux_joc:auto_generated|_~60             ; out0             ;
; |Lab5block|sseg2:inst2|lpm_mux:Mux3|mux_joc:auto_generated|_~61             ; |Lab5block|sseg2:inst2|lpm_mux:Mux3|mux_joc:auto_generated|_~61             ; out0             ;
; |Lab5block|sseg2:inst2|lpm_mux:Mux3|mux_joc:auto_generated|_~69             ; |Lab5block|sseg2:inst2|lpm_mux:Mux3|mux_joc:auto_generated|_~69             ; out0             ;
; |Lab5block|sseg2:inst2|lpm_mux:Mux3|mux_joc:auto_generated|_~74             ; |Lab5block|sseg2:inst2|lpm_mux:Mux3|mux_joc:auto_generated|_~74             ; out0             ;
; |Lab5block|sseg2:inst2|lpm_mux:Mux3|mux_joc:auto_generated|_~76             ; |Lab5block|sseg2:inst2|lpm_mux:Mux3|mux_joc:auto_generated|_~76             ; out0             ;
; |Lab5block|sseg2:inst2|lpm_mux:Mux3|mux_joc:auto_generated|_~83             ; |Lab5block|sseg2:inst2|lpm_mux:Mux3|mux_joc:auto_generated|_~83             ; out0             ;
; |Lab5block|sseg2:inst2|lpm_mux:Mux3|mux_joc:auto_generated|_~85             ; |Lab5block|sseg2:inst2|lpm_mux:Mux3|mux_joc:auto_generated|_~85             ; out0             ;
; |Lab5block|sseg2:inst2|lpm_mux:Mux3|mux_joc:auto_generated|_~91             ; |Lab5block|sseg2:inst2|lpm_mux:Mux3|mux_joc:auto_generated|_~91             ; out0             ;
; |Lab5block|sseg2:inst2|lpm_mux:Mux3|mux_joc:auto_generated|_~97             ; |Lab5block|sseg2:inst2|lpm_mux:Mux3|mux_joc:auto_generated|_~97             ; out0             ;
; |Lab5block|sseg2:inst2|lpm_mux:Mux3|mux_joc:auto_generated|_~99             ; |Lab5block|sseg2:inst2|lpm_mux:Mux3|mux_joc:auto_generated|_~99             ; out0             ;
; |Lab5block|sseg2:inst2|lpm_mux:Mux3|mux_joc:auto_generated|_~101            ; |Lab5block|sseg2:inst2|lpm_mux:Mux3|mux_joc:auto_generated|_~101            ; out0             ;
; |Lab5block|sseg2:inst2|lpm_mux:Mux3|mux_joc:auto_generated|_~102            ; |Lab5block|sseg2:inst2|lpm_mux:Mux3|mux_joc:auto_generated|_~102            ; out0             ;
; |Lab5block|sseg2:inst2|lpm_mux:Mux3|mux_joc:auto_generated|_~106            ; |Lab5block|sseg2:inst2|lpm_mux:Mux3|mux_joc:auto_generated|_~106            ; out0             ;
; |Lab5block|sseg2:inst2|lpm_mux:Mux3|mux_joc:auto_generated|_~108            ; |Lab5block|sseg2:inst2|lpm_mux:Mux3|mux_joc:auto_generated|_~108            ; out0             ;
; |Lab5block|sseg2:inst2|lpm_mux:Mux3|mux_joc:auto_generated|_~110            ; |Lab5block|sseg2:inst2|lpm_mux:Mux3|mux_joc:auto_generated|_~110            ; out0             ;
; |Lab5block|sseg2:inst2|lpm_mux:Mux3|mux_joc:auto_generated|_~111            ; |Lab5block|sseg2:inst2|lpm_mux:Mux3|mux_joc:auto_generated|_~111            ; out0             ;
; |Lab5block|sseg2:inst2|lpm_mux:Mux3|mux_joc:auto_generated|_~119            ; |Lab5block|sseg2:inst2|lpm_mux:Mux3|mux_joc:auto_generated|_~119            ; out0             ;
; |Lab5block|sseg2:inst2|lpm_mux:Mux3|mux_joc:auto_generated|_~121            ; |Lab5block|sseg2:inst2|lpm_mux:Mux3|mux_joc:auto_generated|_~121            ; out0             ;
; |Lab5block|sseg2:inst2|lpm_mux:Mux3|mux_joc:auto_generated|_~123            ; |Lab5block|sseg2:inst2|lpm_mux:Mux3|mux_joc:auto_generated|_~123            ; out0             ;
; |Lab5block|sseg2:inst2|lpm_mux:Mux3|mux_joc:auto_generated|_~125            ; |Lab5block|sseg2:inst2|lpm_mux:Mux3|mux_joc:auto_generated|_~125            ; out0             ;
; |Lab5block|sseg2:inst2|lpm_mux:Mux3|mux_joc:auto_generated|_~130            ; |Lab5block|sseg2:inst2|lpm_mux:Mux3|mux_joc:auto_generated|_~130            ; out0             ;
; |Lab5block|sseg2:inst2|lpm_mux:Mux3|mux_joc:auto_generated|_~132            ; |Lab5block|sseg2:inst2|lpm_mux:Mux3|mux_joc:auto_generated|_~132            ; out0             ;
; |Lab5block|sseg2:inst2|lpm_mux:Mux3|mux_joc:auto_generated|_~134            ; |Lab5block|sseg2:inst2|lpm_mux:Mux3|mux_joc:auto_generated|_~134            ; out0             ;
; |Lab5block|sseg2:inst2|lpm_mux:Mux3|mux_joc:auto_generated|_~139            ; |Lab5block|sseg2:inst2|lpm_mux:Mux3|mux_joc:auto_generated|_~139            ; out0             ;
; |Lab5block|sseg2:inst2|lpm_mux:Mux2|mux_joc:auto_generated|_~0              ; |Lab5block|sseg2:inst2|lpm_mux:Mux2|mux_joc:auto_generated|_~0              ; out0             ;
; |Lab5block|sseg2:inst2|lpm_mux:Mux2|mux_joc:auto_generated|_~2              ; |Lab5block|sseg2:inst2|lpm_mux:Mux2|mux_joc:auto_generated|_~2              ; out0             ;
; |Lab5block|sseg2:inst2|lpm_mux:Mux2|mux_joc:auto_generated|_~4              ; |Lab5block|sseg2:inst2|lpm_mux:Mux2|mux_joc:auto_generated|_~4              ; out0             ;
; |Lab5block|sseg2:inst2|lpm_mux:Mux2|mux_joc:auto_generated|_~9              ; |Lab5block|sseg2:inst2|lpm_mux:Mux2|mux_joc:auto_generated|_~9              ; out0             ;
; |Lab5block|sseg2:inst2|lpm_mux:Mux2|mux_joc:auto_generated|_~11             ; |Lab5block|sseg2:inst2|lpm_mux:Mux2|mux_joc:auto_generated|_~11             ; out0             ;
; |Lab5block|sseg2:inst2|lpm_mux:Mux2|mux_joc:auto_generated|_~13             ; |Lab5block|sseg2:inst2|lpm_mux:Mux2|mux_joc:auto_generated|_~13             ; out0             ;
; |Lab5block|sseg2:inst2|lpm_mux:Mux2|mux_joc:auto_generated|_~19             ; |Lab5block|sseg2:inst2|lpm_mux:Mux2|mux_joc:auto_generated|_~19             ; out0             ;
; |Lab5block|sseg2:inst2|lpm_mux:Mux2|mux_joc:auto_generated|_~20             ; |Lab5block|sseg2:inst2|lpm_mux:Mux2|mux_joc:auto_generated|_~20             ; out0             ;
; |Lab5block|sseg2:inst2|lpm_mux:Mux2|mux_joc:auto_generated|_~21             ; |Lab5block|sseg2:inst2|lpm_mux:Mux2|mux_joc:auto_generated|_~21             ; out0             ;
; |Lab5block|sseg2:inst2|lpm_mux:Mux2|mux_joc:auto_generated|_~22             ; |Lab5block|sseg2:inst2|lpm_mux:Mux2|mux_joc:auto_generated|_~22             ; out0             ;
; |Lab5block|sseg2:inst2|lpm_mux:Mux2|mux_joc:auto_generated|_~24             ; |Lab5block|sseg2:inst2|lpm_mux:Mux2|mux_joc:auto_generated|_~24             ; out0             ;
; |Lab5block|sseg2:inst2|lpm_mux:Mux2|mux_joc:auto_generated|_~26             ; |Lab5block|sseg2:inst2|lpm_mux:Mux2|mux_joc:auto_generated|_~26             ; out0             ;
; |Lab5block|sseg2:inst2|lpm_mux:Mux2|mux_joc:auto_generated|_~27             ; |Lab5block|sseg2:inst2|lpm_mux:Mux2|mux_joc:auto_generated|_~27             ; out0             ;
; |Lab5block|sseg2:inst2|lpm_mux:Mux2|mux_joc:auto_generated|_~31             ; |Lab5block|sseg2:inst2|lpm_mux:Mux2|mux_joc:auto_generated|_~31             ; out0             ;
; |Lab5block|sseg2:inst2|lpm_mux:Mux2|mux_joc:auto_generated|_~33             ; |Lab5block|sseg2:inst2|lpm_mux:Mux2|mux_joc:auto_generated|_~33             ; out0             ;
; |Lab5block|sseg2:inst2|lpm_mux:Mux2|mux_joc:auto_generated|_~35             ; |Lab5block|sseg2:inst2|lpm_mux:Mux2|mux_joc:auto_generated|_~35             ; out0             ;
; |Lab5block|sseg2:inst2|lpm_mux:Mux2|mux_joc:auto_generated|_~36             ; |Lab5block|sseg2:inst2|lpm_mux:Mux2|mux_joc:auto_generated|_~36             ; out0             ;
; |Lab5block|sseg2:inst2|lpm_mux:Mux2|mux_joc:auto_generated|_~47             ; |Lab5block|sseg2:inst2|lpm_mux:Mux2|mux_joc:auto_generated|_~47             ; out0             ;
; |Lab5block|sseg2:inst2|lpm_mux:Mux2|mux_joc:auto_generated|_~49             ; |Lab5block|sseg2:inst2|lpm_mux:Mux2|mux_joc:auto_generated|_~49             ; out0             ;
; |Lab5block|sseg2:inst2|lpm_mux:Mux2|mux_joc:auto_generated|_~51             ; |Lab5block|sseg2:inst2|lpm_mux:Mux2|mux_joc:auto_generated|_~51             ; out0             ;
; |Lab5block|sseg2:inst2|lpm_mux:Mux2|mux_joc:auto_generated|_~56             ; |Lab5block|sseg2:inst2|lpm_mux:Mux2|mux_joc:auto_generated|_~56             ; out0             ;
; |Lab5block|sseg2:inst2|lpm_mux:Mux2|mux_joc:auto_generated|_~58             ; |Lab5block|sseg2:inst2|lpm_mux:Mux2|mux_joc:auto_generated|_~58             ; out0             ;
; |Lab5block|sseg2:inst2|lpm_mux:Mux2|mux_joc:auto_generated|_~60             ; |Lab5block|sseg2:inst2|lpm_mux:Mux2|mux_joc:auto_generated|_~60             ; out0             ;
; |Lab5block|sseg2:inst2|lpm_mux:Mux2|mux_joc:auto_generated|_~66             ; |Lab5block|sseg2:inst2|lpm_mux:Mux2|mux_joc:auto_generated|_~66             ; out0             ;
; |Lab5block|sseg2:inst2|lpm_mux:Mux2|mux_joc:auto_generated|_~67             ; |Lab5block|sseg2:inst2|lpm_mux:Mux2|mux_joc:auto_generated|_~67             ; out0             ;
; |Lab5block|sseg2:inst2|lpm_mux:Mux2|mux_joc:auto_generated|_~69             ; |Lab5block|sseg2:inst2|lpm_mux:Mux2|mux_joc:auto_generated|_~69             ; out0             ;
; |Lab5block|sseg2:inst2|lpm_mux:Mux2|mux_joc:auto_generated|result_node[0]~0 ; |Lab5block|sseg2:inst2|lpm_mux:Mux2|mux_joc:auto_generated|result_node[0]~0 ; out0             ;
; |Lab5block|sseg2:inst2|lpm_mux:Mux2|mux_joc:auto_generated|_~72             ; |Lab5block|sseg2:inst2|lpm_mux:Mux2|mux_joc:auto_generated|_~72             ; out0             ;
; |Lab5block|sseg2:inst2|lpm_mux:Mux2|mux_joc:auto_generated|_~74             ; |Lab5block|sseg2:inst2|lpm_mux:Mux2|mux_joc:auto_generated|_~74             ; out0             ;
; |Lab5block|sseg2:inst2|lpm_mux:Mux2|mux_joc:auto_generated|_~76             ; |Lab5block|sseg2:inst2|lpm_mux:Mux2|mux_joc:auto_generated|_~76             ; out0             ;
; |Lab5block|sseg2:inst2|lpm_mux:Mux2|mux_joc:auto_generated|_~77             ; |Lab5block|sseg2:inst2|lpm_mux:Mux2|mux_joc:auto_generated|_~77             ; out0             ;
; |Lab5block|sseg2:inst2|lpm_mux:Mux2|mux_joc:auto_generated|_~81             ; |Lab5block|sseg2:inst2|lpm_mux:Mux2|mux_joc:auto_generated|_~81             ; out0             ;
; |Lab5block|sseg2:inst2|lpm_mux:Mux2|mux_joc:auto_generated|_~83             ; |Lab5block|sseg2:inst2|lpm_mux:Mux2|mux_joc:auto_generated|_~83             ; out0             ;
; |Lab5block|sseg2:inst2|lpm_mux:Mux2|mux_joc:auto_generated|_~85             ; |Lab5block|sseg2:inst2|lpm_mux:Mux2|mux_joc:auto_generated|_~85             ; out0             ;
; |Lab5block|sseg2:inst2|lpm_mux:Mux2|mux_joc:auto_generated|_~86             ; |Lab5block|sseg2:inst2|lpm_mux:Mux2|mux_joc:auto_generated|_~86             ; out0             ;
; |Lab5block|sseg2:inst2|lpm_mux:Mux2|mux_joc:auto_generated|_~97             ; |Lab5block|sseg2:inst2|lpm_mux:Mux2|mux_joc:auto_generated|_~97             ; out0             ;
; |Lab5block|sseg2:inst2|lpm_mux:Mux2|mux_joc:auto_generated|_~99             ; |Lab5block|sseg2:inst2|lpm_mux:Mux2|mux_joc:auto_generated|_~99             ; out0             ;
; |Lab5block|sseg2:inst2|lpm_mux:Mux2|mux_joc:auto_generated|_~101            ; |Lab5block|sseg2:inst2|lpm_mux:Mux2|mux_joc:auto_generated|_~101            ; out0             ;
; |Lab5block|sseg2:inst2|lpm_mux:Mux2|mux_joc:auto_generated|_~106            ; |Lab5block|sseg2:inst2|lpm_mux:Mux2|mux_joc:auto_generated|_~106            ; out0             ;
; |Lab5block|sseg2:inst2|lpm_mux:Mux2|mux_joc:auto_generated|_~108            ; |Lab5block|sseg2:inst2|lpm_mux:Mux2|mux_joc:auto_generated|_~108            ; out0             ;
; |Lab5block|sseg2:inst2|lpm_mux:Mux2|mux_joc:auto_generated|_~110            ; |Lab5block|sseg2:inst2|lpm_mux:Mux2|mux_joc:auto_generated|_~110            ; out0             ;
; |Lab5block|sseg2:inst2|lpm_mux:Mux2|mux_joc:auto_generated|_~116            ; |Lab5block|sseg2:inst2|lpm_mux:Mux2|mux_joc:auto_generated|_~116            ; out0             ;
; |Lab5block|sseg2:inst2|lpm_mux:Mux2|mux_joc:auto_generated|_~117            ; |Lab5block|sseg2:inst2|lpm_mux:Mux2|mux_joc:auto_generated|_~117            ; out0             ;
; |Lab5block|sseg2:inst2|lpm_mux:Mux2|mux_joc:auto_generated|_~119            ; |Lab5block|sseg2:inst2|lpm_mux:Mux2|mux_joc:auto_generated|_~119            ; out0             ;
; |Lab5block|sseg2:inst2|lpm_mux:Mux2|mux_joc:auto_generated|_~121            ; |Lab5block|sseg2:inst2|lpm_mux:Mux2|mux_joc:auto_generated|_~121            ; out0             ;
; |Lab5block|sseg2:inst2|lpm_mux:Mux2|mux_joc:auto_generated|_~126            ; |Lab5block|sseg2:inst2|lpm_mux:Mux2|mux_joc:auto_generated|_~126            ; out0             ;
; |Lab5block|sseg2:inst2|lpm_mux:Mux2|mux_joc:auto_generated|_~130            ; |Lab5block|sseg2:inst2|lpm_mux:Mux2|mux_joc:auto_generated|_~130            ; out0             ;
; |Lab5block|sseg2:inst2|lpm_mux:Mux2|mux_joc:auto_generated|_~135            ; |Lab5block|sseg2:inst2|lpm_mux:Mux2|mux_joc:auto_generated|_~135            ; out0             ;
; |Lab5block|sseg2:inst2|lpm_mux:Mux1|mux_joc:auto_generated|_~2              ; |Lab5block|sseg2:inst2|lpm_mux:Mux1|mux_joc:auto_generated|_~2              ; out0             ;
; |Lab5block|sseg2:inst2|lpm_mux:Mux1|mux_joc:auto_generated|_~4              ; |Lab5block|sseg2:inst2|lpm_mux:Mux1|mux_joc:auto_generated|_~4              ; out0             ;
; |Lab5block|sseg2:inst2|lpm_mux:Mux1|mux_joc:auto_generated|_~5              ; |Lab5block|sseg2:inst2|lpm_mux:Mux1|mux_joc:auto_generated|_~5              ; out0             ;
; |Lab5block|sseg2:inst2|lpm_mux:Mux1|mux_joc:auto_generated|_~11             ; |Lab5block|sseg2:inst2|lpm_mux:Mux1|mux_joc:auto_generated|_~11             ; out0             ;
; |Lab5block|sseg2:inst2|lpm_mux:Mux1|mux_joc:auto_generated|_~13             ; |Lab5block|sseg2:inst2|lpm_mux:Mux1|mux_joc:auto_generated|_~13             ; out0             ;
; |Lab5block|sseg2:inst2|lpm_mux:Mux1|mux_joc:auto_generated|_~14             ; |Lab5block|sseg2:inst2|lpm_mux:Mux1|mux_joc:auto_generated|_~14             ; out0             ;
; |Lab5block|sseg2:inst2|lpm_mux:Mux1|mux_joc:auto_generated|_~22             ; |Lab5block|sseg2:inst2|lpm_mux:Mux1|mux_joc:auto_generated|_~22             ; out0             ;
; |Lab5block|sseg2:inst2|lpm_mux:Mux1|mux_joc:auto_generated|_~24             ; |Lab5block|sseg2:inst2|lpm_mux:Mux1|mux_joc:auto_generated|_~24             ; out0             ;
; |Lab5block|sseg2:inst2|lpm_mux:Mux1|mux_joc:auto_generated|_~26             ; |Lab5block|sseg2:inst2|lpm_mux:Mux1|mux_joc:auto_generated|_~26             ; out0             ;
; |Lab5block|sseg2:inst2|lpm_mux:Mux1|mux_joc:auto_generated|_~31             ; |Lab5block|sseg2:inst2|lpm_mux:Mux1|mux_joc:auto_generated|_~31             ; out0             ;
; |Lab5block|sseg2:inst2|lpm_mux:Mux1|mux_joc:auto_generated|_~33             ; |Lab5block|sseg2:inst2|lpm_mux:Mux1|mux_joc:auto_generated|_~33             ; out0             ;
; |Lab5block|sseg2:inst2|lpm_mux:Mux1|mux_joc:auto_generated|_~35             ; |Lab5block|sseg2:inst2|lpm_mux:Mux1|mux_joc:auto_generated|_~35             ; out0             ;
; |Lab5block|sseg2:inst2|lpm_mux:Mux1|mux_joc:auto_generated|_~41             ; |Lab5block|sseg2:inst2|lpm_mux:Mux1|mux_joc:auto_generated|_~41             ; out0             ;
; |Lab5block|sseg2:inst2|lpm_mux:Mux1|mux_joc:auto_generated|_~42             ; |Lab5block|sseg2:inst2|lpm_mux:Mux1|mux_joc:auto_generated|_~42             ; out0             ;
; |Lab5block|sseg2:inst2|lpm_mux:Mux1|mux_joc:auto_generated|_~44             ; |Lab5block|sseg2:inst2|lpm_mux:Mux1|mux_joc:auto_generated|_~44             ; out0             ;
; |Lab5block|sseg2:inst2|lpm_mux:Mux1|mux_joc:auto_generated|_~46             ; |Lab5block|sseg2:inst2|lpm_mux:Mux1|mux_joc:auto_generated|_~46             ; out0             ;
; |Lab5block|sseg2:inst2|lpm_mux:Mux1|mux_joc:auto_generated|_~47             ; |Lab5block|sseg2:inst2|lpm_mux:Mux1|mux_joc:auto_generated|_~47             ; out0             ;
; |Lab5block|sseg2:inst2|lpm_mux:Mux1|mux_joc:auto_generated|_~49             ; |Lab5block|sseg2:inst2|lpm_mux:Mux1|mux_joc:auto_generated|_~49             ; out0             ;
; |Lab5block|sseg2:inst2|lpm_mux:Mux1|mux_joc:auto_generated|_~51             ; |Lab5block|sseg2:inst2|lpm_mux:Mux1|mux_joc:auto_generated|_~51             ; out0             ;
; |Lab5block|sseg2:inst2|lpm_mux:Mux1|mux_joc:auto_generated|_~56             ; |Lab5block|sseg2:inst2|lpm_mux:Mux1|mux_joc:auto_generated|_~56             ; out0             ;
; |Lab5block|sseg2:inst2|lpm_mux:Mux1|mux_joc:auto_generated|_~58             ; |Lab5block|sseg2:inst2|lpm_mux:Mux1|mux_joc:auto_generated|_~58             ; out0             ;
; |Lab5block|sseg2:inst2|lpm_mux:Mux1|mux_joc:auto_generated|_~60             ; |Lab5block|sseg2:inst2|lpm_mux:Mux1|mux_joc:auto_generated|_~60             ; out0             ;
; |Lab5block|sseg2:inst2|lpm_mux:Mux1|mux_joc:auto_generated|_~65             ; |Lab5block|sseg2:inst2|lpm_mux:Mux1|mux_joc:auto_generated|_~65             ; out0             ;
; |Lab5block|sseg2:inst2|lpm_mux:Mux1|mux_joc:auto_generated|_~69             ; |Lab5block|sseg2:inst2|lpm_mux:Mux1|mux_joc:auto_generated|_~69             ; out0             ;
; |Lab5block|sseg2:inst2|lpm_mux:Mux1|mux_joc:auto_generated|_~70             ; |Lab5block|sseg2:inst2|lpm_mux:Mux1|mux_joc:auto_generated|_~70             ; out0             ;
; |Lab5block|sseg2:inst2|lpm_mux:Mux1|mux_joc:auto_generated|_~71             ; |Lab5block|sseg2:inst2|lpm_mux:Mux1|mux_joc:auto_generated|_~71             ; out0             ;
; |Lab5block|sseg2:inst2|lpm_mux:Mux1|mux_joc:auto_generated|_~72             ; |Lab5block|sseg2:inst2|lpm_mux:Mux1|mux_joc:auto_generated|_~72             ; out0             ;
; |Lab5block|sseg2:inst2|lpm_mux:Mux1|mux_joc:auto_generated|_~74             ; |Lab5block|sseg2:inst2|lpm_mux:Mux1|mux_joc:auto_generated|_~74             ; out0             ;
; |Lab5block|sseg2:inst2|lpm_mux:Mux1|mux_joc:auto_generated|_~76             ; |Lab5block|sseg2:inst2|lpm_mux:Mux1|mux_joc:auto_generated|_~76             ; out0             ;
; |Lab5block|sseg2:inst2|lpm_mux:Mux1|mux_joc:auto_generated|_~81             ; |Lab5block|sseg2:inst2|lpm_mux:Mux1|mux_joc:auto_generated|_~81             ; out0             ;
; |Lab5block|sseg2:inst2|lpm_mux:Mux1|mux_joc:auto_generated|_~83             ; |Lab5block|sseg2:inst2|lpm_mux:Mux1|mux_joc:auto_generated|_~83             ; out0             ;
; |Lab5block|sseg2:inst2|lpm_mux:Mux1|mux_joc:auto_generated|_~85             ; |Lab5block|sseg2:inst2|lpm_mux:Mux1|mux_joc:auto_generated|_~85             ; out0             ;
; |Lab5block|sseg2:inst2|lpm_mux:Mux1|mux_joc:auto_generated|_~91             ; |Lab5block|sseg2:inst2|lpm_mux:Mux1|mux_joc:auto_generated|_~91             ; out0             ;
; |Lab5block|sseg2:inst2|lpm_mux:Mux1|mux_joc:auto_generated|_~92             ; |Lab5block|sseg2:inst2|lpm_mux:Mux1|mux_joc:auto_generated|_~92             ; out0             ;
; |Lab5block|sseg2:inst2|lpm_mux:Mux1|mux_joc:auto_generated|_~94             ; |Lab5block|sseg2:inst2|lpm_mux:Mux1|mux_joc:auto_generated|_~94             ; out0             ;
; |Lab5block|sseg2:inst2|lpm_mux:Mux1|mux_joc:auto_generated|_~96             ; |Lab5block|sseg2:inst2|lpm_mux:Mux1|mux_joc:auto_generated|_~96             ; out0             ;
; |Lab5block|sseg2:inst2|lpm_mux:Mux1|mux_joc:auto_generated|_~97             ; |Lab5block|sseg2:inst2|lpm_mux:Mux1|mux_joc:auto_generated|_~97             ; out0             ;
; |Lab5block|sseg2:inst2|lpm_mux:Mux1|mux_joc:auto_generated|_~99             ; |Lab5block|sseg2:inst2|lpm_mux:Mux1|mux_joc:auto_generated|_~99             ; out0             ;
; |Lab5block|sseg2:inst2|lpm_mux:Mux1|mux_joc:auto_generated|_~101            ; |Lab5block|sseg2:inst2|lpm_mux:Mux1|mux_joc:auto_generated|_~101            ; out0             ;
; |Lab5block|sseg2:inst2|lpm_mux:Mux1|mux_joc:auto_generated|_~106            ; |Lab5block|sseg2:inst2|lpm_mux:Mux1|mux_joc:auto_generated|_~106            ; out0             ;
; |Lab5block|sseg2:inst2|lpm_mux:Mux1|mux_joc:auto_generated|_~108            ; |Lab5block|sseg2:inst2|lpm_mux:Mux1|mux_joc:auto_generated|_~108            ; out0             ;
; |Lab5block|sseg2:inst2|lpm_mux:Mux1|mux_joc:auto_generated|_~110            ; |Lab5block|sseg2:inst2|lpm_mux:Mux1|mux_joc:auto_generated|_~110            ; out0             ;
; |Lab5block|sseg2:inst2|lpm_mux:Mux1|mux_joc:auto_generated|_~115            ; |Lab5block|sseg2:inst2|lpm_mux:Mux1|mux_joc:auto_generated|_~115            ; out0             ;
; |Lab5block|sseg2:inst2|lpm_mux:Mux1|mux_joc:auto_generated|_~119            ; |Lab5block|sseg2:inst2|lpm_mux:Mux1|mux_joc:auto_generated|_~119            ; out0             ;
; |Lab5block|sseg2:inst2|lpm_mux:Mux1|mux_joc:auto_generated|_~120            ; |Lab5block|sseg2:inst2|lpm_mux:Mux1|mux_joc:auto_generated|_~120            ; out0             ;
; |Lab5block|sseg2:inst2|lpm_mux:Mux1|mux_joc:auto_generated|_~121            ; |Lab5block|sseg2:inst2|lpm_mux:Mux1|mux_joc:auto_generated|_~121            ; out0             ;
; |Lab5block|sseg2:inst2|lpm_mux:Mux1|mux_joc:auto_generated|_~126            ; |Lab5block|sseg2:inst2|lpm_mux:Mux1|mux_joc:auto_generated|_~126            ; out0             ;
; |Lab5block|sseg2:inst2|lpm_mux:Mux1|mux_joc:auto_generated|_~130            ; |Lab5block|sseg2:inst2|lpm_mux:Mux1|mux_joc:auto_generated|_~130            ; out0             ;
; |Lab5block|sseg2:inst2|lpm_mux:Mux1|mux_joc:auto_generated|_~135            ; |Lab5block|sseg2:inst2|lpm_mux:Mux1|mux_joc:auto_generated|_~135            ; out0             ;
; |Lab5block|sseg2:inst2|lpm_mux:Mux1|mux_joc:auto_generated|result_node[0]~1 ; |Lab5block|sseg2:inst2|lpm_mux:Mux1|mux_joc:auto_generated|result_node[0]~1 ; out0             ;
; |Lab5block|sseg2:inst2|lpm_mux:Mux0|mux_joc:auto_generated|_~0              ; |Lab5block|sseg2:inst2|lpm_mux:Mux0|mux_joc:auto_generated|_~0              ; out0             ;
; |Lab5block|sseg2:inst2|lpm_mux:Mux0|mux_joc:auto_generated|_~9              ; |Lab5block|sseg2:inst2|lpm_mux:Mux0|mux_joc:auto_generated|_~9              ; out0             ;
; |Lab5block|sseg2:inst2|lpm_mux:Mux0|mux_joc:auto_generated|_~24             ; |Lab5block|sseg2:inst2|lpm_mux:Mux0|mux_joc:auto_generated|_~24             ; out0             ;
; |Lab5block|sseg2:inst2|lpm_mux:Mux0|mux_joc:auto_generated|_~26             ; |Lab5block|sseg2:inst2|lpm_mux:Mux0|mux_joc:auto_generated|_~26             ; out0             ;
; |Lab5block|sseg2:inst2|lpm_mux:Mux0|mux_joc:auto_generated|_~33             ; |Lab5block|sseg2:inst2|lpm_mux:Mux0|mux_joc:auto_generated|_~33             ; out0             ;
; |Lab5block|sseg2:inst2|lpm_mux:Mux0|mux_joc:auto_generated|_~35             ; |Lab5block|sseg2:inst2|lpm_mux:Mux0|mux_joc:auto_generated|_~35             ; out0             ;
; |Lab5block|sseg2:inst2|lpm_mux:Mux0|mux_joc:auto_generated|_~41             ; |Lab5block|sseg2:inst2|lpm_mux:Mux0|mux_joc:auto_generated|_~41             ; out0             ;
; |Lab5block|sseg2:inst2|lpm_mux:Mux0|mux_joc:auto_generated|_~47             ; |Lab5block|sseg2:inst2|lpm_mux:Mux0|mux_joc:auto_generated|_~47             ; out0             ;
; |Lab5block|sseg2:inst2|lpm_mux:Mux0|mux_joc:auto_generated|_~49             ; |Lab5block|sseg2:inst2|lpm_mux:Mux0|mux_joc:auto_generated|_~49             ; out0             ;
; |Lab5block|sseg2:inst2|lpm_mux:Mux0|mux_joc:auto_generated|_~51             ; |Lab5block|sseg2:inst2|lpm_mux:Mux0|mux_joc:auto_generated|_~51             ; out0             ;
; |Lab5block|sseg2:inst2|lpm_mux:Mux0|mux_joc:auto_generated|_~56             ; |Lab5block|sseg2:inst2|lpm_mux:Mux0|mux_joc:auto_generated|_~56             ; out0             ;
; |Lab5block|sseg2:inst2|lpm_mux:Mux0|mux_joc:auto_generated|_~58             ; |Lab5block|sseg2:inst2|lpm_mux:Mux0|mux_joc:auto_generated|_~58             ; out0             ;
; |Lab5block|sseg2:inst2|lpm_mux:Mux0|mux_joc:auto_generated|_~60             ; |Lab5block|sseg2:inst2|lpm_mux:Mux0|mux_joc:auto_generated|_~60             ; out0             ;
; |Lab5block|sseg2:inst2|lpm_mux:Mux0|mux_joc:auto_generated|_~65             ; |Lab5block|sseg2:inst2|lpm_mux:Mux0|mux_joc:auto_generated|_~65             ; out0             ;
; |Lab5block|sseg2:inst2|lpm_mux:Mux0|mux_joc:auto_generated|_~69             ; |Lab5block|sseg2:inst2|lpm_mux:Mux0|mux_joc:auto_generated|_~69             ; out0             ;
; |Lab5block|sseg2:inst2|lpm_mux:Mux0|mux_joc:auto_generated|_~74             ; |Lab5block|sseg2:inst2|lpm_mux:Mux0|mux_joc:auto_generated|_~74             ; out0             ;
; |Lab5block|sseg2:inst2|lpm_mux:Mux0|mux_joc:auto_generated|_~76             ; |Lab5block|sseg2:inst2|lpm_mux:Mux0|mux_joc:auto_generated|_~76             ; out0             ;
; |Lab5block|sseg2:inst2|lpm_mux:Mux0|mux_joc:auto_generated|_~83             ; |Lab5block|sseg2:inst2|lpm_mux:Mux0|mux_joc:auto_generated|_~83             ; out0             ;
; |Lab5block|sseg2:inst2|lpm_mux:Mux0|mux_joc:auto_generated|_~85             ; |Lab5block|sseg2:inst2|lpm_mux:Mux0|mux_joc:auto_generated|_~85             ; out0             ;
; |Lab5block|sseg2:inst2|lpm_mux:Mux0|mux_joc:auto_generated|_~91             ; |Lab5block|sseg2:inst2|lpm_mux:Mux0|mux_joc:auto_generated|_~91             ; out0             ;
; |Lab5block|sseg2:inst2|lpm_mux:Mux0|mux_joc:auto_generated|_~97             ; |Lab5block|sseg2:inst2|lpm_mux:Mux0|mux_joc:auto_generated|_~97             ; out0             ;
; |Lab5block|sseg2:inst2|lpm_mux:Mux0|mux_joc:auto_generated|_~99             ; |Lab5block|sseg2:inst2|lpm_mux:Mux0|mux_joc:auto_generated|_~99             ; out0             ;
; |Lab5block|sseg2:inst2|lpm_mux:Mux0|mux_joc:auto_generated|_~101            ; |Lab5block|sseg2:inst2|lpm_mux:Mux0|mux_joc:auto_generated|_~101            ; out0             ;
; |Lab5block|sseg2:inst2|lpm_mux:Mux0|mux_joc:auto_generated|_~106            ; |Lab5block|sseg2:inst2|lpm_mux:Mux0|mux_joc:auto_generated|_~106            ; out0             ;
; |Lab5block|sseg2:inst2|lpm_mux:Mux0|mux_joc:auto_generated|_~108            ; |Lab5block|sseg2:inst2|lpm_mux:Mux0|mux_joc:auto_generated|_~108            ; out0             ;
; |Lab5block|sseg2:inst2|lpm_mux:Mux0|mux_joc:auto_generated|_~110            ; |Lab5block|sseg2:inst2|lpm_mux:Mux0|mux_joc:auto_generated|_~110            ; out0             ;
; |Lab5block|sseg2:inst2|lpm_mux:Mux0|mux_joc:auto_generated|_~115            ; |Lab5block|sseg2:inst2|lpm_mux:Mux0|mux_joc:auto_generated|_~115            ; out0             ;
; |Lab5block|sseg2:inst2|lpm_mux:Mux0|mux_joc:auto_generated|_~119            ; |Lab5block|sseg2:inst2|lpm_mux:Mux0|mux_joc:auto_generated|_~119            ; out0             ;
; |Lab5block|sseg2:inst2|lpm_mux:Mux0|mux_joc:auto_generated|_~123            ; |Lab5block|sseg2:inst2|lpm_mux:Mux0|mux_joc:auto_generated|_~123            ; out0             ;
; |Lab5block|sseg2:inst2|lpm_mux:Mux0|mux_joc:auto_generated|_~125            ; |Lab5block|sseg2:inst2|lpm_mux:Mux0|mux_joc:auto_generated|_~125            ; out0             ;
; |Lab5block|sseg2:inst2|lpm_mux:Mux0|mux_joc:auto_generated|_~132            ; |Lab5block|sseg2:inst2|lpm_mux:Mux0|mux_joc:auto_generated|_~132            ; out0             ;
; |Lab5block|sseg2:inst2|lpm_mux:Mux0|mux_joc:auto_generated|_~134            ; |Lab5block|sseg2:inst2|lpm_mux:Mux0|mux_joc:auto_generated|_~134            ; out0             ;
; |Lab5block|sseg2:inst2|lpm_mux:Mux0|mux_joc:auto_generated|_~140            ; |Lab5block|sseg2:inst2|lpm_mux:Mux0|mux_joc:auto_generated|_~140            ; out0             ;
+-----------------------------------------------------------------------------+-----------------------------------------------------------------------------+------------------+


The following table displays output ports that do not toggle to 0 during simulation.
+------------------------------------------------------------------------------------------------------------------------------------------------------------------------------+
; Missing 0-Value Coverage                                                                                                                                                     ;
+-----------------------------------------------------------------------------+-----------------------------------------------------------------------------+------------------+
; Node Name                                                                   ; Output Port Name                                                            ; Output Port Type ;
+-----------------------------------------------------------------------------+-----------------------------------------------------------------------------+------------------+
; |Lab5block|leds1[2]                                                         ; |Lab5block|leds1[2]                                                         ; pin_out          ;
; |Lab5block|data_in                                                          ; |Lab5block|data_in                                                          ; out              ;
; |Lab5block|reset                                                            ; |Lab5block|reset                                                            ; out              ;
; |Lab5block|leds2[0]                                                         ; |Lab5block|leds2[0]                                                         ; pin_out          ;
; |Lab5block|leds2[1]                                                         ; |Lab5block|leds2[1]                                                         ; pin_out          ;
; |Lab5block|leds2[2]                                                         ; |Lab5block|leds2[2]                                                         ; pin_out          ;
; |Lab5block|leds2[3]                                                         ; |Lab5block|leds2[3]                                                         ; pin_out          ;
; |Lab5block|leds2[4]                                                         ; |Lab5block|leds2[4]                                                         ; pin_out          ;
; |Lab5block|leds2[5]                                                         ; |Lab5block|leds2[5]                                                         ; pin_out          ;
; |Lab5block|leds2[6]                                                         ; |Lab5block|leds2[6]                                                         ; pin_out          ;
; |Lab5block|state_neg[0]                                                     ; |Lab5block|state_neg[0]                                                     ; pin_out          ;
; |Lab5block|state_neg[1]                                                     ; |Lab5block|state_neg[1]                                                     ; pin_out          ;
; |Lab5block|state_neg[2]                                                     ; |Lab5block|state_neg[2]                                                     ; pin_out          ;
; |Lab5block|state_neg[3]                                                     ; |Lab5block|state_neg[3]                                                     ; pin_out          ;
; |Lab5block|state_neg[4]                                                     ; |Lab5block|state_neg[4]                                                     ; pin_out          ;
; |Lab5block|state_neg[5]                                                     ; |Lab5block|state_neg[5]                                                     ; pin_out          ;
; |Lab5block|state_neg[6]                                                     ; |Lab5block|state_neg[6]                                                     ; pin_out          ;
; |Lab5block|lab5:inst|yfsm~1                                                 ; |Lab5block|lab5:inst|yfsm~1                                                 ; out0             ;
; |Lab5block|lab5:inst|yfsm~9                                                 ; |Lab5block|lab5:inst|yfsm~9                                                 ; out0             ;
; |Lab5block|lab5:inst|Selector0~4                                            ; |Lab5block|lab5:inst|Selector0~4                                            ; out0             ;
; |Lab5block|lab5:inst|Selector1~2                                            ; |Lab5block|lab5:inst|Selector1~2                                            ; out0             ;
; |Lab5block|lab5:inst|Selector2~2                                            ; |Lab5block|lab5:inst|Selector2~2                                            ; out0             ;
; |Lab5block|lab5:inst|Selector3~2                                            ; |Lab5block|lab5:inst|Selector3~2                                            ; out0             ;
; |Lab5block|lab5:inst|Selector4~1                                            ; |Lab5block|lab5:inst|Selector4~1                                            ; out0             ;
; |Lab5block|lab5:inst|Selector5~2                                            ; |Lab5block|lab5:inst|Selector5~2                                            ; out0             ;
; |Lab5block|lab5:inst|Selector6~2                                            ; |Lab5block|lab5:inst|Selector6~2                                            ; out0             ;
; |Lab5block|lab5:inst|Selector7~2                                            ; |Lab5block|lab5:inst|Selector7~2                                            ; out0             ;
; |Lab5block|lab5:inst|Selector8~1                                            ; |Lab5block|lab5:inst|Selector8~1                                            ; out0             ;
; |Lab5block|sseg1:inst1|lpm_mux:Mux6|mux_joc:auto_generated|_~0              ; |Lab5block|sseg1:inst1|lpm_mux:Mux6|mux_joc:auto_generated|_~0              ; out0             ;
; |Lab5block|sseg1:inst1|lpm_mux:Mux6|mux_joc:auto_generated|_~2              ; |Lab5block|sseg1:inst1|lpm_mux:Mux6|mux_joc:auto_generated|_~2              ; out0             ;
; |Lab5block|sseg1:inst1|lpm_mux:Mux6|mux_joc:auto_generated|_~4              ; |Lab5block|sseg1:inst1|lpm_mux:Mux6|mux_joc:auto_generated|_~4              ; out0             ;
; |Lab5block|sseg1:inst1|lpm_mux:Mux6|mux_joc:auto_generated|_~5              ; |Lab5block|sseg1:inst1|lpm_mux:Mux6|mux_joc:auto_generated|_~5              ; out0             ;
; |Lab5block|sseg1:inst1|lpm_mux:Mux6|mux_joc:auto_generated|_~9              ; |Lab5block|sseg1:inst1|lpm_mux:Mux6|mux_joc:auto_generated|_~9              ; out0             ;
; |Lab5block|sseg1:inst1|lpm_mux:Mux6|mux_joc:auto_generated|_~11             ; |Lab5block|sseg1:inst1|lpm_mux:Mux6|mux_joc:auto_generated|_~11             ; out0             ;
; |Lab5block|sseg1:inst1|lpm_mux:Mux6|mux_joc:auto_generated|_~13             ; |Lab5block|sseg1:inst1|lpm_mux:Mux6|mux_joc:auto_generated|_~13             ; out0             ;
; |Lab5block|sseg1:inst1|lpm_mux:Mux6|mux_joc:auto_generated|_~14             ; |Lab5block|sseg1:inst1|lpm_mux:Mux6|mux_joc:auto_generated|_~14             ; out0             ;
; |Lab5block|sseg1:inst1|lpm_mux:Mux6|mux_joc:auto_generated|_~21             ; |Lab5block|sseg1:inst1|lpm_mux:Mux6|mux_joc:auto_generated|_~21             ; out0             ;
; |Lab5block|sseg1:inst1|lpm_mux:Mux6|mux_joc:auto_generated|_~28             ; |Lab5block|sseg1:inst1|lpm_mux:Mux6|mux_joc:auto_generated|_~28             ; out0             ;
; |Lab5block|sseg1:inst1|lpm_mux:Mux6|mux_joc:auto_generated|_~37             ; |Lab5block|sseg1:inst1|lpm_mux:Mux6|mux_joc:auto_generated|_~37             ; out0             ;
; |Lab5block|sseg1:inst1|lpm_mux:Mux6|mux_joc:auto_generated|_~47             ; |Lab5block|sseg1:inst1|lpm_mux:Mux6|mux_joc:auto_generated|_~47             ; out0             ;
; |Lab5block|sseg1:inst1|lpm_mux:Mux6|mux_joc:auto_generated|_~49             ; |Lab5block|sseg1:inst1|lpm_mux:Mux6|mux_joc:auto_generated|_~49             ; out0             ;
; |Lab5block|sseg1:inst1|lpm_mux:Mux6|mux_joc:auto_generated|_~51             ; |Lab5block|sseg1:inst1|lpm_mux:Mux6|mux_joc:auto_generated|_~51             ; out0             ;
; |Lab5block|sseg1:inst1|lpm_mux:Mux6|mux_joc:auto_generated|_~53             ; |Lab5block|sseg1:inst1|lpm_mux:Mux6|mux_joc:auto_generated|_~53             ; out0             ;
; |Lab5block|sseg1:inst1|lpm_mux:Mux6|mux_joc:auto_generated|_~54             ; |Lab5block|sseg1:inst1|lpm_mux:Mux6|mux_joc:auto_generated|_~54             ; out0             ;
; |Lab5block|sseg1:inst1|lpm_mux:Mux6|mux_joc:auto_generated|_~55             ; |Lab5block|sseg1:inst1|lpm_mux:Mux6|mux_joc:auto_generated|_~55             ; out0             ;
; |Lab5block|sseg1:inst1|lpm_mux:Mux6|mux_joc:auto_generated|_~56             ; |Lab5block|sseg1:inst1|lpm_mux:Mux6|mux_joc:auto_generated|_~56             ; out0             ;
; |Lab5block|sseg1:inst1|lpm_mux:Mux6|mux_joc:auto_generated|_~58             ; |Lab5block|sseg1:inst1|lpm_mux:Mux6|mux_joc:auto_generated|_~58             ; out0             ;
; |Lab5block|sseg1:inst1|lpm_mux:Mux6|mux_joc:auto_generated|_~60             ; |Lab5block|sseg1:inst1|lpm_mux:Mux6|mux_joc:auto_generated|_~60             ; out0             ;
; |Lab5block|sseg1:inst1|lpm_mux:Mux6|mux_joc:auto_generated|_~62             ; |Lab5block|sseg1:inst1|lpm_mux:Mux6|mux_joc:auto_generated|_~62             ; out0             ;
; |Lab5block|sseg1:inst1|lpm_mux:Mux6|mux_joc:auto_generated|_~63             ; |Lab5block|sseg1:inst1|lpm_mux:Mux6|mux_joc:auto_generated|_~63             ; out0             ;
; |Lab5block|sseg1:inst1|lpm_mux:Mux6|mux_joc:auto_generated|_~66             ; |Lab5block|sseg1:inst1|lpm_mux:Mux6|mux_joc:auto_generated|_~66             ; out0             ;
; |Lab5block|sseg1:inst1|lpm_mux:Mux6|mux_joc:auto_generated|_~67             ; |Lab5block|sseg1:inst1|lpm_mux:Mux6|mux_joc:auto_generated|_~67             ; out0             ;
; |Lab5block|sseg1:inst1|lpm_mux:Mux6|mux_joc:auto_generated|result_node[0]~0 ; |Lab5block|sseg1:inst1|lpm_mux:Mux6|mux_joc:auto_generated|result_node[0]~0 ; out0             ;
; |Lab5block|sseg1:inst1|lpm_mux:Mux6|mux_joc:auto_generated|_~78             ; |Lab5block|sseg1:inst1|lpm_mux:Mux6|mux_joc:auto_generated|_~78             ; out0             ;
; |Lab5block|sseg1:inst1|lpm_mux:Mux6|mux_joc:auto_generated|_~87             ; |Lab5block|sseg1:inst1|lpm_mux:Mux6|mux_joc:auto_generated|_~87             ; out0             ;
; |Lab5block|sseg1:inst1|lpm_mux:Mux6|mux_joc:auto_generated|_~97             ; |Lab5block|sseg1:inst1|lpm_mux:Mux6|mux_joc:auto_generated|_~97             ; out0             ;
; |Lab5block|sseg1:inst1|lpm_mux:Mux6|mux_joc:auto_generated|_~99             ; |Lab5block|sseg1:inst1|lpm_mux:Mux6|mux_joc:auto_generated|_~99             ; out0             ;
; |Lab5block|sseg1:inst1|lpm_mux:Mux6|mux_joc:auto_generated|_~101            ; |Lab5block|sseg1:inst1|lpm_mux:Mux6|mux_joc:auto_generated|_~101            ; out0             ;
; |Lab5block|sseg1:inst1|lpm_mux:Mux6|mux_joc:auto_generated|_~103            ; |Lab5block|sseg1:inst1|lpm_mux:Mux6|mux_joc:auto_generated|_~103            ; out0             ;
; |Lab5block|sseg1:inst1|lpm_mux:Mux6|mux_joc:auto_generated|_~104            ; |Lab5block|sseg1:inst1|lpm_mux:Mux6|mux_joc:auto_generated|_~104            ; out0             ;
; |Lab5block|sseg1:inst1|lpm_mux:Mux6|mux_joc:auto_generated|_~105            ; |Lab5block|sseg1:inst1|lpm_mux:Mux6|mux_joc:auto_generated|_~105            ; out0             ;
; |Lab5block|sseg1:inst1|lpm_mux:Mux6|mux_joc:auto_generated|_~106            ; |Lab5block|sseg1:inst1|lpm_mux:Mux6|mux_joc:auto_generated|_~106            ; out0             ;
; |Lab5block|sseg1:inst1|lpm_mux:Mux6|mux_joc:auto_generated|_~108            ; |Lab5block|sseg1:inst1|lpm_mux:Mux6|mux_joc:auto_generated|_~108            ; out0             ;
; |Lab5block|sseg1:inst1|lpm_mux:Mux6|mux_joc:auto_generated|_~110            ; |Lab5block|sseg1:inst1|lpm_mux:Mux6|mux_joc:auto_generated|_~110            ; out0             ;
; |Lab5block|sseg1:inst1|lpm_mux:Mux6|mux_joc:auto_generated|_~112            ; |Lab5block|sseg1:inst1|lpm_mux:Mux6|mux_joc:auto_generated|_~112            ; out0             ;
; |Lab5block|sseg1:inst1|lpm_mux:Mux6|mux_joc:auto_generated|_~113            ; |Lab5block|sseg1:inst1|lpm_mux:Mux6|mux_joc:auto_generated|_~113            ; out0             ;
; |Lab5block|sseg1:inst1|lpm_mux:Mux6|mux_joc:auto_generated|_~116            ; |Lab5block|sseg1:inst1|lpm_mux:Mux6|mux_joc:auto_generated|_~116            ; out0             ;
; |Lab5block|sseg1:inst1|lpm_mux:Mux6|mux_joc:auto_generated|_~117            ; |Lab5block|sseg1:inst1|lpm_mux:Mux6|mux_joc:auto_generated|_~117            ; out0             ;
; |Lab5block|sseg1:inst1|lpm_mux:Mux6|mux_joc:auto_generated|_~123            ; |Lab5block|sseg1:inst1|lpm_mux:Mux6|mux_joc:auto_generated|_~123            ; out0             ;
; |Lab5block|sseg1:inst1|lpm_mux:Mux6|mux_joc:auto_generated|_~125            ; |Lab5block|sseg1:inst1|lpm_mux:Mux6|mux_joc:auto_generated|_~125            ; out0             ;
; |Lab5block|sseg1:inst1|lpm_mux:Mux6|mux_joc:auto_generated|_~126            ; |Lab5block|sseg1:inst1|lpm_mux:Mux6|mux_joc:auto_generated|_~126            ; out0             ;
; |Lab5block|sseg1:inst1|lpm_mux:Mux6|mux_joc:auto_generated|_~132            ; |Lab5block|sseg1:inst1|lpm_mux:Mux6|mux_joc:auto_generated|_~132            ; out0             ;
; |Lab5block|sseg1:inst1|lpm_mux:Mux6|mux_joc:auto_generated|_~134            ; |Lab5block|sseg1:inst1|lpm_mux:Mux6|mux_joc:auto_generated|_~134            ; out0             ;
; |Lab5block|sseg1:inst1|lpm_mux:Mux6|mux_joc:auto_generated|_~135            ; |Lab5block|sseg1:inst1|lpm_mux:Mux6|mux_joc:auto_generated|_~135            ; out0             ;
; |Lab5block|sseg1:inst1|lpm_mux:Mux5|mux_joc:auto_generated|_~0              ; |Lab5block|sseg1:inst1|lpm_mux:Mux5|mux_joc:auto_generated|_~0              ; out0             ;
; |Lab5block|sseg1:inst1|lpm_mux:Mux5|mux_joc:auto_generated|_~2              ; |Lab5block|sseg1:inst1|lpm_mux:Mux5|mux_joc:auto_generated|_~2              ; out0             ;
; |Lab5block|sseg1:inst1|lpm_mux:Mux5|mux_joc:auto_generated|_~4              ; |Lab5block|sseg1:inst1|lpm_mux:Mux5|mux_joc:auto_generated|_~4              ; out0             ;
; |Lab5block|sseg1:inst1|lpm_mux:Mux5|mux_joc:auto_generated|_~5              ; |Lab5block|sseg1:inst1|lpm_mux:Mux5|mux_joc:auto_generated|_~5              ; out0             ;
; |Lab5block|sseg1:inst1|lpm_mux:Mux5|mux_joc:auto_generated|_~9              ; |Lab5block|sseg1:inst1|lpm_mux:Mux5|mux_joc:auto_generated|_~9              ; out0             ;
; |Lab5block|sseg1:inst1|lpm_mux:Mux5|mux_joc:auto_generated|_~11             ; |Lab5block|sseg1:inst1|lpm_mux:Mux5|mux_joc:auto_generated|_~11             ; out0             ;
; |Lab5block|sseg1:inst1|lpm_mux:Mux5|mux_joc:auto_generated|_~13             ; |Lab5block|sseg1:inst1|lpm_mux:Mux5|mux_joc:auto_generated|_~13             ; out0             ;
; |Lab5block|sseg1:inst1|lpm_mux:Mux5|mux_joc:auto_generated|_~14             ; |Lab5block|sseg1:inst1|lpm_mux:Mux5|mux_joc:auto_generated|_~14             ; out0             ;
; |Lab5block|sseg1:inst1|lpm_mux:Mux5|mux_joc:auto_generated|_~21             ; |Lab5block|sseg1:inst1|lpm_mux:Mux5|mux_joc:auto_generated|_~21             ; out0             ;
; |Lab5block|sseg1:inst1|lpm_mux:Mux5|mux_joc:auto_generated|_~22             ; |Lab5block|sseg1:inst1|lpm_mux:Mux5|mux_joc:auto_generated|_~22             ; out0             ;
; |Lab5block|sseg1:inst1|lpm_mux:Mux5|mux_joc:auto_generated|_~27             ; |Lab5block|sseg1:inst1|lpm_mux:Mux5|mux_joc:auto_generated|_~27             ; out0             ;
; |Lab5block|sseg1:inst1|lpm_mux:Mux5|mux_joc:auto_generated|_~31             ; |Lab5block|sseg1:inst1|lpm_mux:Mux5|mux_joc:auto_generated|_~31             ; out0             ;
; |Lab5block|sseg1:inst1|lpm_mux:Mux5|mux_joc:auto_generated|_~36             ; |Lab5block|sseg1:inst1|lpm_mux:Mux5|mux_joc:auto_generated|_~36             ; out0             ;
; |Lab5block|sseg1:inst1|lpm_mux:Mux5|mux_joc:auto_generated|_~40             ; |Lab5block|sseg1:inst1|lpm_mux:Mux5|mux_joc:auto_generated|_~40             ; out0             ;
; |Lab5block|sseg1:inst1|lpm_mux:Mux5|mux_joc:auto_generated|_~47             ; |Lab5block|sseg1:inst1|lpm_mux:Mux5|mux_joc:auto_generated|_~47             ; out0             ;
; |Lab5block|sseg1:inst1|lpm_mux:Mux5|mux_joc:auto_generated|_~49             ; |Lab5block|sseg1:inst1|lpm_mux:Mux5|mux_joc:auto_generated|_~49             ; out0             ;
; |Lab5block|sseg1:inst1|lpm_mux:Mux5|mux_joc:auto_generated|_~51             ; |Lab5block|sseg1:inst1|lpm_mux:Mux5|mux_joc:auto_generated|_~51             ; out0             ;
; |Lab5block|sseg1:inst1|lpm_mux:Mux5|mux_joc:auto_generated|_~53             ; |Lab5block|sseg1:inst1|lpm_mux:Mux5|mux_joc:auto_generated|_~53             ; out0             ;
; |Lab5block|sseg1:inst1|lpm_mux:Mux5|mux_joc:auto_generated|_~54             ; |Lab5block|sseg1:inst1|lpm_mux:Mux5|mux_joc:auto_generated|_~54             ; out0             ;
; |Lab5block|sseg1:inst1|lpm_mux:Mux5|mux_joc:auto_generated|_~55             ; |Lab5block|sseg1:inst1|lpm_mux:Mux5|mux_joc:auto_generated|_~55             ; out0             ;
; |Lab5block|sseg1:inst1|lpm_mux:Mux5|mux_joc:auto_generated|_~56             ; |Lab5block|sseg1:inst1|lpm_mux:Mux5|mux_joc:auto_generated|_~56             ; out0             ;
; |Lab5block|sseg1:inst1|lpm_mux:Mux5|mux_joc:auto_generated|_~58             ; |Lab5block|sseg1:inst1|lpm_mux:Mux5|mux_joc:auto_generated|_~58             ; out0             ;
; |Lab5block|sseg1:inst1|lpm_mux:Mux5|mux_joc:auto_generated|_~60             ; |Lab5block|sseg1:inst1|lpm_mux:Mux5|mux_joc:auto_generated|_~60             ; out0             ;
; |Lab5block|sseg1:inst1|lpm_mux:Mux5|mux_joc:auto_generated|_~62             ; |Lab5block|sseg1:inst1|lpm_mux:Mux5|mux_joc:auto_generated|_~62             ; out0             ;
; |Lab5block|sseg1:inst1|lpm_mux:Mux5|mux_joc:auto_generated|_~63             ; |Lab5block|sseg1:inst1|lpm_mux:Mux5|mux_joc:auto_generated|_~63             ; out0             ;
; |Lab5block|sseg1:inst1|lpm_mux:Mux5|mux_joc:auto_generated|_~66             ; |Lab5block|sseg1:inst1|lpm_mux:Mux5|mux_joc:auto_generated|_~66             ; out0             ;
; |Lab5block|sseg1:inst1|lpm_mux:Mux5|mux_joc:auto_generated|_~67             ; |Lab5block|sseg1:inst1|lpm_mux:Mux5|mux_joc:auto_generated|_~67             ; out0             ;
; |Lab5block|sseg1:inst1|lpm_mux:Mux5|mux_joc:auto_generated|result_node[0]~0 ; |Lab5block|sseg1:inst1|lpm_mux:Mux5|mux_joc:auto_generated|result_node[0]~0 ; out0             ;
; |Lab5block|sseg1:inst1|lpm_mux:Mux5|mux_joc:auto_generated|_~72             ; |Lab5block|sseg1:inst1|lpm_mux:Mux5|mux_joc:auto_generated|_~72             ; out0             ;
; |Lab5block|sseg1:inst1|lpm_mux:Mux5|mux_joc:auto_generated|_~77             ; |Lab5block|sseg1:inst1|lpm_mux:Mux5|mux_joc:auto_generated|_~77             ; out0             ;
; |Lab5block|sseg1:inst1|lpm_mux:Mux5|mux_joc:auto_generated|_~81             ; |Lab5block|sseg1:inst1|lpm_mux:Mux5|mux_joc:auto_generated|_~81             ; out0             ;
; |Lab5block|sseg1:inst1|lpm_mux:Mux5|mux_joc:auto_generated|_~86             ; |Lab5block|sseg1:inst1|lpm_mux:Mux5|mux_joc:auto_generated|_~86             ; out0             ;
; |Lab5block|sseg1:inst1|lpm_mux:Mux5|mux_joc:auto_generated|_~90             ; |Lab5block|sseg1:inst1|lpm_mux:Mux5|mux_joc:auto_generated|_~90             ; out0             ;
; |Lab5block|sseg1:inst1|lpm_mux:Mux5|mux_joc:auto_generated|_~97             ; |Lab5block|sseg1:inst1|lpm_mux:Mux5|mux_joc:auto_generated|_~97             ; out0             ;
; |Lab5block|sseg1:inst1|lpm_mux:Mux5|mux_joc:auto_generated|_~99             ; |Lab5block|sseg1:inst1|lpm_mux:Mux5|mux_joc:auto_generated|_~99             ; out0             ;
; |Lab5block|sseg1:inst1|lpm_mux:Mux5|mux_joc:auto_generated|_~101            ; |Lab5block|sseg1:inst1|lpm_mux:Mux5|mux_joc:auto_generated|_~101            ; out0             ;
; |Lab5block|sseg1:inst1|lpm_mux:Mux5|mux_joc:auto_generated|_~103            ; |Lab5block|sseg1:inst1|lpm_mux:Mux5|mux_joc:auto_generated|_~103            ; out0             ;
; |Lab5block|sseg1:inst1|lpm_mux:Mux5|mux_joc:auto_generated|_~104            ; |Lab5block|sseg1:inst1|lpm_mux:Mux5|mux_joc:auto_generated|_~104            ; out0             ;
; |Lab5block|sseg1:inst1|lpm_mux:Mux5|mux_joc:auto_generated|_~105            ; |Lab5block|sseg1:inst1|lpm_mux:Mux5|mux_joc:auto_generated|_~105            ; out0             ;
; |Lab5block|sseg1:inst1|lpm_mux:Mux5|mux_joc:auto_generated|_~106            ; |Lab5block|sseg1:inst1|lpm_mux:Mux5|mux_joc:auto_generated|_~106            ; out0             ;
; |Lab5block|sseg1:inst1|lpm_mux:Mux5|mux_joc:auto_generated|_~108            ; |Lab5block|sseg1:inst1|lpm_mux:Mux5|mux_joc:auto_generated|_~108            ; out0             ;
; |Lab5block|sseg1:inst1|lpm_mux:Mux5|mux_joc:auto_generated|_~110            ; |Lab5block|sseg1:inst1|lpm_mux:Mux5|mux_joc:auto_generated|_~110            ; out0             ;
; |Lab5block|sseg1:inst1|lpm_mux:Mux5|mux_joc:auto_generated|_~112            ; |Lab5block|sseg1:inst1|lpm_mux:Mux5|mux_joc:auto_generated|_~112            ; out0             ;
; |Lab5block|sseg1:inst1|lpm_mux:Mux5|mux_joc:auto_generated|_~113            ; |Lab5block|sseg1:inst1|lpm_mux:Mux5|mux_joc:auto_generated|_~113            ; out0             ;
; |Lab5block|sseg1:inst1|lpm_mux:Mux5|mux_joc:auto_generated|_~116            ; |Lab5block|sseg1:inst1|lpm_mux:Mux5|mux_joc:auto_generated|_~116            ; out0             ;
; |Lab5block|sseg1:inst1|lpm_mux:Mux5|mux_joc:auto_generated|_~117            ; |Lab5block|sseg1:inst1|lpm_mux:Mux5|mux_joc:auto_generated|_~117            ; out0             ;
; |Lab5block|sseg1:inst1|lpm_mux:Mux5|mux_joc:auto_generated|_~121            ; |Lab5block|sseg1:inst1|lpm_mux:Mux5|mux_joc:auto_generated|_~121            ; out0             ;
; |Lab5block|sseg1:inst1|lpm_mux:Mux5|mux_joc:auto_generated|_~126            ; |Lab5block|sseg1:inst1|lpm_mux:Mux5|mux_joc:auto_generated|_~126            ; out0             ;
; |Lab5block|sseg1:inst1|lpm_mux:Mux5|mux_joc:auto_generated|_~130            ; |Lab5block|sseg1:inst1|lpm_mux:Mux5|mux_joc:auto_generated|_~130            ; out0             ;
; |Lab5block|sseg1:inst1|lpm_mux:Mux5|mux_joc:auto_generated|_~135            ; |Lab5block|sseg1:inst1|lpm_mux:Mux5|mux_joc:auto_generated|_~135            ; out0             ;
; |Lab5block|sseg1:inst1|lpm_mux:Mux5|mux_joc:auto_generated|_~143            ; |Lab5block|sseg1:inst1|lpm_mux:Mux5|mux_joc:auto_generated|_~143            ; out0             ;
; |Lab5block|sseg1:inst1|lpm_mux:Mux4|mux_joc:auto_generated|_~5              ; |Lab5block|sseg1:inst1|lpm_mux:Mux4|mux_joc:auto_generated|_~5              ; out0             ;
; |Lab5block|sseg1:inst1|lpm_mux:Mux4|mux_joc:auto_generated|_~14             ; |Lab5block|sseg1:inst1|lpm_mux:Mux4|mux_joc:auto_generated|_~14             ; out0             ;
; |Lab5block|sseg1:inst1|lpm_mux:Mux4|mux_joc:auto_generated|_~22             ; |Lab5block|sseg1:inst1|lpm_mux:Mux4|mux_joc:auto_generated|_~22             ; out0             ;
; |Lab5block|sseg1:inst1|lpm_mux:Mux4|mux_joc:auto_generated|_~27             ; |Lab5block|sseg1:inst1|lpm_mux:Mux4|mux_joc:auto_generated|_~27             ; out0             ;
; |Lab5block|sseg1:inst1|lpm_mux:Mux4|mux_joc:auto_generated|_~31             ; |Lab5block|sseg1:inst1|lpm_mux:Mux4|mux_joc:auto_generated|_~31             ; out0             ;
; |Lab5block|sseg1:inst1|lpm_mux:Mux4|mux_joc:auto_generated|_~36             ; |Lab5block|sseg1:inst1|lpm_mux:Mux4|mux_joc:auto_generated|_~36             ; out0             ;
; |Lab5block|sseg1:inst1|lpm_mux:Mux4|mux_joc:auto_generated|_~47             ; |Lab5block|sseg1:inst1|lpm_mux:Mux4|mux_joc:auto_generated|_~47             ; out0             ;
; |Lab5block|sseg1:inst1|lpm_mux:Mux4|mux_joc:auto_generated|_~53             ; |Lab5block|sseg1:inst1|lpm_mux:Mux4|mux_joc:auto_generated|_~53             ; out0             ;
; |Lab5block|sseg1:inst1|lpm_mux:Mux4|mux_joc:auto_generated|_~56             ; |Lab5block|sseg1:inst1|lpm_mux:Mux4|mux_joc:auto_generated|_~56             ; out0             ;
; |Lab5block|sseg1:inst1|lpm_mux:Mux4|mux_joc:auto_generated|_~62             ; |Lab5block|sseg1:inst1|lpm_mux:Mux4|mux_joc:auto_generated|_~62             ; out0             ;
; |Lab5block|sseg1:inst1|lpm_mux:Mux4|mux_joc:auto_generated|_~72             ; |Lab5block|sseg1:inst1|lpm_mux:Mux4|mux_joc:auto_generated|_~72             ; out0             ;
; |Lab5block|sseg1:inst1|lpm_mux:Mux4|mux_joc:auto_generated|_~77             ; |Lab5block|sseg1:inst1|lpm_mux:Mux4|mux_joc:auto_generated|_~77             ; out0             ;
; |Lab5block|sseg1:inst1|lpm_mux:Mux4|mux_joc:auto_generated|_~81             ; |Lab5block|sseg1:inst1|lpm_mux:Mux4|mux_joc:auto_generated|_~81             ; out0             ;
; |Lab5block|sseg1:inst1|lpm_mux:Mux4|mux_joc:auto_generated|_~86             ; |Lab5block|sseg1:inst1|lpm_mux:Mux4|mux_joc:auto_generated|_~86             ; out0             ;
; |Lab5block|sseg1:inst1|lpm_mux:Mux4|mux_joc:auto_generated|_~97             ; |Lab5block|sseg1:inst1|lpm_mux:Mux4|mux_joc:auto_generated|_~97             ; out0             ;
; |Lab5block|sseg1:inst1|lpm_mux:Mux4|mux_joc:auto_generated|_~103            ; |Lab5block|sseg1:inst1|lpm_mux:Mux4|mux_joc:auto_generated|_~103            ; out0             ;
; |Lab5block|sseg1:inst1|lpm_mux:Mux4|mux_joc:auto_generated|_~106            ; |Lab5block|sseg1:inst1|lpm_mux:Mux4|mux_joc:auto_generated|_~106            ; out0             ;
; |Lab5block|sseg1:inst1|lpm_mux:Mux4|mux_joc:auto_generated|_~112            ; |Lab5block|sseg1:inst1|lpm_mux:Mux4|mux_joc:auto_generated|_~112            ; out0             ;
; |Lab5block|sseg1:inst1|lpm_mux:Mux4|mux_joc:auto_generated|_~121            ; |Lab5block|sseg1:inst1|lpm_mux:Mux4|mux_joc:auto_generated|_~121            ; out0             ;
; |Lab5block|sseg1:inst1|lpm_mux:Mux4|mux_joc:auto_generated|_~123            ; |Lab5block|sseg1:inst1|lpm_mux:Mux4|mux_joc:auto_generated|_~123            ; out0             ;
; |Lab5block|sseg1:inst1|lpm_mux:Mux4|mux_joc:auto_generated|_~125            ; |Lab5block|sseg1:inst1|lpm_mux:Mux4|mux_joc:auto_generated|_~125            ; out0             ;
; |Lab5block|sseg1:inst1|lpm_mux:Mux4|mux_joc:auto_generated|_~126            ; |Lab5block|sseg1:inst1|lpm_mux:Mux4|mux_joc:auto_generated|_~126            ; out0             ;
; |Lab5block|sseg1:inst1|lpm_mux:Mux4|mux_joc:auto_generated|_~130            ; |Lab5block|sseg1:inst1|lpm_mux:Mux4|mux_joc:auto_generated|_~130            ; out0             ;
; |Lab5block|sseg1:inst1|lpm_mux:Mux4|mux_joc:auto_generated|_~132            ; |Lab5block|sseg1:inst1|lpm_mux:Mux4|mux_joc:auto_generated|_~132            ; out0             ;
; |Lab5block|sseg1:inst1|lpm_mux:Mux4|mux_joc:auto_generated|_~134            ; |Lab5block|sseg1:inst1|lpm_mux:Mux4|mux_joc:auto_generated|_~134            ; out0             ;
; |Lab5block|sseg1:inst1|lpm_mux:Mux4|mux_joc:auto_generated|_~135            ; |Lab5block|sseg1:inst1|lpm_mux:Mux4|mux_joc:auto_generated|_~135            ; out0             ;
; |Lab5block|sseg1:inst1|lpm_mux:Mux3|mux_joc:auto_generated|_~2              ; |Lab5block|sseg1:inst1|lpm_mux:Mux3|mux_joc:auto_generated|_~2              ; out0             ;
; |Lab5block|sseg1:inst1|lpm_mux:Mux3|mux_joc:auto_generated|_~4              ; |Lab5block|sseg1:inst1|lpm_mux:Mux3|mux_joc:auto_generated|_~4              ; out0             ;
; |Lab5block|sseg1:inst1|lpm_mux:Mux3|mux_joc:auto_generated|_~5              ; |Lab5block|sseg1:inst1|lpm_mux:Mux3|mux_joc:auto_generated|_~5              ; out0             ;
; |Lab5block|sseg1:inst1|lpm_mux:Mux3|mux_joc:auto_generated|_~11             ; |Lab5block|sseg1:inst1|lpm_mux:Mux3|mux_joc:auto_generated|_~11             ; out0             ;
; |Lab5block|sseg1:inst1|lpm_mux:Mux3|mux_joc:auto_generated|_~13             ; |Lab5block|sseg1:inst1|lpm_mux:Mux3|mux_joc:auto_generated|_~13             ; out0             ;
; |Lab5block|sseg1:inst1|lpm_mux:Mux3|mux_joc:auto_generated|_~14             ; |Lab5block|sseg1:inst1|lpm_mux:Mux3|mux_joc:auto_generated|_~14             ; out0             ;
; |Lab5block|sseg1:inst1|lpm_mux:Mux3|mux_joc:auto_generated|_~21             ; |Lab5block|sseg1:inst1|lpm_mux:Mux3|mux_joc:auto_generated|_~21             ; out0             ;
; |Lab5block|sseg1:inst1|lpm_mux:Mux3|mux_joc:auto_generated|_~22             ; |Lab5block|sseg1:inst1|lpm_mux:Mux3|mux_joc:auto_generated|_~22             ; out0             ;
; |Lab5block|sseg1:inst1|lpm_mux:Mux3|mux_joc:auto_generated|_~28             ; |Lab5block|sseg1:inst1|lpm_mux:Mux3|mux_joc:auto_generated|_~28             ; out0             ;
; |Lab5block|sseg1:inst1|lpm_mux:Mux3|mux_joc:auto_generated|_~31             ; |Lab5block|sseg1:inst1|lpm_mux:Mux3|mux_joc:auto_generated|_~31             ; out0             ;
; |Lab5block|sseg1:inst1|lpm_mux:Mux3|mux_joc:auto_generated|_~37             ; |Lab5block|sseg1:inst1|lpm_mux:Mux3|mux_joc:auto_generated|_~37             ; out0             ;
; |Lab5block|sseg1:inst1|lpm_mux:Mux3|mux_joc:auto_generated|_~47             ; |Lab5block|sseg1:inst1|lpm_mux:Mux3|mux_joc:auto_generated|_~47             ; out0             ;
; |Lab5block|sseg1:inst1|lpm_mux:Mux3|mux_joc:auto_generated|_~49             ; |Lab5block|sseg1:inst1|lpm_mux:Mux3|mux_joc:auto_generated|_~49             ; out0             ;
; |Lab5block|sseg1:inst1|lpm_mux:Mux3|mux_joc:auto_generated|_~51             ; |Lab5block|sseg1:inst1|lpm_mux:Mux3|mux_joc:auto_generated|_~51             ; out0             ;
; |Lab5block|sseg1:inst1|lpm_mux:Mux3|mux_joc:auto_generated|_~53             ; |Lab5block|sseg1:inst1|lpm_mux:Mux3|mux_joc:auto_generated|_~53             ; out0             ;
; |Lab5block|sseg1:inst1|lpm_mux:Mux3|mux_joc:auto_generated|_~54             ; |Lab5block|sseg1:inst1|lpm_mux:Mux3|mux_joc:auto_generated|_~54             ; out0             ;
; |Lab5block|sseg1:inst1|lpm_mux:Mux3|mux_joc:auto_generated|_~55             ; |Lab5block|sseg1:inst1|lpm_mux:Mux3|mux_joc:auto_generated|_~55             ; out0             ;
; |Lab5block|sseg1:inst1|lpm_mux:Mux3|mux_joc:auto_generated|_~56             ; |Lab5block|sseg1:inst1|lpm_mux:Mux3|mux_joc:auto_generated|_~56             ; out0             ;
; |Lab5block|sseg1:inst1|lpm_mux:Mux3|mux_joc:auto_generated|_~58             ; |Lab5block|sseg1:inst1|lpm_mux:Mux3|mux_joc:auto_generated|_~58             ; out0             ;
; |Lab5block|sseg1:inst1|lpm_mux:Mux3|mux_joc:auto_generated|_~60             ; |Lab5block|sseg1:inst1|lpm_mux:Mux3|mux_joc:auto_generated|_~60             ; out0             ;
; |Lab5block|sseg1:inst1|lpm_mux:Mux3|mux_joc:auto_generated|_~62             ; |Lab5block|sseg1:inst1|lpm_mux:Mux3|mux_joc:auto_generated|_~62             ; out0             ;
; |Lab5block|sseg1:inst1|lpm_mux:Mux3|mux_joc:auto_generated|_~63             ; |Lab5block|sseg1:inst1|lpm_mux:Mux3|mux_joc:auto_generated|_~63             ; out0             ;
; |Lab5block|sseg1:inst1|lpm_mux:Mux3|mux_joc:auto_generated|_~65             ; |Lab5block|sseg1:inst1|lpm_mux:Mux3|mux_joc:auto_generated|_~65             ; out0             ;
; |Lab5block|sseg1:inst1|lpm_mux:Mux3|mux_joc:auto_generated|_~66             ; |Lab5block|sseg1:inst1|lpm_mux:Mux3|mux_joc:auto_generated|_~66             ; out0             ;
; |Lab5block|sseg1:inst1|lpm_mux:Mux3|mux_joc:auto_generated|_~67             ; |Lab5block|sseg1:inst1|lpm_mux:Mux3|mux_joc:auto_generated|_~67             ; out0             ;
; |Lab5block|sseg1:inst1|lpm_mux:Mux3|mux_joc:auto_generated|result_node[0]~0 ; |Lab5block|sseg1:inst1|lpm_mux:Mux3|mux_joc:auto_generated|result_node[0]~0 ; out0             ;
; |Lab5block|sseg1:inst1|lpm_mux:Mux3|mux_joc:auto_generated|_~72             ; |Lab5block|sseg1:inst1|lpm_mux:Mux3|mux_joc:auto_generated|_~72             ; out0             ;
; |Lab5block|sseg1:inst1|lpm_mux:Mux3|mux_joc:auto_generated|_~78             ; |Lab5block|sseg1:inst1|lpm_mux:Mux3|mux_joc:auto_generated|_~78             ; out0             ;
; |Lab5block|sseg1:inst1|lpm_mux:Mux3|mux_joc:auto_generated|_~81             ; |Lab5block|sseg1:inst1|lpm_mux:Mux3|mux_joc:auto_generated|_~81             ; out0             ;
; |Lab5block|sseg1:inst1|lpm_mux:Mux3|mux_joc:auto_generated|_~87             ; |Lab5block|sseg1:inst1|lpm_mux:Mux3|mux_joc:auto_generated|_~87             ; out0             ;
; |Lab5block|sseg1:inst1|lpm_mux:Mux3|mux_joc:auto_generated|_~97             ; |Lab5block|sseg1:inst1|lpm_mux:Mux3|mux_joc:auto_generated|_~97             ; out0             ;
; |Lab5block|sseg1:inst1|lpm_mux:Mux3|mux_joc:auto_generated|_~99             ; |Lab5block|sseg1:inst1|lpm_mux:Mux3|mux_joc:auto_generated|_~99             ; out0             ;
; |Lab5block|sseg1:inst1|lpm_mux:Mux3|mux_joc:auto_generated|_~101            ; |Lab5block|sseg1:inst1|lpm_mux:Mux3|mux_joc:auto_generated|_~101            ; out0             ;
; |Lab5block|sseg1:inst1|lpm_mux:Mux3|mux_joc:auto_generated|_~103            ; |Lab5block|sseg1:inst1|lpm_mux:Mux3|mux_joc:auto_generated|_~103            ; out0             ;
; |Lab5block|sseg1:inst1|lpm_mux:Mux3|mux_joc:auto_generated|_~104            ; |Lab5block|sseg1:inst1|lpm_mux:Mux3|mux_joc:auto_generated|_~104            ; out0             ;
; |Lab5block|sseg1:inst1|lpm_mux:Mux3|mux_joc:auto_generated|_~105            ; |Lab5block|sseg1:inst1|lpm_mux:Mux3|mux_joc:auto_generated|_~105            ; out0             ;
; |Lab5block|sseg1:inst1|lpm_mux:Mux3|mux_joc:auto_generated|_~106            ; |Lab5block|sseg1:inst1|lpm_mux:Mux3|mux_joc:auto_generated|_~106            ; out0             ;
; |Lab5block|sseg1:inst1|lpm_mux:Mux3|mux_joc:auto_generated|_~108            ; |Lab5block|sseg1:inst1|lpm_mux:Mux3|mux_joc:auto_generated|_~108            ; out0             ;
; |Lab5block|sseg1:inst1|lpm_mux:Mux3|mux_joc:auto_generated|_~110            ; |Lab5block|sseg1:inst1|lpm_mux:Mux3|mux_joc:auto_generated|_~110            ; out0             ;
; |Lab5block|sseg1:inst1|lpm_mux:Mux3|mux_joc:auto_generated|_~112            ; |Lab5block|sseg1:inst1|lpm_mux:Mux3|mux_joc:auto_generated|_~112            ; out0             ;
; |Lab5block|sseg1:inst1|lpm_mux:Mux3|mux_joc:auto_generated|_~113            ; |Lab5block|sseg1:inst1|lpm_mux:Mux3|mux_joc:auto_generated|_~113            ; out0             ;
; |Lab5block|sseg1:inst1|lpm_mux:Mux3|mux_joc:auto_generated|_~115            ; |Lab5block|sseg1:inst1|lpm_mux:Mux3|mux_joc:auto_generated|_~115            ; out0             ;
; |Lab5block|sseg1:inst1|lpm_mux:Mux3|mux_joc:auto_generated|_~116            ; |Lab5block|sseg1:inst1|lpm_mux:Mux3|mux_joc:auto_generated|_~116            ; out0             ;
; |Lab5block|sseg1:inst1|lpm_mux:Mux3|mux_joc:auto_generated|_~117            ; |Lab5block|sseg1:inst1|lpm_mux:Mux3|mux_joc:auto_generated|_~117            ; out0             ;
; |Lab5block|sseg1:inst1|lpm_mux:Mux3|mux_joc:auto_generated|_~121            ; |Lab5block|sseg1:inst1|lpm_mux:Mux3|mux_joc:auto_generated|_~121            ; out0             ;
; |Lab5block|sseg1:inst1|lpm_mux:Mux3|mux_joc:auto_generated|_~123            ; |Lab5block|sseg1:inst1|lpm_mux:Mux3|mux_joc:auto_generated|_~123            ; out0             ;
; |Lab5block|sseg1:inst1|lpm_mux:Mux3|mux_joc:auto_generated|_~125            ; |Lab5block|sseg1:inst1|lpm_mux:Mux3|mux_joc:auto_generated|_~125            ; out0             ;
; |Lab5block|sseg1:inst1|lpm_mux:Mux3|mux_joc:auto_generated|_~126            ; |Lab5block|sseg1:inst1|lpm_mux:Mux3|mux_joc:auto_generated|_~126            ; out0             ;
; |Lab5block|sseg1:inst1|lpm_mux:Mux3|mux_joc:auto_generated|_~130            ; |Lab5block|sseg1:inst1|lpm_mux:Mux3|mux_joc:auto_generated|_~130            ; out0             ;
; |Lab5block|sseg1:inst1|lpm_mux:Mux3|mux_joc:auto_generated|_~132            ; |Lab5block|sseg1:inst1|lpm_mux:Mux3|mux_joc:auto_generated|_~132            ; out0             ;
; |Lab5block|sseg1:inst1|lpm_mux:Mux3|mux_joc:auto_generated|_~134            ; |Lab5block|sseg1:inst1|lpm_mux:Mux3|mux_joc:auto_generated|_~134            ; out0             ;
; |Lab5block|sseg1:inst1|lpm_mux:Mux3|mux_joc:auto_generated|_~135            ; |Lab5block|sseg1:inst1|lpm_mux:Mux3|mux_joc:auto_generated|_~135            ; out0             ;
; |Lab5block|sseg1:inst1|lpm_mux:Mux2|mux_joc:auto_generated|_~0              ; |Lab5block|sseg1:inst1|lpm_mux:Mux2|mux_joc:auto_generated|_~0              ; out0             ;
; |Lab5block|sseg1:inst1|lpm_mux:Mux2|mux_joc:auto_generated|_~2              ; |Lab5block|sseg1:inst1|lpm_mux:Mux2|mux_joc:auto_generated|_~2              ; out0             ;
; |Lab5block|sseg1:inst1|lpm_mux:Mux2|mux_joc:auto_generated|_~4              ; |Lab5block|sseg1:inst1|lpm_mux:Mux2|mux_joc:auto_generated|_~4              ; out0             ;
; |Lab5block|sseg1:inst1|lpm_mux:Mux2|mux_joc:auto_generated|_~6              ; |Lab5block|sseg1:inst1|lpm_mux:Mux2|mux_joc:auto_generated|_~6              ; out0             ;
; |Lab5block|sseg1:inst1|lpm_mux:Mux2|mux_joc:auto_generated|_~7              ; |Lab5block|sseg1:inst1|lpm_mux:Mux2|mux_joc:auto_generated|_~7              ; out0             ;
; |Lab5block|sseg1:inst1|lpm_mux:Mux2|mux_joc:auto_generated|_~8              ; |Lab5block|sseg1:inst1|lpm_mux:Mux2|mux_joc:auto_generated|_~8              ; out0             ;
; |Lab5block|sseg1:inst1|lpm_mux:Mux2|mux_joc:auto_generated|_~9              ; |Lab5block|sseg1:inst1|lpm_mux:Mux2|mux_joc:auto_generated|_~9              ; out0             ;
; |Lab5block|sseg1:inst1|lpm_mux:Mux2|mux_joc:auto_generated|_~11             ; |Lab5block|sseg1:inst1|lpm_mux:Mux2|mux_joc:auto_generated|_~11             ; out0             ;
; |Lab5block|sseg1:inst1|lpm_mux:Mux2|mux_joc:auto_generated|_~13             ; |Lab5block|sseg1:inst1|lpm_mux:Mux2|mux_joc:auto_generated|_~13             ; out0             ;
; |Lab5block|sseg1:inst1|lpm_mux:Mux2|mux_joc:auto_generated|_~15             ; |Lab5block|sseg1:inst1|lpm_mux:Mux2|mux_joc:auto_generated|_~15             ; out0             ;
; |Lab5block|sseg1:inst1|lpm_mux:Mux2|mux_joc:auto_generated|_~16             ; |Lab5block|sseg1:inst1|lpm_mux:Mux2|mux_joc:auto_generated|_~16             ; out0             ;
; |Lab5block|sseg1:inst1|lpm_mux:Mux2|mux_joc:auto_generated|_~19             ; |Lab5block|sseg1:inst1|lpm_mux:Mux2|mux_joc:auto_generated|_~19             ; out0             ;
; |Lab5block|sseg1:inst1|lpm_mux:Mux2|mux_joc:auto_generated|_~20             ; |Lab5block|sseg1:inst1|lpm_mux:Mux2|mux_joc:auto_generated|_~20             ; out0             ;
; |Lab5block|sseg1:inst1|lpm_mux:Mux2|mux_joc:auto_generated|_~21             ; |Lab5block|sseg1:inst1|lpm_mux:Mux2|mux_joc:auto_generated|_~21             ; out0             ;
; |Lab5block|sseg1:inst1|lpm_mux:Mux2|mux_joc:auto_generated|_~22             ; |Lab5block|sseg1:inst1|lpm_mux:Mux2|mux_joc:auto_generated|_~22             ; out0             ;
; |Lab5block|sseg1:inst1|lpm_mux:Mux2|mux_joc:auto_generated|_~24             ; |Lab5block|sseg1:inst1|lpm_mux:Mux2|mux_joc:auto_generated|_~24             ; out0             ;
; |Lab5block|sseg1:inst1|lpm_mux:Mux2|mux_joc:auto_generated|_~26             ; |Lab5block|sseg1:inst1|lpm_mux:Mux2|mux_joc:auto_generated|_~26             ; out0             ;
; |Lab5block|sseg1:inst1|lpm_mux:Mux2|mux_joc:auto_generated|_~28             ; |Lab5block|sseg1:inst1|lpm_mux:Mux2|mux_joc:auto_generated|_~28             ; out0             ;
; |Lab5block|sseg1:inst1|lpm_mux:Mux2|mux_joc:auto_generated|_~29             ; |Lab5block|sseg1:inst1|lpm_mux:Mux2|mux_joc:auto_generated|_~29             ; out0             ;
; |Lab5block|sseg1:inst1|lpm_mux:Mux2|mux_joc:auto_generated|_~30             ; |Lab5block|sseg1:inst1|lpm_mux:Mux2|mux_joc:auto_generated|_~30             ; out0             ;
; |Lab5block|sseg1:inst1|lpm_mux:Mux2|mux_joc:auto_generated|_~31             ; |Lab5block|sseg1:inst1|lpm_mux:Mux2|mux_joc:auto_generated|_~31             ; out0             ;
; |Lab5block|sseg1:inst1|lpm_mux:Mux2|mux_joc:auto_generated|_~33             ; |Lab5block|sseg1:inst1|lpm_mux:Mux2|mux_joc:auto_generated|_~33             ; out0             ;
; |Lab5block|sseg1:inst1|lpm_mux:Mux2|mux_joc:auto_generated|_~35             ; |Lab5block|sseg1:inst1|lpm_mux:Mux2|mux_joc:auto_generated|_~35             ; out0             ;
; |Lab5block|sseg1:inst1|lpm_mux:Mux2|mux_joc:auto_generated|_~37             ; |Lab5block|sseg1:inst1|lpm_mux:Mux2|mux_joc:auto_generated|_~37             ; out0             ;
; |Lab5block|sseg1:inst1|lpm_mux:Mux2|mux_joc:auto_generated|_~38             ; |Lab5block|sseg1:inst1|lpm_mux:Mux2|mux_joc:auto_generated|_~38             ; out0             ;
; |Lab5block|sseg1:inst1|lpm_mux:Mux2|mux_joc:auto_generated|_~40             ; |Lab5block|sseg1:inst1|lpm_mux:Mux2|mux_joc:auto_generated|_~40             ; out0             ;
; |Lab5block|sseg1:inst1|lpm_mux:Mux2|mux_joc:auto_generated|_~41             ; |Lab5block|sseg1:inst1|lpm_mux:Mux2|mux_joc:auto_generated|_~41             ; out0             ;
; |Lab5block|sseg1:inst1|lpm_mux:Mux2|mux_joc:auto_generated|_~42             ; |Lab5block|sseg1:inst1|lpm_mux:Mux2|mux_joc:auto_generated|_~42             ; out0             ;
; |Lab5block|sseg1:inst1|lpm_mux:Mux2|mux_joc:auto_generated|_~44             ; |Lab5block|sseg1:inst1|lpm_mux:Mux2|mux_joc:auto_generated|_~44             ; out0             ;
; |Lab5block|sseg1:inst1|lpm_mux:Mux2|mux_joc:auto_generated|_~46             ; |Lab5block|sseg1:inst1|lpm_mux:Mux2|mux_joc:auto_generated|_~46             ; out0             ;
; |Lab5block|sseg1:inst1|lpm_mux:Mux2|mux_joc:auto_generated|_~47             ; |Lab5block|sseg1:inst1|lpm_mux:Mux2|mux_joc:auto_generated|_~47             ; out0             ;
; |Lab5block|sseg1:inst1|lpm_mux:Mux2|mux_joc:auto_generated|_~49             ; |Lab5block|sseg1:inst1|lpm_mux:Mux2|mux_joc:auto_generated|_~49             ; out0             ;
; |Lab5block|sseg1:inst1|lpm_mux:Mux2|mux_joc:auto_generated|_~51             ; |Lab5block|sseg1:inst1|lpm_mux:Mux2|mux_joc:auto_generated|_~51             ; out0             ;
; |Lab5block|sseg1:inst1|lpm_mux:Mux2|mux_joc:auto_generated|_~53             ; |Lab5block|sseg1:inst1|lpm_mux:Mux2|mux_joc:auto_generated|_~53             ; out0             ;
; |Lab5block|sseg1:inst1|lpm_mux:Mux2|mux_joc:auto_generated|_~54             ; |Lab5block|sseg1:inst1|lpm_mux:Mux2|mux_joc:auto_generated|_~54             ; out0             ;
; |Lab5block|sseg1:inst1|lpm_mux:Mux2|mux_joc:auto_generated|_~55             ; |Lab5block|sseg1:inst1|lpm_mux:Mux2|mux_joc:auto_generated|_~55             ; out0             ;
; |Lab5block|sseg1:inst1|lpm_mux:Mux2|mux_joc:auto_generated|_~56             ; |Lab5block|sseg1:inst1|lpm_mux:Mux2|mux_joc:auto_generated|_~56             ; out0             ;
; |Lab5block|sseg1:inst1|lpm_mux:Mux2|mux_joc:auto_generated|_~58             ; |Lab5block|sseg1:inst1|lpm_mux:Mux2|mux_joc:auto_generated|_~58             ; out0             ;
; |Lab5block|sseg1:inst1|lpm_mux:Mux2|mux_joc:auto_generated|_~60             ; |Lab5block|sseg1:inst1|lpm_mux:Mux2|mux_joc:auto_generated|_~60             ; out0             ;
; |Lab5block|sseg1:inst1|lpm_mux:Mux2|mux_joc:auto_generated|_~62             ; |Lab5block|sseg1:inst1|lpm_mux:Mux2|mux_joc:auto_generated|_~62             ; out0             ;
; |Lab5block|sseg1:inst1|lpm_mux:Mux2|mux_joc:auto_generated|_~63             ; |Lab5block|sseg1:inst1|lpm_mux:Mux2|mux_joc:auto_generated|_~63             ; out0             ;
; |Lab5block|sseg1:inst1|lpm_mux:Mux2|mux_joc:auto_generated|_~66             ; |Lab5block|sseg1:inst1|lpm_mux:Mux2|mux_joc:auto_generated|_~66             ; out0             ;
; |Lab5block|sseg1:inst1|lpm_mux:Mux2|mux_joc:auto_generated|_~67             ; |Lab5block|sseg1:inst1|lpm_mux:Mux2|mux_joc:auto_generated|_~67             ; out0             ;
; |Lab5block|sseg1:inst1|lpm_mux:Mux2|mux_joc:auto_generated|result_node[0]~0 ; |Lab5block|sseg1:inst1|lpm_mux:Mux2|mux_joc:auto_generated|result_node[0]~0 ; out0             ;
; |Lab5block|sseg1:inst1|lpm_mux:Mux2|mux_joc:auto_generated|_~72             ; |Lab5block|sseg1:inst1|lpm_mux:Mux2|mux_joc:auto_generated|_~72             ; out0             ;
; |Lab5block|sseg1:inst1|lpm_mux:Mux2|mux_joc:auto_generated|_~74             ; |Lab5block|sseg1:inst1|lpm_mux:Mux2|mux_joc:auto_generated|_~74             ; out0             ;
; |Lab5block|sseg1:inst1|lpm_mux:Mux2|mux_joc:auto_generated|_~76             ; |Lab5block|sseg1:inst1|lpm_mux:Mux2|mux_joc:auto_generated|_~76             ; out0             ;
; |Lab5block|sseg1:inst1|lpm_mux:Mux2|mux_joc:auto_generated|_~78             ; |Lab5block|sseg1:inst1|lpm_mux:Mux2|mux_joc:auto_generated|_~78             ; out0             ;
; |Lab5block|sseg1:inst1|lpm_mux:Mux2|mux_joc:auto_generated|_~79             ; |Lab5block|sseg1:inst1|lpm_mux:Mux2|mux_joc:auto_generated|_~79             ; out0             ;
; |Lab5block|sseg1:inst1|lpm_mux:Mux2|mux_joc:auto_generated|_~80             ; |Lab5block|sseg1:inst1|lpm_mux:Mux2|mux_joc:auto_generated|_~80             ; out0             ;
; |Lab5block|sseg1:inst1|lpm_mux:Mux2|mux_joc:auto_generated|_~81             ; |Lab5block|sseg1:inst1|lpm_mux:Mux2|mux_joc:auto_generated|_~81             ; out0             ;
; |Lab5block|sseg1:inst1|lpm_mux:Mux2|mux_joc:auto_generated|_~83             ; |Lab5block|sseg1:inst1|lpm_mux:Mux2|mux_joc:auto_generated|_~83             ; out0             ;
; |Lab5block|sseg1:inst1|lpm_mux:Mux2|mux_joc:auto_generated|_~85             ; |Lab5block|sseg1:inst1|lpm_mux:Mux2|mux_joc:auto_generated|_~85             ; out0             ;
; |Lab5block|sseg1:inst1|lpm_mux:Mux2|mux_joc:auto_generated|_~87             ; |Lab5block|sseg1:inst1|lpm_mux:Mux2|mux_joc:auto_generated|_~87             ; out0             ;
; |Lab5block|sseg1:inst1|lpm_mux:Mux2|mux_joc:auto_generated|_~88             ; |Lab5block|sseg1:inst1|lpm_mux:Mux2|mux_joc:auto_generated|_~88             ; out0             ;
; |Lab5block|sseg1:inst1|lpm_mux:Mux2|mux_joc:auto_generated|_~90             ; |Lab5block|sseg1:inst1|lpm_mux:Mux2|mux_joc:auto_generated|_~90             ; out0             ;
; |Lab5block|sseg1:inst1|lpm_mux:Mux2|mux_joc:auto_generated|_~91             ; |Lab5block|sseg1:inst1|lpm_mux:Mux2|mux_joc:auto_generated|_~91             ; out0             ;
; |Lab5block|sseg1:inst1|lpm_mux:Mux2|mux_joc:auto_generated|_~92             ; |Lab5block|sseg1:inst1|lpm_mux:Mux2|mux_joc:auto_generated|_~92             ; out0             ;
; |Lab5block|sseg1:inst1|lpm_mux:Mux2|mux_joc:auto_generated|_~94             ; |Lab5block|sseg1:inst1|lpm_mux:Mux2|mux_joc:auto_generated|_~94             ; out0             ;
; |Lab5block|sseg1:inst1|lpm_mux:Mux2|mux_joc:auto_generated|_~96             ; |Lab5block|sseg1:inst1|lpm_mux:Mux2|mux_joc:auto_generated|_~96             ; out0             ;
; |Lab5block|sseg1:inst1|lpm_mux:Mux2|mux_joc:auto_generated|_~97             ; |Lab5block|sseg1:inst1|lpm_mux:Mux2|mux_joc:auto_generated|_~97             ; out0             ;
; |Lab5block|sseg1:inst1|lpm_mux:Mux2|mux_joc:auto_generated|_~99             ; |Lab5block|sseg1:inst1|lpm_mux:Mux2|mux_joc:auto_generated|_~99             ; out0             ;
; |Lab5block|sseg1:inst1|lpm_mux:Mux2|mux_joc:auto_generated|_~101            ; |Lab5block|sseg1:inst1|lpm_mux:Mux2|mux_joc:auto_generated|_~101            ; out0             ;
; |Lab5block|sseg1:inst1|lpm_mux:Mux2|mux_joc:auto_generated|_~103            ; |Lab5block|sseg1:inst1|lpm_mux:Mux2|mux_joc:auto_generated|_~103            ; out0             ;
; |Lab5block|sseg1:inst1|lpm_mux:Mux2|mux_joc:auto_generated|_~104            ; |Lab5block|sseg1:inst1|lpm_mux:Mux2|mux_joc:auto_generated|_~104            ; out0             ;
; |Lab5block|sseg1:inst1|lpm_mux:Mux2|mux_joc:auto_generated|_~105            ; |Lab5block|sseg1:inst1|lpm_mux:Mux2|mux_joc:auto_generated|_~105            ; out0             ;
; |Lab5block|sseg1:inst1|lpm_mux:Mux2|mux_joc:auto_generated|_~106            ; |Lab5block|sseg1:inst1|lpm_mux:Mux2|mux_joc:auto_generated|_~106            ; out0             ;
; |Lab5block|sseg1:inst1|lpm_mux:Mux2|mux_joc:auto_generated|_~108            ; |Lab5block|sseg1:inst1|lpm_mux:Mux2|mux_joc:auto_generated|_~108            ; out0             ;
; |Lab5block|sseg1:inst1|lpm_mux:Mux2|mux_joc:auto_generated|_~110            ; |Lab5block|sseg1:inst1|lpm_mux:Mux2|mux_joc:auto_generated|_~110            ; out0             ;
; |Lab5block|sseg1:inst1|lpm_mux:Mux2|mux_joc:auto_generated|_~112            ; |Lab5block|sseg1:inst1|lpm_mux:Mux2|mux_joc:auto_generated|_~112            ; out0             ;
; |Lab5block|sseg1:inst1|lpm_mux:Mux2|mux_joc:auto_generated|_~113            ; |Lab5block|sseg1:inst1|lpm_mux:Mux2|mux_joc:auto_generated|_~113            ; out0             ;
; |Lab5block|sseg1:inst1|lpm_mux:Mux2|mux_joc:auto_generated|_~116            ; |Lab5block|sseg1:inst1|lpm_mux:Mux2|mux_joc:auto_generated|_~116            ; out0             ;
; |Lab5block|sseg1:inst1|lpm_mux:Mux2|mux_joc:auto_generated|_~117            ; |Lab5block|sseg1:inst1|lpm_mux:Mux2|mux_joc:auto_generated|_~117            ; out0             ;
; |Lab5block|sseg1:inst1|lpm_mux:Mux2|mux_joc:auto_generated|_~123            ; |Lab5block|sseg1:inst1|lpm_mux:Mux2|mux_joc:auto_generated|_~123            ; out0             ;
; |Lab5block|sseg1:inst1|lpm_mux:Mux2|mux_joc:auto_generated|_~125            ; |Lab5block|sseg1:inst1|lpm_mux:Mux2|mux_joc:auto_generated|_~125            ; out0             ;
; |Lab5block|sseg1:inst1|lpm_mux:Mux2|mux_joc:auto_generated|_~127            ; |Lab5block|sseg1:inst1|lpm_mux:Mux2|mux_joc:auto_generated|_~127            ; out0             ;
; |Lab5block|sseg1:inst1|lpm_mux:Mux2|mux_joc:auto_generated|_~128            ; |Lab5block|sseg1:inst1|lpm_mux:Mux2|mux_joc:auto_generated|_~128            ; out0             ;
; |Lab5block|sseg1:inst1|lpm_mux:Mux2|mux_joc:auto_generated|_~129            ; |Lab5block|sseg1:inst1|lpm_mux:Mux2|mux_joc:auto_generated|_~129            ; out0             ;
; |Lab5block|sseg1:inst1|lpm_mux:Mux2|mux_joc:auto_generated|_~132            ; |Lab5block|sseg1:inst1|lpm_mux:Mux2|mux_joc:auto_generated|_~132            ; out0             ;
; |Lab5block|sseg1:inst1|lpm_mux:Mux2|mux_joc:auto_generated|_~134            ; |Lab5block|sseg1:inst1|lpm_mux:Mux2|mux_joc:auto_generated|_~134            ; out0             ;
; |Lab5block|sseg1:inst1|lpm_mux:Mux2|mux_joc:auto_generated|_~136            ; |Lab5block|sseg1:inst1|lpm_mux:Mux2|mux_joc:auto_generated|_~136            ; out0             ;
; |Lab5block|sseg1:inst1|lpm_mux:Mux2|mux_joc:auto_generated|_~137            ; |Lab5block|sseg1:inst1|lpm_mux:Mux2|mux_joc:auto_generated|_~137            ; out0             ;
; |Lab5block|sseg1:inst1|lpm_mux:Mux2|mux_joc:auto_generated|_~139            ; |Lab5block|sseg1:inst1|lpm_mux:Mux2|mux_joc:auto_generated|_~139            ; out0             ;
; |Lab5block|sseg1:inst1|lpm_mux:Mux2|mux_joc:auto_generated|_~140            ; |Lab5block|sseg1:inst1|lpm_mux:Mux2|mux_joc:auto_generated|_~140            ; out0             ;
; |Lab5block|sseg1:inst1|lpm_mux:Mux2|mux_joc:auto_generated|result_node[0]~1 ; |Lab5block|sseg1:inst1|lpm_mux:Mux2|mux_joc:auto_generated|result_node[0]~1 ; out0             ;
; |Lab5block|sseg1:inst1|lpm_mux:Mux2|mux_joc:auto_generated|result_node[0]   ; |Lab5block|sseg1:inst1|lpm_mux:Mux2|mux_joc:auto_generated|result_node[0]   ; out0             ;
; |Lab5block|sseg1:inst1|lpm_mux:Mux1|mux_joc:auto_generated|_~0              ; |Lab5block|sseg1:inst1|lpm_mux:Mux1|mux_joc:auto_generated|_~0              ; out0             ;
; |Lab5block|sseg1:inst1|lpm_mux:Mux1|mux_joc:auto_generated|_~6              ; |Lab5block|sseg1:inst1|lpm_mux:Mux1|mux_joc:auto_generated|_~6              ; out0             ;
; |Lab5block|sseg1:inst1|lpm_mux:Mux1|mux_joc:auto_generated|_~9              ; |Lab5block|sseg1:inst1|lpm_mux:Mux1|mux_joc:auto_generated|_~9              ; out0             ;
; |Lab5block|sseg1:inst1|lpm_mux:Mux1|mux_joc:auto_generated|_~15             ; |Lab5block|sseg1:inst1|lpm_mux:Mux1|mux_joc:auto_generated|_~15             ; out0             ;
; |Lab5block|sseg1:inst1|lpm_mux:Mux1|mux_joc:auto_generated|_~18             ; |Lab5block|sseg1:inst1|lpm_mux:Mux1|mux_joc:auto_generated|_~18             ; out0             ;
; |Lab5block|sseg1:inst1|lpm_mux:Mux1|mux_joc:auto_generated|_~22             ; |Lab5block|sseg1:inst1|lpm_mux:Mux1|mux_joc:auto_generated|_~22             ; out0             ;
; |Lab5block|sseg1:inst1|lpm_mux:Mux1|mux_joc:auto_generated|_~24             ; |Lab5block|sseg1:inst1|lpm_mux:Mux1|mux_joc:auto_generated|_~24             ; out0             ;
; |Lab5block|sseg1:inst1|lpm_mux:Mux1|mux_joc:auto_generated|_~26             ; |Lab5block|sseg1:inst1|lpm_mux:Mux1|mux_joc:auto_generated|_~26             ; out0             ;
; |Lab5block|sseg1:inst1|lpm_mux:Mux1|mux_joc:auto_generated|_~28             ; |Lab5block|sseg1:inst1|lpm_mux:Mux1|mux_joc:auto_generated|_~28             ; out0             ;
; |Lab5block|sseg1:inst1|lpm_mux:Mux1|mux_joc:auto_generated|_~29             ; |Lab5block|sseg1:inst1|lpm_mux:Mux1|mux_joc:auto_generated|_~29             ; out0             ;
; |Lab5block|sseg1:inst1|lpm_mux:Mux1|mux_joc:auto_generated|_~30             ; |Lab5block|sseg1:inst1|lpm_mux:Mux1|mux_joc:auto_generated|_~30             ; out0             ;
; |Lab5block|sseg1:inst1|lpm_mux:Mux1|mux_joc:auto_generated|_~31             ; |Lab5block|sseg1:inst1|lpm_mux:Mux1|mux_joc:auto_generated|_~31             ; out0             ;
; |Lab5block|sseg1:inst1|lpm_mux:Mux1|mux_joc:auto_generated|_~33             ; |Lab5block|sseg1:inst1|lpm_mux:Mux1|mux_joc:auto_generated|_~33             ; out0             ;
; |Lab5block|sseg1:inst1|lpm_mux:Mux1|mux_joc:auto_generated|_~35             ; |Lab5block|sseg1:inst1|lpm_mux:Mux1|mux_joc:auto_generated|_~35             ; out0             ;
; |Lab5block|sseg1:inst1|lpm_mux:Mux1|mux_joc:auto_generated|_~37             ; |Lab5block|sseg1:inst1|lpm_mux:Mux1|mux_joc:auto_generated|_~37             ; out0             ;
; |Lab5block|sseg1:inst1|lpm_mux:Mux1|mux_joc:auto_generated|_~38             ; |Lab5block|sseg1:inst1|lpm_mux:Mux1|mux_joc:auto_generated|_~38             ; out0             ;
; |Lab5block|sseg1:inst1|lpm_mux:Mux1|mux_joc:auto_generated|_~41             ; |Lab5block|sseg1:inst1|lpm_mux:Mux1|mux_joc:auto_generated|_~41             ; out0             ;
; |Lab5block|sseg1:inst1|lpm_mux:Mux1|mux_joc:auto_generated|_~42             ; |Lab5block|sseg1:inst1|lpm_mux:Mux1|mux_joc:auto_generated|_~42             ; out0             ;
; |Lab5block|sseg1:inst1|lpm_mux:Mux1|mux_joc:auto_generated|_~44             ; |Lab5block|sseg1:inst1|lpm_mux:Mux1|mux_joc:auto_generated|_~44             ; out0             ;
; |Lab5block|sseg1:inst1|lpm_mux:Mux1|mux_joc:auto_generated|_~46             ; |Lab5block|sseg1:inst1|lpm_mux:Mux1|mux_joc:auto_generated|_~46             ; out0             ;
; |Lab5block|sseg1:inst1|lpm_mux:Mux1|mux_joc:auto_generated|_~47             ; |Lab5block|sseg1:inst1|lpm_mux:Mux1|mux_joc:auto_generated|_~47             ; out0             ;
; |Lab5block|sseg1:inst1|lpm_mux:Mux1|mux_joc:auto_generated|_~49             ; |Lab5block|sseg1:inst1|lpm_mux:Mux1|mux_joc:auto_generated|_~49             ; out0             ;
; |Lab5block|sseg1:inst1|lpm_mux:Mux1|mux_joc:auto_generated|_~51             ; |Lab5block|sseg1:inst1|lpm_mux:Mux1|mux_joc:auto_generated|_~51             ; out0             ;
; |Lab5block|sseg1:inst1|lpm_mux:Mux1|mux_joc:auto_generated|_~52             ; |Lab5block|sseg1:inst1|lpm_mux:Mux1|mux_joc:auto_generated|_~52             ; out0             ;
; |Lab5block|sseg1:inst1|lpm_mux:Mux1|mux_joc:auto_generated|_~56             ; |Lab5block|sseg1:inst1|lpm_mux:Mux1|mux_joc:auto_generated|_~56             ; out0             ;
; |Lab5block|sseg1:inst1|lpm_mux:Mux1|mux_joc:auto_generated|_~58             ; |Lab5block|sseg1:inst1|lpm_mux:Mux1|mux_joc:auto_generated|_~58             ; out0             ;
; |Lab5block|sseg1:inst1|lpm_mux:Mux1|mux_joc:auto_generated|_~60             ; |Lab5block|sseg1:inst1|lpm_mux:Mux1|mux_joc:auto_generated|_~60             ; out0             ;
; |Lab5block|sseg1:inst1|lpm_mux:Mux1|mux_joc:auto_generated|_~61             ; |Lab5block|sseg1:inst1|lpm_mux:Mux1|mux_joc:auto_generated|_~61             ; out0             ;
; |Lab5block|sseg1:inst1|lpm_mux:Mux1|mux_joc:auto_generated|_~72             ; |Lab5block|sseg1:inst1|lpm_mux:Mux1|mux_joc:auto_generated|_~72             ; out0             ;
; |Lab5block|sseg1:inst1|lpm_mux:Mux1|mux_joc:auto_generated|_~74             ; |Lab5block|sseg1:inst1|lpm_mux:Mux1|mux_joc:auto_generated|_~74             ; out0             ;
; |Lab5block|sseg1:inst1|lpm_mux:Mux1|mux_joc:auto_generated|_~76             ; |Lab5block|sseg1:inst1|lpm_mux:Mux1|mux_joc:auto_generated|_~76             ; out0             ;
; |Lab5block|sseg1:inst1|lpm_mux:Mux1|mux_joc:auto_generated|_~78             ; |Lab5block|sseg1:inst1|lpm_mux:Mux1|mux_joc:auto_generated|_~78             ; out0             ;
; |Lab5block|sseg1:inst1|lpm_mux:Mux1|mux_joc:auto_generated|_~79             ; |Lab5block|sseg1:inst1|lpm_mux:Mux1|mux_joc:auto_generated|_~79             ; out0             ;
; |Lab5block|sseg1:inst1|lpm_mux:Mux1|mux_joc:auto_generated|_~80             ; |Lab5block|sseg1:inst1|lpm_mux:Mux1|mux_joc:auto_generated|_~80             ; out0             ;
; |Lab5block|sseg1:inst1|lpm_mux:Mux1|mux_joc:auto_generated|_~81             ; |Lab5block|sseg1:inst1|lpm_mux:Mux1|mux_joc:auto_generated|_~81             ; out0             ;
; |Lab5block|sseg1:inst1|lpm_mux:Mux1|mux_joc:auto_generated|_~83             ; |Lab5block|sseg1:inst1|lpm_mux:Mux1|mux_joc:auto_generated|_~83             ; out0             ;
; |Lab5block|sseg1:inst1|lpm_mux:Mux1|mux_joc:auto_generated|_~85             ; |Lab5block|sseg1:inst1|lpm_mux:Mux1|mux_joc:auto_generated|_~85             ; out0             ;
; |Lab5block|sseg1:inst1|lpm_mux:Mux1|mux_joc:auto_generated|_~87             ; |Lab5block|sseg1:inst1|lpm_mux:Mux1|mux_joc:auto_generated|_~87             ; out0             ;
; |Lab5block|sseg1:inst1|lpm_mux:Mux1|mux_joc:auto_generated|_~88             ; |Lab5block|sseg1:inst1|lpm_mux:Mux1|mux_joc:auto_generated|_~88             ; out0             ;
; |Lab5block|sseg1:inst1|lpm_mux:Mux1|mux_joc:auto_generated|_~91             ; |Lab5block|sseg1:inst1|lpm_mux:Mux1|mux_joc:auto_generated|_~91             ; out0             ;
; |Lab5block|sseg1:inst1|lpm_mux:Mux1|mux_joc:auto_generated|_~92             ; |Lab5block|sseg1:inst1|lpm_mux:Mux1|mux_joc:auto_generated|_~92             ; out0             ;
; |Lab5block|sseg1:inst1|lpm_mux:Mux1|mux_joc:auto_generated|_~94             ; |Lab5block|sseg1:inst1|lpm_mux:Mux1|mux_joc:auto_generated|_~94             ; out0             ;
; |Lab5block|sseg1:inst1|lpm_mux:Mux1|mux_joc:auto_generated|_~96             ; |Lab5block|sseg1:inst1|lpm_mux:Mux1|mux_joc:auto_generated|_~96             ; out0             ;
; |Lab5block|sseg1:inst1|lpm_mux:Mux1|mux_joc:auto_generated|_~97             ; |Lab5block|sseg1:inst1|lpm_mux:Mux1|mux_joc:auto_generated|_~97             ; out0             ;
; |Lab5block|sseg1:inst1|lpm_mux:Mux1|mux_joc:auto_generated|_~99             ; |Lab5block|sseg1:inst1|lpm_mux:Mux1|mux_joc:auto_generated|_~99             ; out0             ;
; |Lab5block|sseg1:inst1|lpm_mux:Mux1|mux_joc:auto_generated|_~101            ; |Lab5block|sseg1:inst1|lpm_mux:Mux1|mux_joc:auto_generated|_~101            ; out0             ;
; |Lab5block|sseg1:inst1|lpm_mux:Mux1|mux_joc:auto_generated|_~102            ; |Lab5block|sseg1:inst1|lpm_mux:Mux1|mux_joc:auto_generated|_~102            ; out0             ;
; |Lab5block|sseg1:inst1|lpm_mux:Mux1|mux_joc:auto_generated|_~106            ; |Lab5block|sseg1:inst1|lpm_mux:Mux1|mux_joc:auto_generated|_~106            ; out0             ;
; |Lab5block|sseg1:inst1|lpm_mux:Mux1|mux_joc:auto_generated|_~108            ; |Lab5block|sseg1:inst1|lpm_mux:Mux1|mux_joc:auto_generated|_~108            ; out0             ;
; |Lab5block|sseg1:inst1|lpm_mux:Mux1|mux_joc:auto_generated|_~110            ; |Lab5block|sseg1:inst1|lpm_mux:Mux1|mux_joc:auto_generated|_~110            ; out0             ;
; |Lab5block|sseg1:inst1|lpm_mux:Mux1|mux_joc:auto_generated|_~111            ; |Lab5block|sseg1:inst1|lpm_mux:Mux1|mux_joc:auto_generated|_~111            ; out0             ;
; |Lab5block|sseg1:inst1|lpm_mux:Mux1|mux_joc:auto_generated|_~123            ; |Lab5block|sseg1:inst1|lpm_mux:Mux1|mux_joc:auto_generated|_~123            ; out0             ;
; |Lab5block|sseg1:inst1|lpm_mux:Mux1|mux_joc:auto_generated|_~125            ; |Lab5block|sseg1:inst1|lpm_mux:Mux1|mux_joc:auto_generated|_~125            ; out0             ;
; |Lab5block|sseg1:inst1|lpm_mux:Mux1|mux_joc:auto_generated|_~127            ; |Lab5block|sseg1:inst1|lpm_mux:Mux1|mux_joc:auto_generated|_~127            ; out0             ;
; |Lab5block|sseg1:inst1|lpm_mux:Mux1|mux_joc:auto_generated|_~128            ; |Lab5block|sseg1:inst1|lpm_mux:Mux1|mux_joc:auto_generated|_~128            ; out0             ;
; |Lab5block|sseg1:inst1|lpm_mux:Mux1|mux_joc:auto_generated|_~129            ; |Lab5block|sseg1:inst1|lpm_mux:Mux1|mux_joc:auto_generated|_~129            ; out0             ;
; |Lab5block|sseg1:inst1|lpm_mux:Mux1|mux_joc:auto_generated|_~132            ; |Lab5block|sseg1:inst1|lpm_mux:Mux1|mux_joc:auto_generated|_~132            ; out0             ;
; |Lab5block|sseg1:inst1|lpm_mux:Mux1|mux_joc:auto_generated|_~134            ; |Lab5block|sseg1:inst1|lpm_mux:Mux1|mux_joc:auto_generated|_~134            ; out0             ;
; |Lab5block|sseg1:inst1|lpm_mux:Mux1|mux_joc:auto_generated|_~136            ; |Lab5block|sseg1:inst1|lpm_mux:Mux1|mux_joc:auto_generated|_~136            ; out0             ;
; |Lab5block|sseg1:inst1|lpm_mux:Mux1|mux_joc:auto_generated|_~137            ; |Lab5block|sseg1:inst1|lpm_mux:Mux1|mux_joc:auto_generated|_~137            ; out0             ;
; |Lab5block|sseg1:inst1|lpm_mux:Mux1|mux_joc:auto_generated|_~139            ; |Lab5block|sseg1:inst1|lpm_mux:Mux1|mux_joc:auto_generated|_~139            ; out0             ;
; |Lab5block|sseg1:inst1|lpm_mux:Mux1|mux_joc:auto_generated|_~140            ; |Lab5block|sseg1:inst1|lpm_mux:Mux1|mux_joc:auto_generated|_~140            ; out0             ;
; |Lab5block|sseg1:inst1|lpm_mux:Mux1|mux_joc:auto_generated|result_node[0]~1 ; |Lab5block|sseg1:inst1|lpm_mux:Mux1|mux_joc:auto_generated|result_node[0]~1 ; out0             ;
; |Lab5block|sseg1:inst1|lpm_mux:Mux0|mux_joc:auto_generated|_~2              ; |Lab5block|sseg1:inst1|lpm_mux:Mux0|mux_joc:auto_generated|_~2              ; out0             ;
; |Lab5block|sseg1:inst1|lpm_mux:Mux0|mux_joc:auto_generated|_~4              ; |Lab5block|sseg1:inst1|lpm_mux:Mux0|mux_joc:auto_generated|_~4              ; out0             ;
; |Lab5block|sseg1:inst1|lpm_mux:Mux0|mux_joc:auto_generated|_~6              ; |Lab5block|sseg1:inst1|lpm_mux:Mux0|mux_joc:auto_generated|_~6              ; out0             ;
; |Lab5block|sseg1:inst1|lpm_mux:Mux0|mux_joc:auto_generated|_~7              ; |Lab5block|sseg1:inst1|lpm_mux:Mux0|mux_joc:auto_generated|_~7              ; out0             ;
; |Lab5block|sseg1:inst1|lpm_mux:Mux0|mux_joc:auto_generated|_~8              ; |Lab5block|sseg1:inst1|lpm_mux:Mux0|mux_joc:auto_generated|_~8              ; out0             ;
; |Lab5block|sseg1:inst1|lpm_mux:Mux0|mux_joc:auto_generated|_~11             ; |Lab5block|sseg1:inst1|lpm_mux:Mux0|mux_joc:auto_generated|_~11             ; out0             ;
; |Lab5block|sseg1:inst1|lpm_mux:Mux0|mux_joc:auto_generated|_~13             ; |Lab5block|sseg1:inst1|lpm_mux:Mux0|mux_joc:auto_generated|_~13             ; out0             ;
; |Lab5block|sseg1:inst1|lpm_mux:Mux0|mux_joc:auto_generated|_~15             ; |Lab5block|sseg1:inst1|lpm_mux:Mux0|mux_joc:auto_generated|_~15             ; out0             ;
; |Lab5block|sseg1:inst1|lpm_mux:Mux0|mux_joc:auto_generated|_~16             ; |Lab5block|sseg1:inst1|lpm_mux:Mux0|mux_joc:auto_generated|_~16             ; out0             ;
; |Lab5block|sseg1:inst1|lpm_mux:Mux0|mux_joc:auto_generated|_~19             ; |Lab5block|sseg1:inst1|lpm_mux:Mux0|mux_joc:auto_generated|_~19             ; out0             ;
; |Lab5block|sseg1:inst1|lpm_mux:Mux0|mux_joc:auto_generated|_~21             ; |Lab5block|sseg1:inst1|lpm_mux:Mux0|mux_joc:auto_generated|_~21             ; out0             ;
; |Lab5block|sseg1:inst1|lpm_mux:Mux0|mux_joc:auto_generated|_~22             ; |Lab5block|sseg1:inst1|lpm_mux:Mux0|mux_joc:auto_generated|_~22             ; out0             ;
; |Lab5block|sseg1:inst1|lpm_mux:Mux0|mux_joc:auto_generated|_~28             ; |Lab5block|sseg1:inst1|lpm_mux:Mux0|mux_joc:auto_generated|_~28             ; out0             ;
; |Lab5block|sseg1:inst1|lpm_mux:Mux0|mux_joc:auto_generated|_~31             ; |Lab5block|sseg1:inst1|lpm_mux:Mux0|mux_joc:auto_generated|_~31             ; out0             ;
; |Lab5block|sseg1:inst1|lpm_mux:Mux0|mux_joc:auto_generated|_~37             ; |Lab5block|sseg1:inst1|lpm_mux:Mux0|mux_joc:auto_generated|_~37             ; out0             ;
; |Lab5block|sseg1:inst1|lpm_mux:Mux0|mux_joc:auto_generated|_~47             ; |Lab5block|sseg1:inst1|lpm_mux:Mux0|mux_joc:auto_generated|_~47             ; out0             ;
; |Lab5block|sseg1:inst1|lpm_mux:Mux0|mux_joc:auto_generated|_~49             ; |Lab5block|sseg1:inst1|lpm_mux:Mux0|mux_joc:auto_generated|_~49             ; out0             ;
; |Lab5block|sseg1:inst1|lpm_mux:Mux0|mux_joc:auto_generated|_~51             ; |Lab5block|sseg1:inst1|lpm_mux:Mux0|mux_joc:auto_generated|_~51             ; out0             ;
; |Lab5block|sseg1:inst1|lpm_mux:Mux0|mux_joc:auto_generated|_~52             ; |Lab5block|sseg1:inst1|lpm_mux:Mux0|mux_joc:auto_generated|_~52             ; out0             ;
; |Lab5block|sseg1:inst1|lpm_mux:Mux0|mux_joc:auto_generated|_~56             ; |Lab5block|sseg1:inst1|lpm_mux:Mux0|mux_joc:auto_generated|_~56             ; out0             ;
; |Lab5block|sseg1:inst1|lpm_mux:Mux0|mux_joc:auto_generated|_~58             ; |Lab5block|sseg1:inst1|lpm_mux:Mux0|mux_joc:auto_generated|_~58             ; out0             ;
; |Lab5block|sseg1:inst1|lpm_mux:Mux0|mux_joc:auto_generated|_~60             ; |Lab5block|sseg1:inst1|lpm_mux:Mux0|mux_joc:auto_generated|_~60             ; out0             ;
; |Lab5block|sseg1:inst1|lpm_mux:Mux0|mux_joc:auto_generated|_~61             ; |Lab5block|sseg1:inst1|lpm_mux:Mux0|mux_joc:auto_generated|_~61             ; out0             ;
; |Lab5block|sseg1:inst1|lpm_mux:Mux0|mux_joc:auto_generated|result_node[0]~0 ; |Lab5block|sseg1:inst1|lpm_mux:Mux0|mux_joc:auto_generated|result_node[0]~0 ; out0             ;
; |Lab5block|sseg1:inst1|lpm_mux:Mux0|mux_joc:auto_generated|_~72             ; |Lab5block|sseg1:inst1|lpm_mux:Mux0|mux_joc:auto_generated|_~72             ; out0             ;
; |Lab5block|sseg1:inst1|lpm_mux:Mux0|mux_joc:auto_generated|_~78             ; |Lab5block|sseg1:inst1|lpm_mux:Mux0|mux_joc:auto_generated|_~78             ; out0             ;
; |Lab5block|sseg1:inst1|lpm_mux:Mux0|mux_joc:auto_generated|_~81             ; |Lab5block|sseg1:inst1|lpm_mux:Mux0|mux_joc:auto_generated|_~81             ; out0             ;
; |Lab5block|sseg1:inst1|lpm_mux:Mux0|mux_joc:auto_generated|_~87             ; |Lab5block|sseg1:inst1|lpm_mux:Mux0|mux_joc:auto_generated|_~87             ; out0             ;
; |Lab5block|sseg1:inst1|lpm_mux:Mux0|mux_joc:auto_generated|_~97             ; |Lab5block|sseg1:inst1|lpm_mux:Mux0|mux_joc:auto_generated|_~97             ; out0             ;
; |Lab5block|sseg1:inst1|lpm_mux:Mux0|mux_joc:auto_generated|_~99             ; |Lab5block|sseg1:inst1|lpm_mux:Mux0|mux_joc:auto_generated|_~99             ; out0             ;
; |Lab5block|sseg1:inst1|lpm_mux:Mux0|mux_joc:auto_generated|_~101            ; |Lab5block|sseg1:inst1|lpm_mux:Mux0|mux_joc:auto_generated|_~101            ; out0             ;
; |Lab5block|sseg1:inst1|lpm_mux:Mux0|mux_joc:auto_generated|_~102            ; |Lab5block|sseg1:inst1|lpm_mux:Mux0|mux_joc:auto_generated|_~102            ; out0             ;
; |Lab5block|sseg1:inst1|lpm_mux:Mux0|mux_joc:auto_generated|_~106            ; |Lab5block|sseg1:inst1|lpm_mux:Mux0|mux_joc:auto_generated|_~106            ; out0             ;
; |Lab5block|sseg1:inst1|lpm_mux:Mux0|mux_joc:auto_generated|_~108            ; |Lab5block|sseg1:inst1|lpm_mux:Mux0|mux_joc:auto_generated|_~108            ; out0             ;
; |Lab5block|sseg1:inst1|lpm_mux:Mux0|mux_joc:auto_generated|_~110            ; |Lab5block|sseg1:inst1|lpm_mux:Mux0|mux_joc:auto_generated|_~110            ; out0             ;
; |Lab5block|sseg1:inst1|lpm_mux:Mux0|mux_joc:auto_generated|_~111            ; |Lab5block|sseg1:inst1|lpm_mux:Mux0|mux_joc:auto_generated|_~111            ; out0             ;
; |Lab5block|sseg1:inst1|lpm_mux:Mux0|mux_joc:auto_generated|_~121            ; |Lab5block|sseg1:inst1|lpm_mux:Mux0|mux_joc:auto_generated|_~121            ; out0             ;
; |Lab5block|sseg1:inst1|lpm_mux:Mux0|mux_joc:auto_generated|_~127            ; |Lab5block|sseg1:inst1|lpm_mux:Mux0|mux_joc:auto_generated|_~127            ; out0             ;
; |Lab5block|sseg1:inst1|lpm_mux:Mux0|mux_joc:auto_generated|_~130            ; |Lab5block|sseg1:inst1|lpm_mux:Mux0|mux_joc:auto_generated|_~130            ; out0             ;
; |Lab5block|sseg1:inst1|lpm_mux:Mux0|mux_joc:auto_generated|_~136            ; |Lab5block|sseg1:inst1|lpm_mux:Mux0|mux_joc:auto_generated|_~136            ; out0             ;
; |Lab5block|sseg1:inst1|lpm_mux:Mux0|mux_joc:auto_generated|_~143            ; |Lab5block|sseg1:inst1|lpm_mux:Mux0|mux_joc:auto_generated|_~143            ; out0             ;
; |Lab5block|sseg2:inst2|lpm_mux:Mux6|mux_joc:auto_generated|_~0              ; |Lab5block|sseg2:inst2|lpm_mux:Mux6|mux_joc:auto_generated|_~0              ; out0             ;
; |Lab5block|sseg2:inst2|lpm_mux:Mux6|mux_joc:auto_generated|_~2              ; |Lab5block|sseg2:inst2|lpm_mux:Mux6|mux_joc:auto_generated|_~2              ; out0             ;
; |Lab5block|sseg2:inst2|lpm_mux:Mux6|mux_joc:auto_generated|_~4              ; |Lab5block|sseg2:inst2|lpm_mux:Mux6|mux_joc:auto_generated|_~4              ; out0             ;
; |Lab5block|sseg2:inst2|lpm_mux:Mux6|mux_joc:auto_generated|_~9              ; |Lab5block|sseg2:inst2|lpm_mux:Mux6|mux_joc:auto_generated|_~9              ; out0             ;
; |Lab5block|sseg2:inst2|lpm_mux:Mux6|mux_joc:auto_generated|_~11             ; |Lab5block|sseg2:inst2|lpm_mux:Mux6|mux_joc:auto_generated|_~11             ; out0             ;
; |Lab5block|sseg2:inst2|lpm_mux:Mux6|mux_joc:auto_generated|_~13             ; |Lab5block|sseg2:inst2|lpm_mux:Mux6|mux_joc:auto_generated|_~13             ; out0             ;
; |Lab5block|sseg2:inst2|lpm_mux:Mux6|mux_joc:auto_generated|_~18             ; |Lab5block|sseg2:inst2|lpm_mux:Mux6|mux_joc:auto_generated|_~18             ; out0             ;
; |Lab5block|sseg2:inst2|lpm_mux:Mux6|mux_joc:auto_generated|_~47             ; |Lab5block|sseg2:inst2|lpm_mux:Mux6|mux_joc:auto_generated|_~47             ; out0             ;
; |Lab5block|sseg2:inst2|lpm_mux:Mux6|mux_joc:auto_generated|_~49             ; |Lab5block|sseg2:inst2|lpm_mux:Mux6|mux_joc:auto_generated|_~49             ; out0             ;
; |Lab5block|sseg2:inst2|lpm_mux:Mux6|mux_joc:auto_generated|_~51             ; |Lab5block|sseg2:inst2|lpm_mux:Mux6|mux_joc:auto_generated|_~51             ; out0             ;
; |Lab5block|sseg2:inst2|lpm_mux:Mux6|mux_joc:auto_generated|_~56             ; |Lab5block|sseg2:inst2|lpm_mux:Mux6|mux_joc:auto_generated|_~56             ; out0             ;
; |Lab5block|sseg2:inst2|lpm_mux:Mux6|mux_joc:auto_generated|_~58             ; |Lab5block|sseg2:inst2|lpm_mux:Mux6|mux_joc:auto_generated|_~58             ; out0             ;
; |Lab5block|sseg2:inst2|lpm_mux:Mux6|mux_joc:auto_generated|_~60             ; |Lab5block|sseg2:inst2|lpm_mux:Mux6|mux_joc:auto_generated|_~60             ; out0             ;
; |Lab5block|sseg2:inst2|lpm_mux:Mux6|mux_joc:auto_generated|_~66             ; |Lab5block|sseg2:inst2|lpm_mux:Mux6|mux_joc:auto_generated|_~66             ; out0             ;
; |Lab5block|sseg2:inst2|lpm_mux:Mux6|mux_joc:auto_generated|_~67             ; |Lab5block|sseg2:inst2|lpm_mux:Mux6|mux_joc:auto_generated|_~67             ; out0             ;
; |Lab5block|sseg2:inst2|lpm_mux:Mux6|mux_joc:auto_generated|_~69             ; |Lab5block|sseg2:inst2|lpm_mux:Mux6|mux_joc:auto_generated|_~69             ; out0             ;
; |Lab5block|sseg2:inst2|lpm_mux:Mux6|mux_joc:auto_generated|_~97             ; |Lab5block|sseg2:inst2|lpm_mux:Mux6|mux_joc:auto_generated|_~97             ; out0             ;
; |Lab5block|sseg2:inst2|lpm_mux:Mux6|mux_joc:auto_generated|_~99             ; |Lab5block|sseg2:inst2|lpm_mux:Mux6|mux_joc:auto_generated|_~99             ; out0             ;
; |Lab5block|sseg2:inst2|lpm_mux:Mux6|mux_joc:auto_generated|_~101            ; |Lab5block|sseg2:inst2|lpm_mux:Mux6|mux_joc:auto_generated|_~101            ; out0             ;
; |Lab5block|sseg2:inst2|lpm_mux:Mux6|mux_joc:auto_generated|_~106            ; |Lab5block|sseg2:inst2|lpm_mux:Mux6|mux_joc:auto_generated|_~106            ; out0             ;
; |Lab5block|sseg2:inst2|lpm_mux:Mux6|mux_joc:auto_generated|_~108            ; |Lab5block|sseg2:inst2|lpm_mux:Mux6|mux_joc:auto_generated|_~108            ; out0             ;
; |Lab5block|sseg2:inst2|lpm_mux:Mux6|mux_joc:auto_generated|_~110            ; |Lab5block|sseg2:inst2|lpm_mux:Mux6|mux_joc:auto_generated|_~110            ; out0             ;
; |Lab5block|sseg2:inst2|lpm_mux:Mux6|mux_joc:auto_generated|_~116            ; |Lab5block|sseg2:inst2|lpm_mux:Mux6|mux_joc:auto_generated|_~116            ; out0             ;
; |Lab5block|sseg2:inst2|lpm_mux:Mux6|mux_joc:auto_generated|_~117            ; |Lab5block|sseg2:inst2|lpm_mux:Mux6|mux_joc:auto_generated|_~117            ; out0             ;
; |Lab5block|sseg2:inst2|lpm_mux:Mux6|mux_joc:auto_generated|_~119            ; |Lab5block|sseg2:inst2|lpm_mux:Mux6|mux_joc:auto_generated|_~119            ; out0             ;
; |Lab5block|sseg2:inst2|lpm_mux:Mux6|mux_joc:auto_generated|_~121            ; |Lab5block|sseg2:inst2|lpm_mux:Mux6|mux_joc:auto_generated|_~121            ; out0             ;
; |Lab5block|sseg2:inst2|lpm_mux:Mux6|mux_joc:auto_generated|_~130            ; |Lab5block|sseg2:inst2|lpm_mux:Mux6|mux_joc:auto_generated|_~130            ; out0             ;
; |Lab5block|sseg2:inst2|lpm_mux:Mux6|mux_joc:auto_generated|_~139            ; |Lab5block|sseg2:inst2|lpm_mux:Mux6|mux_joc:auto_generated|_~139            ; out0             ;
; |Lab5block|sseg2:inst2|lpm_mux:Mux5|mux_joc:auto_generated|_~0              ; |Lab5block|sseg2:inst2|lpm_mux:Mux5|mux_joc:auto_generated|_~0              ; out0             ;
; |Lab5block|sseg2:inst2|lpm_mux:Mux5|mux_joc:auto_generated|_~2              ; |Lab5block|sseg2:inst2|lpm_mux:Mux5|mux_joc:auto_generated|_~2              ; out0             ;
; |Lab5block|sseg2:inst2|lpm_mux:Mux5|mux_joc:auto_generated|_~4              ; |Lab5block|sseg2:inst2|lpm_mux:Mux5|mux_joc:auto_generated|_~4              ; out0             ;
; |Lab5block|sseg2:inst2|lpm_mux:Mux5|mux_joc:auto_generated|_~9              ; |Lab5block|sseg2:inst2|lpm_mux:Mux5|mux_joc:auto_generated|_~9              ; out0             ;
; |Lab5block|sseg2:inst2|lpm_mux:Mux5|mux_joc:auto_generated|_~11             ; |Lab5block|sseg2:inst2|lpm_mux:Mux5|mux_joc:auto_generated|_~11             ; out0             ;
; |Lab5block|sseg2:inst2|lpm_mux:Mux5|mux_joc:auto_generated|_~13             ; |Lab5block|sseg2:inst2|lpm_mux:Mux5|mux_joc:auto_generated|_~13             ; out0             ;
; |Lab5block|sseg2:inst2|lpm_mux:Mux5|mux_joc:auto_generated|_~18             ; |Lab5block|sseg2:inst2|lpm_mux:Mux5|mux_joc:auto_generated|_~18             ; out0             ;
; |Lab5block|sseg2:inst2|lpm_mux:Mux5|mux_joc:auto_generated|_~24             ; |Lab5block|sseg2:inst2|lpm_mux:Mux5|mux_joc:auto_generated|_~24             ; out0             ;
; |Lab5block|sseg2:inst2|lpm_mux:Mux5|mux_joc:auto_generated|_~26             ; |Lab5block|sseg2:inst2|lpm_mux:Mux5|mux_joc:auto_generated|_~26             ; out0             ;
; |Lab5block|sseg2:inst2|lpm_mux:Mux5|mux_joc:auto_generated|_~27             ; |Lab5block|sseg2:inst2|lpm_mux:Mux5|mux_joc:auto_generated|_~27             ; out0             ;
; |Lab5block|sseg2:inst2|lpm_mux:Mux5|mux_joc:auto_generated|_~33             ; |Lab5block|sseg2:inst2|lpm_mux:Mux5|mux_joc:auto_generated|_~33             ; out0             ;
; |Lab5block|sseg2:inst2|lpm_mux:Mux5|mux_joc:auto_generated|_~35             ; |Lab5block|sseg2:inst2|lpm_mux:Mux5|mux_joc:auto_generated|_~35             ; out0             ;
; |Lab5block|sseg2:inst2|lpm_mux:Mux5|mux_joc:auto_generated|_~36             ; |Lab5block|sseg2:inst2|lpm_mux:Mux5|mux_joc:auto_generated|_~36             ; out0             ;
; |Lab5block|sseg2:inst2|lpm_mux:Mux5|mux_joc:auto_generated|_~40             ; |Lab5block|sseg2:inst2|lpm_mux:Mux5|mux_joc:auto_generated|_~40             ; out0             ;
; |Lab5block|sseg2:inst2|lpm_mux:Mux5|mux_joc:auto_generated|_~47             ; |Lab5block|sseg2:inst2|lpm_mux:Mux5|mux_joc:auto_generated|_~47             ; out0             ;
; |Lab5block|sseg2:inst2|lpm_mux:Mux5|mux_joc:auto_generated|_~49             ; |Lab5block|sseg2:inst2|lpm_mux:Mux5|mux_joc:auto_generated|_~49             ; out0             ;
; |Lab5block|sseg2:inst2|lpm_mux:Mux5|mux_joc:auto_generated|_~51             ; |Lab5block|sseg2:inst2|lpm_mux:Mux5|mux_joc:auto_generated|_~51             ; out0             ;
; |Lab5block|sseg2:inst2|lpm_mux:Mux5|mux_joc:auto_generated|_~56             ; |Lab5block|sseg2:inst2|lpm_mux:Mux5|mux_joc:auto_generated|_~56             ; out0             ;
; |Lab5block|sseg2:inst2|lpm_mux:Mux5|mux_joc:auto_generated|_~58             ; |Lab5block|sseg2:inst2|lpm_mux:Mux5|mux_joc:auto_generated|_~58             ; out0             ;
; |Lab5block|sseg2:inst2|lpm_mux:Mux5|mux_joc:auto_generated|_~60             ; |Lab5block|sseg2:inst2|lpm_mux:Mux5|mux_joc:auto_generated|_~60             ; out0             ;
; |Lab5block|sseg2:inst2|lpm_mux:Mux5|mux_joc:auto_generated|_~66             ; |Lab5block|sseg2:inst2|lpm_mux:Mux5|mux_joc:auto_generated|_~66             ; out0             ;
; |Lab5block|sseg2:inst2|lpm_mux:Mux5|mux_joc:auto_generated|_~67             ; |Lab5block|sseg2:inst2|lpm_mux:Mux5|mux_joc:auto_generated|_~67             ; out0             ;
; |Lab5block|sseg2:inst2|lpm_mux:Mux5|mux_joc:auto_generated|_~69             ; |Lab5block|sseg2:inst2|lpm_mux:Mux5|mux_joc:auto_generated|_~69             ; out0             ;
; |Lab5block|sseg2:inst2|lpm_mux:Mux5|mux_joc:auto_generated|_~74             ; |Lab5block|sseg2:inst2|lpm_mux:Mux5|mux_joc:auto_generated|_~74             ; out0             ;
; |Lab5block|sseg2:inst2|lpm_mux:Mux5|mux_joc:auto_generated|_~76             ; |Lab5block|sseg2:inst2|lpm_mux:Mux5|mux_joc:auto_generated|_~76             ; out0             ;
; |Lab5block|sseg2:inst2|lpm_mux:Mux5|mux_joc:auto_generated|_~77             ; |Lab5block|sseg2:inst2|lpm_mux:Mux5|mux_joc:auto_generated|_~77             ; out0             ;
; |Lab5block|sseg2:inst2|lpm_mux:Mux5|mux_joc:auto_generated|_~83             ; |Lab5block|sseg2:inst2|lpm_mux:Mux5|mux_joc:auto_generated|_~83             ; out0             ;
; |Lab5block|sseg2:inst2|lpm_mux:Mux5|mux_joc:auto_generated|_~85             ; |Lab5block|sseg2:inst2|lpm_mux:Mux5|mux_joc:auto_generated|_~85             ; out0             ;
; |Lab5block|sseg2:inst2|lpm_mux:Mux5|mux_joc:auto_generated|_~86             ; |Lab5block|sseg2:inst2|lpm_mux:Mux5|mux_joc:auto_generated|_~86             ; out0             ;
; |Lab5block|sseg2:inst2|lpm_mux:Mux5|mux_joc:auto_generated|_~90             ; |Lab5block|sseg2:inst2|lpm_mux:Mux5|mux_joc:auto_generated|_~90             ; out0             ;
; |Lab5block|sseg2:inst2|lpm_mux:Mux5|mux_joc:auto_generated|_~97             ; |Lab5block|sseg2:inst2|lpm_mux:Mux5|mux_joc:auto_generated|_~97             ; out0             ;
; |Lab5block|sseg2:inst2|lpm_mux:Mux5|mux_joc:auto_generated|_~99             ; |Lab5block|sseg2:inst2|lpm_mux:Mux5|mux_joc:auto_generated|_~99             ; out0             ;
; |Lab5block|sseg2:inst2|lpm_mux:Mux5|mux_joc:auto_generated|_~101            ; |Lab5block|sseg2:inst2|lpm_mux:Mux5|mux_joc:auto_generated|_~101            ; out0             ;
; |Lab5block|sseg2:inst2|lpm_mux:Mux5|mux_joc:auto_generated|_~106            ; |Lab5block|sseg2:inst2|lpm_mux:Mux5|mux_joc:auto_generated|_~106            ; out0             ;
; |Lab5block|sseg2:inst2|lpm_mux:Mux5|mux_joc:auto_generated|_~108            ; |Lab5block|sseg2:inst2|lpm_mux:Mux5|mux_joc:auto_generated|_~108            ; out0             ;
; |Lab5block|sseg2:inst2|lpm_mux:Mux5|mux_joc:auto_generated|_~110            ; |Lab5block|sseg2:inst2|lpm_mux:Mux5|mux_joc:auto_generated|_~110            ; out0             ;
; |Lab5block|sseg2:inst2|lpm_mux:Mux5|mux_joc:auto_generated|_~116            ; |Lab5block|sseg2:inst2|lpm_mux:Mux5|mux_joc:auto_generated|_~116            ; out0             ;
; |Lab5block|sseg2:inst2|lpm_mux:Mux5|mux_joc:auto_generated|_~117            ; |Lab5block|sseg2:inst2|lpm_mux:Mux5|mux_joc:auto_generated|_~117            ; out0             ;
; |Lab5block|sseg2:inst2|lpm_mux:Mux5|mux_joc:auto_generated|_~119            ; |Lab5block|sseg2:inst2|lpm_mux:Mux5|mux_joc:auto_generated|_~119            ; out0             ;
; |Lab5block|sseg2:inst2|lpm_mux:Mux5|mux_joc:auto_generated|_~123            ; |Lab5block|sseg2:inst2|lpm_mux:Mux5|mux_joc:auto_generated|_~123            ; out0             ;
; |Lab5block|sseg2:inst2|lpm_mux:Mux5|mux_joc:auto_generated|_~125            ; |Lab5block|sseg2:inst2|lpm_mux:Mux5|mux_joc:auto_generated|_~125            ; out0             ;
; |Lab5block|sseg2:inst2|lpm_mux:Mux5|mux_joc:auto_generated|_~132            ; |Lab5block|sseg2:inst2|lpm_mux:Mux5|mux_joc:auto_generated|_~132            ; out0             ;
; |Lab5block|sseg2:inst2|lpm_mux:Mux5|mux_joc:auto_generated|_~134            ; |Lab5block|sseg2:inst2|lpm_mux:Mux5|mux_joc:auto_generated|_~134            ; out0             ;
; |Lab5block|sseg2:inst2|lpm_mux:Mux5|mux_joc:auto_generated|_~139            ; |Lab5block|sseg2:inst2|lpm_mux:Mux5|mux_joc:auto_generated|_~139            ; out0             ;
; |Lab5block|sseg2:inst2|lpm_mux:Mux4|mux_joc:auto_generated|_~18             ; |Lab5block|sseg2:inst2|lpm_mux:Mux4|mux_joc:auto_generated|_~18             ; out0             ;
; |Lab5block|sseg2:inst2|lpm_mux:Mux4|mux_joc:auto_generated|_~24             ; |Lab5block|sseg2:inst2|lpm_mux:Mux4|mux_joc:auto_generated|_~24             ; out0             ;
; |Lab5block|sseg2:inst2|lpm_mux:Mux4|mux_joc:auto_generated|_~26             ; |Lab5block|sseg2:inst2|lpm_mux:Mux4|mux_joc:auto_generated|_~26             ; out0             ;
; |Lab5block|sseg2:inst2|lpm_mux:Mux4|mux_joc:auto_generated|_~33             ; |Lab5block|sseg2:inst2|lpm_mux:Mux4|mux_joc:auto_generated|_~33             ; out0             ;
; |Lab5block|sseg2:inst2|lpm_mux:Mux4|mux_joc:auto_generated|_~35             ; |Lab5block|sseg2:inst2|lpm_mux:Mux4|mux_joc:auto_generated|_~35             ; out0             ;
; |Lab5block|sseg2:inst2|lpm_mux:Mux4|mux_joc:auto_generated|_~40             ; |Lab5block|sseg2:inst2|lpm_mux:Mux4|mux_joc:auto_generated|_~40             ; out0             ;
; |Lab5block|sseg2:inst2|lpm_mux:Mux4|mux_joc:auto_generated|_~49             ; |Lab5block|sseg2:inst2|lpm_mux:Mux4|mux_joc:auto_generated|_~49             ; out0             ;
; |Lab5block|sseg2:inst2|lpm_mux:Mux4|mux_joc:auto_generated|_~51             ; |Lab5block|sseg2:inst2|lpm_mux:Mux4|mux_joc:auto_generated|_~51             ; out0             ;
; |Lab5block|sseg2:inst2|lpm_mux:Mux4|mux_joc:auto_generated|_~58             ; |Lab5block|sseg2:inst2|lpm_mux:Mux4|mux_joc:auto_generated|_~58             ; out0             ;
; |Lab5block|sseg2:inst2|lpm_mux:Mux4|mux_joc:auto_generated|_~60             ; |Lab5block|sseg2:inst2|lpm_mux:Mux4|mux_joc:auto_generated|_~60             ; out0             ;
; |Lab5block|sseg2:inst2|lpm_mux:Mux4|mux_joc:auto_generated|_~66             ; |Lab5block|sseg2:inst2|lpm_mux:Mux4|mux_joc:auto_generated|_~66             ; out0             ;
; |Lab5block|sseg2:inst2|lpm_mux:Mux4|mux_joc:auto_generated|_~74             ; |Lab5block|sseg2:inst2|lpm_mux:Mux4|mux_joc:auto_generated|_~74             ; out0             ;
; |Lab5block|sseg2:inst2|lpm_mux:Mux4|mux_joc:auto_generated|_~76             ; |Lab5block|sseg2:inst2|lpm_mux:Mux4|mux_joc:auto_generated|_~76             ; out0             ;
; |Lab5block|sseg2:inst2|lpm_mux:Mux4|mux_joc:auto_generated|_~83             ; |Lab5block|sseg2:inst2|lpm_mux:Mux4|mux_joc:auto_generated|_~83             ; out0             ;
; |Lab5block|sseg2:inst2|lpm_mux:Mux4|mux_joc:auto_generated|_~85             ; |Lab5block|sseg2:inst2|lpm_mux:Mux4|mux_joc:auto_generated|_~85             ; out0             ;
; |Lab5block|sseg2:inst2|lpm_mux:Mux4|mux_joc:auto_generated|_~90             ; |Lab5block|sseg2:inst2|lpm_mux:Mux4|mux_joc:auto_generated|_~90             ; out0             ;
; |Lab5block|sseg2:inst2|lpm_mux:Mux4|mux_joc:auto_generated|_~99             ; |Lab5block|sseg2:inst2|lpm_mux:Mux4|mux_joc:auto_generated|_~99             ; out0             ;
; |Lab5block|sseg2:inst2|lpm_mux:Mux4|mux_joc:auto_generated|_~101            ; |Lab5block|sseg2:inst2|lpm_mux:Mux4|mux_joc:auto_generated|_~101            ; out0             ;
; |Lab5block|sseg2:inst2|lpm_mux:Mux4|mux_joc:auto_generated|_~108            ; |Lab5block|sseg2:inst2|lpm_mux:Mux4|mux_joc:auto_generated|_~108            ; out0             ;
; |Lab5block|sseg2:inst2|lpm_mux:Mux4|mux_joc:auto_generated|_~110            ; |Lab5block|sseg2:inst2|lpm_mux:Mux4|mux_joc:auto_generated|_~110            ; out0             ;
; |Lab5block|sseg2:inst2|lpm_mux:Mux4|mux_joc:auto_generated|_~116            ; |Lab5block|sseg2:inst2|lpm_mux:Mux4|mux_joc:auto_generated|_~116            ; out0             ;
; |Lab5block|sseg2:inst2|lpm_mux:Mux4|mux_joc:auto_generated|_~121            ; |Lab5block|sseg2:inst2|lpm_mux:Mux4|mux_joc:auto_generated|_~121            ; out0             ;
; |Lab5block|sseg2:inst2|lpm_mux:Mux4|mux_joc:auto_generated|_~123            ; |Lab5block|sseg2:inst2|lpm_mux:Mux4|mux_joc:auto_generated|_~123            ; out0             ;
; |Lab5block|sseg2:inst2|lpm_mux:Mux4|mux_joc:auto_generated|_~125            ; |Lab5block|sseg2:inst2|lpm_mux:Mux4|mux_joc:auto_generated|_~125            ; out0             ;
; |Lab5block|sseg2:inst2|lpm_mux:Mux4|mux_joc:auto_generated|_~130            ; |Lab5block|sseg2:inst2|lpm_mux:Mux4|mux_joc:auto_generated|_~130            ; out0             ;
; |Lab5block|sseg2:inst2|lpm_mux:Mux4|mux_joc:auto_generated|_~132            ; |Lab5block|sseg2:inst2|lpm_mux:Mux4|mux_joc:auto_generated|_~132            ; out0             ;
; |Lab5block|sseg2:inst2|lpm_mux:Mux4|mux_joc:auto_generated|_~134            ; |Lab5block|sseg2:inst2|lpm_mux:Mux4|mux_joc:auto_generated|_~134            ; out0             ;
; |Lab5block|sseg2:inst2|lpm_mux:Mux4|mux_joc:auto_generated|_~139            ; |Lab5block|sseg2:inst2|lpm_mux:Mux4|mux_joc:auto_generated|_~139            ; out0             ;
; |Lab5block|sseg2:inst2|lpm_mux:Mux3|mux_joc:auto_generated|_~0              ; |Lab5block|sseg2:inst2|lpm_mux:Mux3|mux_joc:auto_generated|_~0              ; out0             ;
; |Lab5block|sseg2:inst2|lpm_mux:Mux3|mux_joc:auto_generated|_~9              ; |Lab5block|sseg2:inst2|lpm_mux:Mux3|mux_joc:auto_generated|_~9              ; out0             ;
; |Lab5block|sseg2:inst2|lpm_mux:Mux3|mux_joc:auto_generated|_~18             ; |Lab5block|sseg2:inst2|lpm_mux:Mux3|mux_joc:auto_generated|_~18             ; out0             ;
; |Lab5block|sseg2:inst2|lpm_mux:Mux3|mux_joc:auto_generated|_~24             ; |Lab5block|sseg2:inst2|lpm_mux:Mux3|mux_joc:auto_generated|_~24             ; out0             ;
; |Lab5block|sseg2:inst2|lpm_mux:Mux3|mux_joc:auto_generated|_~26             ; |Lab5block|sseg2:inst2|lpm_mux:Mux3|mux_joc:auto_generated|_~26             ; out0             ;
; |Lab5block|sseg2:inst2|lpm_mux:Mux3|mux_joc:auto_generated|_~33             ; |Lab5block|sseg2:inst2|lpm_mux:Mux3|mux_joc:auto_generated|_~33             ; out0             ;
; |Lab5block|sseg2:inst2|lpm_mux:Mux3|mux_joc:auto_generated|_~35             ; |Lab5block|sseg2:inst2|lpm_mux:Mux3|mux_joc:auto_generated|_~35             ; out0             ;
; |Lab5block|sseg2:inst2|lpm_mux:Mux3|mux_joc:auto_generated|_~41             ; |Lab5block|sseg2:inst2|lpm_mux:Mux3|mux_joc:auto_generated|_~41             ; out0             ;
; |Lab5block|sseg2:inst2|lpm_mux:Mux3|mux_joc:auto_generated|_~47             ; |Lab5block|sseg2:inst2|lpm_mux:Mux3|mux_joc:auto_generated|_~47             ; out0             ;
; |Lab5block|sseg2:inst2|lpm_mux:Mux3|mux_joc:auto_generated|_~49             ; |Lab5block|sseg2:inst2|lpm_mux:Mux3|mux_joc:auto_generated|_~49             ; out0             ;
; |Lab5block|sseg2:inst2|lpm_mux:Mux3|mux_joc:auto_generated|_~51             ; |Lab5block|sseg2:inst2|lpm_mux:Mux3|mux_joc:auto_generated|_~51             ; out0             ;
; |Lab5block|sseg2:inst2|lpm_mux:Mux3|mux_joc:auto_generated|_~52             ; |Lab5block|sseg2:inst2|lpm_mux:Mux3|mux_joc:auto_generated|_~52             ; out0             ;
; |Lab5block|sseg2:inst2|lpm_mux:Mux3|mux_joc:auto_generated|_~56             ; |Lab5block|sseg2:inst2|lpm_mux:Mux3|mux_joc:auto_generated|_~56             ; out0             ;
; |Lab5block|sseg2:inst2|lpm_mux:Mux3|mux_joc:auto_generated|_~58             ; |Lab5block|sseg2:inst2|lpm_mux:Mux3|mux_joc:auto_generated|_~58             ; out0             ;
; |Lab5block|sseg2:inst2|lpm_mux:Mux3|mux_joc:auto_generated|_~60             ; |Lab5block|sseg2:inst2|lpm_mux:Mux3|mux_joc:auto_generated|_~60             ; out0             ;
; |Lab5block|sseg2:inst2|lpm_mux:Mux3|mux_joc:auto_generated|_~61             ; |Lab5block|sseg2:inst2|lpm_mux:Mux3|mux_joc:auto_generated|_~61             ; out0             ;
; |Lab5block|sseg2:inst2|lpm_mux:Mux3|mux_joc:auto_generated|_~69             ; |Lab5block|sseg2:inst2|lpm_mux:Mux3|mux_joc:auto_generated|_~69             ; out0             ;
; |Lab5block|sseg2:inst2|lpm_mux:Mux3|mux_joc:auto_generated|_~74             ; |Lab5block|sseg2:inst2|lpm_mux:Mux3|mux_joc:auto_generated|_~74             ; out0             ;
; |Lab5block|sseg2:inst2|lpm_mux:Mux3|mux_joc:auto_generated|_~76             ; |Lab5block|sseg2:inst2|lpm_mux:Mux3|mux_joc:auto_generated|_~76             ; out0             ;
; |Lab5block|sseg2:inst2|lpm_mux:Mux3|mux_joc:auto_generated|_~83             ; |Lab5block|sseg2:inst2|lpm_mux:Mux3|mux_joc:auto_generated|_~83             ; out0             ;
; |Lab5block|sseg2:inst2|lpm_mux:Mux3|mux_joc:auto_generated|_~85             ; |Lab5block|sseg2:inst2|lpm_mux:Mux3|mux_joc:auto_generated|_~85             ; out0             ;
; |Lab5block|sseg2:inst2|lpm_mux:Mux3|mux_joc:auto_generated|_~91             ; |Lab5block|sseg2:inst2|lpm_mux:Mux3|mux_joc:auto_generated|_~91             ; out0             ;
; |Lab5block|sseg2:inst2|lpm_mux:Mux3|mux_joc:auto_generated|_~97             ; |Lab5block|sseg2:inst2|lpm_mux:Mux3|mux_joc:auto_generated|_~97             ; out0             ;
; |Lab5block|sseg2:inst2|lpm_mux:Mux3|mux_joc:auto_generated|_~99             ; |Lab5block|sseg2:inst2|lpm_mux:Mux3|mux_joc:auto_generated|_~99             ; out0             ;
; |Lab5block|sseg2:inst2|lpm_mux:Mux3|mux_joc:auto_generated|_~101            ; |Lab5block|sseg2:inst2|lpm_mux:Mux3|mux_joc:auto_generated|_~101            ; out0             ;
; |Lab5block|sseg2:inst2|lpm_mux:Mux3|mux_joc:auto_generated|_~102            ; |Lab5block|sseg2:inst2|lpm_mux:Mux3|mux_joc:auto_generated|_~102            ; out0             ;
; |Lab5block|sseg2:inst2|lpm_mux:Mux3|mux_joc:auto_generated|_~106            ; |Lab5block|sseg2:inst2|lpm_mux:Mux3|mux_joc:auto_generated|_~106            ; out0             ;
; |Lab5block|sseg2:inst2|lpm_mux:Mux3|mux_joc:auto_generated|_~108            ; |Lab5block|sseg2:inst2|lpm_mux:Mux3|mux_joc:auto_generated|_~108            ; out0             ;
; |Lab5block|sseg2:inst2|lpm_mux:Mux3|mux_joc:auto_generated|_~110            ; |Lab5block|sseg2:inst2|lpm_mux:Mux3|mux_joc:auto_generated|_~110            ; out0             ;
; |Lab5block|sseg2:inst2|lpm_mux:Mux3|mux_joc:auto_generated|_~111            ; |Lab5block|sseg2:inst2|lpm_mux:Mux3|mux_joc:auto_generated|_~111            ; out0             ;
; |Lab5block|sseg2:inst2|lpm_mux:Mux3|mux_joc:auto_generated|_~119            ; |Lab5block|sseg2:inst2|lpm_mux:Mux3|mux_joc:auto_generated|_~119            ; out0             ;
; |Lab5block|sseg2:inst2|lpm_mux:Mux3|mux_joc:auto_generated|_~121            ; |Lab5block|sseg2:inst2|lpm_mux:Mux3|mux_joc:auto_generated|_~121            ; out0             ;
; |Lab5block|sseg2:inst2|lpm_mux:Mux3|mux_joc:auto_generated|_~123            ; |Lab5block|sseg2:inst2|lpm_mux:Mux3|mux_joc:auto_generated|_~123            ; out0             ;
; |Lab5block|sseg2:inst2|lpm_mux:Mux3|mux_joc:auto_generated|_~125            ; |Lab5block|sseg2:inst2|lpm_mux:Mux3|mux_joc:auto_generated|_~125            ; out0             ;
; |Lab5block|sseg2:inst2|lpm_mux:Mux3|mux_joc:auto_generated|_~130            ; |Lab5block|sseg2:inst2|lpm_mux:Mux3|mux_joc:auto_generated|_~130            ; out0             ;
; |Lab5block|sseg2:inst2|lpm_mux:Mux3|mux_joc:auto_generated|_~132            ; |Lab5block|sseg2:inst2|lpm_mux:Mux3|mux_joc:auto_generated|_~132            ; out0             ;
; |Lab5block|sseg2:inst2|lpm_mux:Mux3|mux_joc:auto_generated|_~134            ; |Lab5block|sseg2:inst2|lpm_mux:Mux3|mux_joc:auto_generated|_~134            ; out0             ;
; |Lab5block|sseg2:inst2|lpm_mux:Mux3|mux_joc:auto_generated|_~139            ; |Lab5block|sseg2:inst2|lpm_mux:Mux3|mux_joc:auto_generated|_~139            ; out0             ;
; |Lab5block|sseg2:inst2|lpm_mux:Mux2|mux_joc:auto_generated|_~0              ; |Lab5block|sseg2:inst2|lpm_mux:Mux2|mux_joc:auto_generated|_~0              ; out0             ;
; |Lab5block|sseg2:inst2|lpm_mux:Mux2|mux_joc:auto_generated|_~2              ; |Lab5block|sseg2:inst2|lpm_mux:Mux2|mux_joc:auto_generated|_~2              ; out0             ;
; |Lab5block|sseg2:inst2|lpm_mux:Mux2|mux_joc:auto_generated|_~4              ; |Lab5block|sseg2:inst2|lpm_mux:Mux2|mux_joc:auto_generated|_~4              ; out0             ;
; |Lab5block|sseg2:inst2|lpm_mux:Mux2|mux_joc:auto_generated|_~9              ; |Lab5block|sseg2:inst2|lpm_mux:Mux2|mux_joc:auto_generated|_~9              ; out0             ;
; |Lab5block|sseg2:inst2|lpm_mux:Mux2|mux_joc:auto_generated|_~11             ; |Lab5block|sseg2:inst2|lpm_mux:Mux2|mux_joc:auto_generated|_~11             ; out0             ;
; |Lab5block|sseg2:inst2|lpm_mux:Mux2|mux_joc:auto_generated|_~13             ; |Lab5block|sseg2:inst2|lpm_mux:Mux2|mux_joc:auto_generated|_~13             ; out0             ;
; |Lab5block|sseg2:inst2|lpm_mux:Mux2|mux_joc:auto_generated|_~19             ; |Lab5block|sseg2:inst2|lpm_mux:Mux2|mux_joc:auto_generated|_~19             ; out0             ;
; |Lab5block|sseg2:inst2|lpm_mux:Mux2|mux_joc:auto_generated|_~20             ; |Lab5block|sseg2:inst2|lpm_mux:Mux2|mux_joc:auto_generated|_~20             ; out0             ;
; |Lab5block|sseg2:inst2|lpm_mux:Mux2|mux_joc:auto_generated|_~21             ; |Lab5block|sseg2:inst2|lpm_mux:Mux2|mux_joc:auto_generated|_~21             ; out0             ;
; |Lab5block|sseg2:inst2|lpm_mux:Mux2|mux_joc:auto_generated|_~22             ; |Lab5block|sseg2:inst2|lpm_mux:Mux2|mux_joc:auto_generated|_~22             ; out0             ;
; |Lab5block|sseg2:inst2|lpm_mux:Mux2|mux_joc:auto_generated|_~24             ; |Lab5block|sseg2:inst2|lpm_mux:Mux2|mux_joc:auto_generated|_~24             ; out0             ;
; |Lab5block|sseg2:inst2|lpm_mux:Mux2|mux_joc:auto_generated|_~26             ; |Lab5block|sseg2:inst2|lpm_mux:Mux2|mux_joc:auto_generated|_~26             ; out0             ;
; |Lab5block|sseg2:inst2|lpm_mux:Mux2|mux_joc:auto_generated|_~27             ; |Lab5block|sseg2:inst2|lpm_mux:Mux2|mux_joc:auto_generated|_~27             ; out0             ;
; |Lab5block|sseg2:inst2|lpm_mux:Mux2|mux_joc:auto_generated|_~31             ; |Lab5block|sseg2:inst2|lpm_mux:Mux2|mux_joc:auto_generated|_~31             ; out0             ;
; |Lab5block|sseg2:inst2|lpm_mux:Mux2|mux_joc:auto_generated|_~33             ; |Lab5block|sseg2:inst2|lpm_mux:Mux2|mux_joc:auto_generated|_~33             ; out0             ;
; |Lab5block|sseg2:inst2|lpm_mux:Mux2|mux_joc:auto_generated|_~35             ; |Lab5block|sseg2:inst2|lpm_mux:Mux2|mux_joc:auto_generated|_~35             ; out0             ;
; |Lab5block|sseg2:inst2|lpm_mux:Mux2|mux_joc:auto_generated|_~36             ; |Lab5block|sseg2:inst2|lpm_mux:Mux2|mux_joc:auto_generated|_~36             ; out0             ;
; |Lab5block|sseg2:inst2|lpm_mux:Mux2|mux_joc:auto_generated|_~47             ; |Lab5block|sseg2:inst2|lpm_mux:Mux2|mux_joc:auto_generated|_~47             ; out0             ;
; |Lab5block|sseg2:inst2|lpm_mux:Mux2|mux_joc:auto_generated|_~49             ; |Lab5block|sseg2:inst2|lpm_mux:Mux2|mux_joc:auto_generated|_~49             ; out0             ;
; |Lab5block|sseg2:inst2|lpm_mux:Mux2|mux_joc:auto_generated|_~51             ; |Lab5block|sseg2:inst2|lpm_mux:Mux2|mux_joc:auto_generated|_~51             ; out0             ;
; |Lab5block|sseg2:inst2|lpm_mux:Mux2|mux_joc:auto_generated|_~56             ; |Lab5block|sseg2:inst2|lpm_mux:Mux2|mux_joc:auto_generated|_~56             ; out0             ;
; |Lab5block|sseg2:inst2|lpm_mux:Mux2|mux_joc:auto_generated|_~58             ; |Lab5block|sseg2:inst2|lpm_mux:Mux2|mux_joc:auto_generated|_~58             ; out0             ;
; |Lab5block|sseg2:inst2|lpm_mux:Mux2|mux_joc:auto_generated|_~60             ; |Lab5block|sseg2:inst2|lpm_mux:Mux2|mux_joc:auto_generated|_~60             ; out0             ;
; |Lab5block|sseg2:inst2|lpm_mux:Mux2|mux_joc:auto_generated|_~66             ; |Lab5block|sseg2:inst2|lpm_mux:Mux2|mux_joc:auto_generated|_~66             ; out0             ;
; |Lab5block|sseg2:inst2|lpm_mux:Mux2|mux_joc:auto_generated|_~67             ; |Lab5block|sseg2:inst2|lpm_mux:Mux2|mux_joc:auto_generated|_~67             ; out0             ;
; |Lab5block|sseg2:inst2|lpm_mux:Mux2|mux_joc:auto_generated|_~69             ; |Lab5block|sseg2:inst2|lpm_mux:Mux2|mux_joc:auto_generated|_~69             ; out0             ;
; |Lab5block|sseg2:inst2|lpm_mux:Mux2|mux_joc:auto_generated|result_node[0]~0 ; |Lab5block|sseg2:inst2|lpm_mux:Mux2|mux_joc:auto_generated|result_node[0]~0 ; out0             ;
; |Lab5block|sseg2:inst2|lpm_mux:Mux2|mux_joc:auto_generated|_~72             ; |Lab5block|sseg2:inst2|lpm_mux:Mux2|mux_joc:auto_generated|_~72             ; out0             ;
; |Lab5block|sseg2:inst2|lpm_mux:Mux2|mux_joc:auto_generated|_~74             ; |Lab5block|sseg2:inst2|lpm_mux:Mux2|mux_joc:auto_generated|_~74             ; out0             ;
; |Lab5block|sseg2:inst2|lpm_mux:Mux2|mux_joc:auto_generated|_~76             ; |Lab5block|sseg2:inst2|lpm_mux:Mux2|mux_joc:auto_generated|_~76             ; out0             ;
; |Lab5block|sseg2:inst2|lpm_mux:Mux2|mux_joc:auto_generated|_~77             ; |Lab5block|sseg2:inst2|lpm_mux:Mux2|mux_joc:auto_generated|_~77             ; out0             ;
; |Lab5block|sseg2:inst2|lpm_mux:Mux2|mux_joc:auto_generated|_~81             ; |Lab5block|sseg2:inst2|lpm_mux:Mux2|mux_joc:auto_generated|_~81             ; out0             ;
; |Lab5block|sseg2:inst2|lpm_mux:Mux2|mux_joc:auto_generated|_~83             ; |Lab5block|sseg2:inst2|lpm_mux:Mux2|mux_joc:auto_generated|_~83             ; out0             ;
; |Lab5block|sseg2:inst2|lpm_mux:Mux2|mux_joc:auto_generated|_~85             ; |Lab5block|sseg2:inst2|lpm_mux:Mux2|mux_joc:auto_generated|_~85             ; out0             ;
; |Lab5block|sseg2:inst2|lpm_mux:Mux2|mux_joc:auto_generated|_~86             ; |Lab5block|sseg2:inst2|lpm_mux:Mux2|mux_joc:auto_generated|_~86             ; out0             ;
; |Lab5block|sseg2:inst2|lpm_mux:Mux2|mux_joc:auto_generated|_~97             ; |Lab5block|sseg2:inst2|lpm_mux:Mux2|mux_joc:auto_generated|_~97             ; out0             ;
; |Lab5block|sseg2:inst2|lpm_mux:Mux2|mux_joc:auto_generated|_~99             ; |Lab5block|sseg2:inst2|lpm_mux:Mux2|mux_joc:auto_generated|_~99             ; out0             ;
; |Lab5block|sseg2:inst2|lpm_mux:Mux2|mux_joc:auto_generated|_~101            ; |Lab5block|sseg2:inst2|lpm_mux:Mux2|mux_joc:auto_generated|_~101            ; out0             ;
; |Lab5block|sseg2:inst2|lpm_mux:Mux2|mux_joc:auto_generated|_~106            ; |Lab5block|sseg2:inst2|lpm_mux:Mux2|mux_joc:auto_generated|_~106            ; out0             ;
; |Lab5block|sseg2:inst2|lpm_mux:Mux2|mux_joc:auto_generated|_~108            ; |Lab5block|sseg2:inst2|lpm_mux:Mux2|mux_joc:auto_generated|_~108            ; out0             ;
; |Lab5block|sseg2:inst2|lpm_mux:Mux2|mux_joc:auto_generated|_~110            ; |Lab5block|sseg2:inst2|lpm_mux:Mux2|mux_joc:auto_generated|_~110            ; out0             ;
; |Lab5block|sseg2:inst2|lpm_mux:Mux2|mux_joc:auto_generated|_~116            ; |Lab5block|sseg2:inst2|lpm_mux:Mux2|mux_joc:auto_generated|_~116            ; out0             ;
; |Lab5block|sseg2:inst2|lpm_mux:Mux2|mux_joc:auto_generated|_~117            ; |Lab5block|sseg2:inst2|lpm_mux:Mux2|mux_joc:auto_generated|_~117            ; out0             ;
; |Lab5block|sseg2:inst2|lpm_mux:Mux2|mux_joc:auto_generated|_~119            ; |Lab5block|sseg2:inst2|lpm_mux:Mux2|mux_joc:auto_generated|_~119            ; out0             ;
; |Lab5block|sseg2:inst2|lpm_mux:Mux2|mux_joc:auto_generated|_~121            ; |Lab5block|sseg2:inst2|lpm_mux:Mux2|mux_joc:auto_generated|_~121            ; out0             ;
; |Lab5block|sseg2:inst2|lpm_mux:Mux2|mux_joc:auto_generated|_~126            ; |Lab5block|sseg2:inst2|lpm_mux:Mux2|mux_joc:auto_generated|_~126            ; out0             ;
; |Lab5block|sseg2:inst2|lpm_mux:Mux2|mux_joc:auto_generated|_~130            ; |Lab5block|sseg2:inst2|lpm_mux:Mux2|mux_joc:auto_generated|_~130            ; out0             ;
; |Lab5block|sseg2:inst2|lpm_mux:Mux2|mux_joc:auto_generated|_~135            ; |Lab5block|sseg2:inst2|lpm_mux:Mux2|mux_joc:auto_generated|_~135            ; out0             ;
; |Lab5block|sseg2:inst2|lpm_mux:Mux1|mux_joc:auto_generated|_~2              ; |Lab5block|sseg2:inst2|lpm_mux:Mux1|mux_joc:auto_generated|_~2              ; out0             ;
; |Lab5block|sseg2:inst2|lpm_mux:Mux1|mux_joc:auto_generated|_~4              ; |Lab5block|sseg2:inst2|lpm_mux:Mux1|mux_joc:auto_generated|_~4              ; out0             ;
; |Lab5block|sseg2:inst2|lpm_mux:Mux1|mux_joc:auto_generated|_~5              ; |Lab5block|sseg2:inst2|lpm_mux:Mux1|mux_joc:auto_generated|_~5              ; out0             ;
; |Lab5block|sseg2:inst2|lpm_mux:Mux1|mux_joc:auto_generated|_~11             ; |Lab5block|sseg2:inst2|lpm_mux:Mux1|mux_joc:auto_generated|_~11             ; out0             ;
; |Lab5block|sseg2:inst2|lpm_mux:Mux1|mux_joc:auto_generated|_~13             ; |Lab5block|sseg2:inst2|lpm_mux:Mux1|mux_joc:auto_generated|_~13             ; out0             ;
; |Lab5block|sseg2:inst2|lpm_mux:Mux1|mux_joc:auto_generated|_~14             ; |Lab5block|sseg2:inst2|lpm_mux:Mux1|mux_joc:auto_generated|_~14             ; out0             ;
; |Lab5block|sseg2:inst2|lpm_mux:Mux1|mux_joc:auto_generated|_~22             ; |Lab5block|sseg2:inst2|lpm_mux:Mux1|mux_joc:auto_generated|_~22             ; out0             ;
; |Lab5block|sseg2:inst2|lpm_mux:Mux1|mux_joc:auto_generated|_~24             ; |Lab5block|sseg2:inst2|lpm_mux:Mux1|mux_joc:auto_generated|_~24             ; out0             ;
; |Lab5block|sseg2:inst2|lpm_mux:Mux1|mux_joc:auto_generated|_~26             ; |Lab5block|sseg2:inst2|lpm_mux:Mux1|mux_joc:auto_generated|_~26             ; out0             ;
; |Lab5block|sseg2:inst2|lpm_mux:Mux1|mux_joc:auto_generated|_~31             ; |Lab5block|sseg2:inst2|lpm_mux:Mux1|mux_joc:auto_generated|_~31             ; out0             ;
; |Lab5block|sseg2:inst2|lpm_mux:Mux1|mux_joc:auto_generated|_~33             ; |Lab5block|sseg2:inst2|lpm_mux:Mux1|mux_joc:auto_generated|_~33             ; out0             ;
; |Lab5block|sseg2:inst2|lpm_mux:Mux1|mux_joc:auto_generated|_~35             ; |Lab5block|sseg2:inst2|lpm_mux:Mux1|mux_joc:auto_generated|_~35             ; out0             ;
; |Lab5block|sseg2:inst2|lpm_mux:Mux1|mux_joc:auto_generated|_~41             ; |Lab5block|sseg2:inst2|lpm_mux:Mux1|mux_joc:auto_generated|_~41             ; out0             ;
; |Lab5block|sseg2:inst2|lpm_mux:Mux1|mux_joc:auto_generated|_~42             ; |Lab5block|sseg2:inst2|lpm_mux:Mux1|mux_joc:auto_generated|_~42             ; out0             ;
; |Lab5block|sseg2:inst2|lpm_mux:Mux1|mux_joc:auto_generated|_~44             ; |Lab5block|sseg2:inst2|lpm_mux:Mux1|mux_joc:auto_generated|_~44             ; out0             ;
; |Lab5block|sseg2:inst2|lpm_mux:Mux1|mux_joc:auto_generated|_~46             ; |Lab5block|sseg2:inst2|lpm_mux:Mux1|mux_joc:auto_generated|_~46             ; out0             ;
; |Lab5block|sseg2:inst2|lpm_mux:Mux1|mux_joc:auto_generated|_~47             ; |Lab5block|sseg2:inst2|lpm_mux:Mux1|mux_joc:auto_generated|_~47             ; out0             ;
; |Lab5block|sseg2:inst2|lpm_mux:Mux1|mux_joc:auto_generated|_~49             ; |Lab5block|sseg2:inst2|lpm_mux:Mux1|mux_joc:auto_generated|_~49             ; out0             ;
; |Lab5block|sseg2:inst2|lpm_mux:Mux1|mux_joc:auto_generated|_~51             ; |Lab5block|sseg2:inst2|lpm_mux:Mux1|mux_joc:auto_generated|_~51             ; out0             ;
; |Lab5block|sseg2:inst2|lpm_mux:Mux1|mux_joc:auto_generated|_~56             ; |Lab5block|sseg2:inst2|lpm_mux:Mux1|mux_joc:auto_generated|_~56             ; out0             ;
; |Lab5block|sseg2:inst2|lpm_mux:Mux1|mux_joc:auto_generated|_~58             ; |Lab5block|sseg2:inst2|lpm_mux:Mux1|mux_joc:auto_generated|_~58             ; out0             ;
; |Lab5block|sseg2:inst2|lpm_mux:Mux1|mux_joc:auto_generated|_~60             ; |Lab5block|sseg2:inst2|lpm_mux:Mux1|mux_joc:auto_generated|_~60             ; out0             ;
; |Lab5block|sseg2:inst2|lpm_mux:Mux1|mux_joc:auto_generated|_~65             ; |Lab5block|sseg2:inst2|lpm_mux:Mux1|mux_joc:auto_generated|_~65             ; out0             ;
; |Lab5block|sseg2:inst2|lpm_mux:Mux1|mux_joc:auto_generated|_~69             ; |Lab5block|sseg2:inst2|lpm_mux:Mux1|mux_joc:auto_generated|_~69             ; out0             ;
; |Lab5block|sseg2:inst2|lpm_mux:Mux1|mux_joc:auto_generated|_~70             ; |Lab5block|sseg2:inst2|lpm_mux:Mux1|mux_joc:auto_generated|_~70             ; out0             ;
; |Lab5block|sseg2:inst2|lpm_mux:Mux1|mux_joc:auto_generated|_~71             ; |Lab5block|sseg2:inst2|lpm_mux:Mux1|mux_joc:auto_generated|_~71             ; out0             ;
; |Lab5block|sseg2:inst2|lpm_mux:Mux1|mux_joc:auto_generated|_~72             ; |Lab5block|sseg2:inst2|lpm_mux:Mux1|mux_joc:auto_generated|_~72             ; out0             ;
; |Lab5block|sseg2:inst2|lpm_mux:Mux1|mux_joc:auto_generated|_~74             ; |Lab5block|sseg2:inst2|lpm_mux:Mux1|mux_joc:auto_generated|_~74             ; out0             ;
; |Lab5block|sseg2:inst2|lpm_mux:Mux1|mux_joc:auto_generated|_~76             ; |Lab5block|sseg2:inst2|lpm_mux:Mux1|mux_joc:auto_generated|_~76             ; out0             ;
; |Lab5block|sseg2:inst2|lpm_mux:Mux1|mux_joc:auto_generated|_~81             ; |Lab5block|sseg2:inst2|lpm_mux:Mux1|mux_joc:auto_generated|_~81             ; out0             ;
; |Lab5block|sseg2:inst2|lpm_mux:Mux1|mux_joc:auto_generated|_~83             ; |Lab5block|sseg2:inst2|lpm_mux:Mux1|mux_joc:auto_generated|_~83             ; out0             ;
; |Lab5block|sseg2:inst2|lpm_mux:Mux1|mux_joc:auto_generated|_~85             ; |Lab5block|sseg2:inst2|lpm_mux:Mux1|mux_joc:auto_generated|_~85             ; out0             ;
; |Lab5block|sseg2:inst2|lpm_mux:Mux1|mux_joc:auto_generated|_~91             ; |Lab5block|sseg2:inst2|lpm_mux:Mux1|mux_joc:auto_generated|_~91             ; out0             ;
; |Lab5block|sseg2:inst2|lpm_mux:Mux1|mux_joc:auto_generated|_~92             ; |Lab5block|sseg2:inst2|lpm_mux:Mux1|mux_joc:auto_generated|_~92             ; out0             ;
; |Lab5block|sseg2:inst2|lpm_mux:Mux1|mux_joc:auto_generated|_~94             ; |Lab5block|sseg2:inst2|lpm_mux:Mux1|mux_joc:auto_generated|_~94             ; out0             ;
; |Lab5block|sseg2:inst2|lpm_mux:Mux1|mux_joc:auto_generated|_~96             ; |Lab5block|sseg2:inst2|lpm_mux:Mux1|mux_joc:auto_generated|_~96             ; out0             ;
; |Lab5block|sseg2:inst2|lpm_mux:Mux1|mux_joc:auto_generated|_~97             ; |Lab5block|sseg2:inst2|lpm_mux:Mux1|mux_joc:auto_generated|_~97             ; out0             ;
; |Lab5block|sseg2:inst2|lpm_mux:Mux1|mux_joc:auto_generated|_~99             ; |Lab5block|sseg2:inst2|lpm_mux:Mux1|mux_joc:auto_generated|_~99             ; out0             ;
; |Lab5block|sseg2:inst2|lpm_mux:Mux1|mux_joc:auto_generated|_~101            ; |Lab5block|sseg2:inst2|lpm_mux:Mux1|mux_joc:auto_generated|_~101            ; out0             ;
; |Lab5block|sseg2:inst2|lpm_mux:Mux1|mux_joc:auto_generated|_~106            ; |Lab5block|sseg2:inst2|lpm_mux:Mux1|mux_joc:auto_generated|_~106            ; out0             ;
; |Lab5block|sseg2:inst2|lpm_mux:Mux1|mux_joc:auto_generated|_~108            ; |Lab5block|sseg2:inst2|lpm_mux:Mux1|mux_joc:auto_generated|_~108            ; out0             ;
; |Lab5block|sseg2:inst2|lpm_mux:Mux1|mux_joc:auto_generated|_~110            ; |Lab5block|sseg2:inst2|lpm_mux:Mux1|mux_joc:auto_generated|_~110            ; out0             ;
; |Lab5block|sseg2:inst2|lpm_mux:Mux1|mux_joc:auto_generated|_~115            ; |Lab5block|sseg2:inst2|lpm_mux:Mux1|mux_joc:auto_generated|_~115            ; out0             ;
; |Lab5block|sseg2:inst2|lpm_mux:Mux1|mux_joc:auto_generated|_~119            ; |Lab5block|sseg2:inst2|lpm_mux:Mux1|mux_joc:auto_generated|_~119            ; out0             ;
; |Lab5block|sseg2:inst2|lpm_mux:Mux1|mux_joc:auto_generated|_~120            ; |Lab5block|sseg2:inst2|lpm_mux:Mux1|mux_joc:auto_generated|_~120            ; out0             ;
; |Lab5block|sseg2:inst2|lpm_mux:Mux1|mux_joc:auto_generated|_~121            ; |Lab5block|sseg2:inst2|lpm_mux:Mux1|mux_joc:auto_generated|_~121            ; out0             ;
; |Lab5block|sseg2:inst2|lpm_mux:Mux1|mux_joc:auto_generated|_~126            ; |Lab5block|sseg2:inst2|lpm_mux:Mux1|mux_joc:auto_generated|_~126            ; out0             ;
; |Lab5block|sseg2:inst2|lpm_mux:Mux1|mux_joc:auto_generated|_~130            ; |Lab5block|sseg2:inst2|lpm_mux:Mux1|mux_joc:auto_generated|_~130            ; out0             ;
; |Lab5block|sseg2:inst2|lpm_mux:Mux1|mux_joc:auto_generated|_~135            ; |Lab5block|sseg2:inst2|lpm_mux:Mux1|mux_joc:auto_generated|_~135            ; out0             ;
; |Lab5block|sseg2:inst2|lpm_mux:Mux1|mux_joc:auto_generated|result_node[0]~1 ; |Lab5block|sseg2:inst2|lpm_mux:Mux1|mux_joc:auto_generated|result_node[0]~1 ; out0             ;
; |Lab5block|sseg2:inst2|lpm_mux:Mux0|mux_joc:auto_generated|_~0              ; |Lab5block|sseg2:inst2|lpm_mux:Mux0|mux_joc:auto_generated|_~0              ; out0             ;
; |Lab5block|sseg2:inst2|lpm_mux:Mux0|mux_joc:auto_generated|_~9              ; |Lab5block|sseg2:inst2|lpm_mux:Mux0|mux_joc:auto_generated|_~9              ; out0             ;
; |Lab5block|sseg2:inst2|lpm_mux:Mux0|mux_joc:auto_generated|_~24             ; |Lab5block|sseg2:inst2|lpm_mux:Mux0|mux_joc:auto_generated|_~24             ; out0             ;
; |Lab5block|sseg2:inst2|lpm_mux:Mux0|mux_joc:auto_generated|_~26             ; |Lab5block|sseg2:inst2|lpm_mux:Mux0|mux_joc:auto_generated|_~26             ; out0             ;
; |Lab5block|sseg2:inst2|lpm_mux:Mux0|mux_joc:auto_generated|_~33             ; |Lab5block|sseg2:inst2|lpm_mux:Mux0|mux_joc:auto_generated|_~33             ; out0             ;
; |Lab5block|sseg2:inst2|lpm_mux:Mux0|mux_joc:auto_generated|_~35             ; |Lab5block|sseg2:inst2|lpm_mux:Mux0|mux_joc:auto_generated|_~35             ; out0             ;
; |Lab5block|sseg2:inst2|lpm_mux:Mux0|mux_joc:auto_generated|_~41             ; |Lab5block|sseg2:inst2|lpm_mux:Mux0|mux_joc:auto_generated|_~41             ; out0             ;
; |Lab5block|sseg2:inst2|lpm_mux:Mux0|mux_joc:auto_generated|_~47             ; |Lab5block|sseg2:inst2|lpm_mux:Mux0|mux_joc:auto_generated|_~47             ; out0             ;
; |Lab5block|sseg2:inst2|lpm_mux:Mux0|mux_joc:auto_generated|_~49             ; |Lab5block|sseg2:inst2|lpm_mux:Mux0|mux_joc:auto_generated|_~49             ; out0             ;
; |Lab5block|sseg2:inst2|lpm_mux:Mux0|mux_joc:auto_generated|_~51             ; |Lab5block|sseg2:inst2|lpm_mux:Mux0|mux_joc:auto_generated|_~51             ; out0             ;
; |Lab5block|sseg2:inst2|lpm_mux:Mux0|mux_joc:auto_generated|_~56             ; |Lab5block|sseg2:inst2|lpm_mux:Mux0|mux_joc:auto_generated|_~56             ; out0             ;
; |Lab5block|sseg2:inst2|lpm_mux:Mux0|mux_joc:auto_generated|_~58             ; |Lab5block|sseg2:inst2|lpm_mux:Mux0|mux_joc:auto_generated|_~58             ; out0             ;
; |Lab5block|sseg2:inst2|lpm_mux:Mux0|mux_joc:auto_generated|_~60             ; |Lab5block|sseg2:inst2|lpm_mux:Mux0|mux_joc:auto_generated|_~60             ; out0             ;
; |Lab5block|sseg2:inst2|lpm_mux:Mux0|mux_joc:auto_generated|_~65             ; |Lab5block|sseg2:inst2|lpm_mux:Mux0|mux_joc:auto_generated|_~65             ; out0             ;
; |Lab5block|sseg2:inst2|lpm_mux:Mux0|mux_joc:auto_generated|_~69             ; |Lab5block|sseg2:inst2|lpm_mux:Mux0|mux_joc:auto_generated|_~69             ; out0             ;
; |Lab5block|sseg2:inst2|lpm_mux:Mux0|mux_joc:auto_generated|_~74             ; |Lab5block|sseg2:inst2|lpm_mux:Mux0|mux_joc:auto_generated|_~74             ; out0             ;
; |Lab5block|sseg2:inst2|lpm_mux:Mux0|mux_joc:auto_generated|_~76             ; |Lab5block|sseg2:inst2|lpm_mux:Mux0|mux_joc:auto_generated|_~76             ; out0             ;
; |Lab5block|sseg2:inst2|lpm_mux:Mux0|mux_joc:auto_generated|_~83             ; |Lab5block|sseg2:inst2|lpm_mux:Mux0|mux_joc:auto_generated|_~83             ; out0             ;
; |Lab5block|sseg2:inst2|lpm_mux:Mux0|mux_joc:auto_generated|_~85             ; |Lab5block|sseg2:inst2|lpm_mux:Mux0|mux_joc:auto_generated|_~85             ; out0             ;
; |Lab5block|sseg2:inst2|lpm_mux:Mux0|mux_joc:auto_generated|_~91             ; |Lab5block|sseg2:inst2|lpm_mux:Mux0|mux_joc:auto_generated|_~91             ; out0             ;
; |Lab5block|sseg2:inst2|lpm_mux:Mux0|mux_joc:auto_generated|_~97             ; |Lab5block|sseg2:inst2|lpm_mux:Mux0|mux_joc:auto_generated|_~97             ; out0             ;
; |Lab5block|sseg2:inst2|lpm_mux:Mux0|mux_joc:auto_generated|_~99             ; |Lab5block|sseg2:inst2|lpm_mux:Mux0|mux_joc:auto_generated|_~99             ; out0             ;
; |Lab5block|sseg2:inst2|lpm_mux:Mux0|mux_joc:auto_generated|_~101            ; |Lab5block|sseg2:inst2|lpm_mux:Mux0|mux_joc:auto_generated|_~101            ; out0             ;
; |Lab5block|sseg2:inst2|lpm_mux:Mux0|mux_joc:auto_generated|_~106            ; |Lab5block|sseg2:inst2|lpm_mux:Mux0|mux_joc:auto_generated|_~106            ; out0             ;
; |Lab5block|sseg2:inst2|lpm_mux:Mux0|mux_joc:auto_generated|_~108            ; |Lab5block|sseg2:inst2|lpm_mux:Mux0|mux_joc:auto_generated|_~108            ; out0             ;
; |Lab5block|sseg2:inst2|lpm_mux:Mux0|mux_joc:auto_generated|_~110            ; |Lab5block|sseg2:inst2|lpm_mux:Mux0|mux_joc:auto_generated|_~110            ; out0             ;
; |Lab5block|sseg2:inst2|lpm_mux:Mux0|mux_joc:auto_generated|_~115            ; |Lab5block|sseg2:inst2|lpm_mux:Mux0|mux_joc:auto_generated|_~115            ; out0             ;
; |Lab5block|sseg2:inst2|lpm_mux:Mux0|mux_joc:auto_generated|_~119            ; |Lab5block|sseg2:inst2|lpm_mux:Mux0|mux_joc:auto_generated|_~119            ; out0             ;
; |Lab5block|sseg2:inst2|lpm_mux:Mux0|mux_joc:auto_generated|_~123            ; |Lab5block|sseg2:inst2|lpm_mux:Mux0|mux_joc:auto_generated|_~123            ; out0             ;
; |Lab5block|sseg2:inst2|lpm_mux:Mux0|mux_joc:auto_generated|_~125            ; |Lab5block|sseg2:inst2|lpm_mux:Mux0|mux_joc:auto_generated|_~125            ; out0             ;
; |Lab5block|sseg2:inst2|lpm_mux:Mux0|mux_joc:auto_generated|_~132            ; |Lab5block|sseg2:inst2|lpm_mux:Mux0|mux_joc:auto_generated|_~132            ; out0             ;
; |Lab5block|sseg2:inst2|lpm_mux:Mux0|mux_joc:auto_generated|_~134            ; |Lab5block|sseg2:inst2|lpm_mux:Mux0|mux_joc:auto_generated|_~134            ; out0             ;
; |Lab5block|sseg2:inst2|lpm_mux:Mux0|mux_joc:auto_generated|_~140            ; |Lab5block|sseg2:inst2|lpm_mux:Mux0|mux_joc:auto_generated|_~140            ; out0             ;
+-----------------------------------------------------------------------------+-----------------------------------------------------------------------------+------------------+


+---------------------+
; Simulator INI Usage ;
+--------+------------+
; Option ; Usage      ;
+--------+------------+


+--------------------+
; Simulator Messages ;
+--------------------+
Info: *******************************************************************
Info: Running Quartus II 32-bit Simulator
    Info: Version 13.0.1 Build 232 06/12/2013 Service Pack 1 SJ Full Version
    Info: Processing started: Tue Nov 11 10:18:04 2025
Info: Command: quartus_sim --simulation_results_format=VWF lab5 -c lab5
Info (324025): Using vector source file "/home/student1/t2hsiung/Desktop/coe328/Lab 5/lab5/WaveformForLab5.vwf"
Info (310003): Option to preserve fewer signal transitions to reduce memory requirements is enabled
    Info (310004): Simulation has been partitioned into sub-simulations according to the maximum transition count determined by the engine. Transitions from memory will be flushed out to disk at the end of each sub-simulation to reduce memory requirements.
Info (310002): Simulation partitioned into 1 sub-simulations
Info (328053): Simulation coverage is      69.11 %
Info (328052): Number of transitions in simulation is 7323
Info (324045): Vector file lab5.sim.vwf is saved in VWF text format. You can compress it into CVWF format in order to reduce file size. For more details please refer to the Quartus II Help.
Info: Quartus II 32-bit Simulator was successful. 0 errors, 0 warnings
    Info: Peak virtual memory: 279 megabytes
    Info: Processing ended: Tue Nov 11 10:18:05 2025
    Info: Elapsed time: 00:00:01
    Info: Total CPU time (on all processors): 00:00:00


